id,node_id,temperature,humidity,aqi,latitude,longitude,temporal_score,spatial_score,rate_score,anomaly_score,confidence,anomaly_flag,ml_flag,true_label,timestamp
1,1,29.894603959201916,67.51641657499488,111.61341706967768,13.09847086612494,80.13626194079086,0.0,0.0,0.0,0.0,0.0,0,0,0,2026-04-05 13:11:27
2,2,31.143641491571262,68.05996910001609,104.80796734387631,12.964337493462963,80.10581968663138,0.0,1.2490375323693534,0.0,0.374711259710806,0.124903336892479,0,0,0,2026-04-05 13:11:27
3,3,29.791777812299703,61.273534786669146,104.25583549425068,13.097773155447362,80.24707536019372,0.0,0.7273449130868865,0.0,0.2182034739260659,0.0727342488611924,0,0,0,2026-04-05 13:11:27
4,4,29.627009163452342,66.89519433590252,98.0912973713545,13.010478890491848,80.2790514407914,0.0,0.6496652575719478,0.0,0.1948995772715843,0.0649663092028307,0,0,0,2026-04-05 13:11:27
5,5,33.60592207057507,55.13366535141124,118.99116007285662,12.99138746895214,80.17918407130294,0.0,3.384170532499894,0.0,1.0152511597499685,0.3384159251969054,0,0,1,2026-04-05 13:11:27
6,6,33.644450448366705,61.30567678685646,89.60174461651276,13.08487596052158,80.10429633651248,0.0,2.0963946079172886,0.0,0.6289183823751866,0.2096387619958555,0,0,1,2026-04-05 13:11:27
7,7,35.68275114952537,65.52689101565318,105.25663990407536,12.999726014994131,80.11311341317446,0.0,2.88474647935436,0.0,0.8654239438063079,0.2884736863564814,0,0,1,2026-04-05 13:11:27
8,8,29.027977244572536,61.703879370553125,81.58327937959348,12.949935158758407,80.22116861576465,0.0,2.430880330627024,0.0,0.7292640991881072,0.2430872227719598,0,0,0,2026-04-05 13:11:27
9,9,30.220747812045936,60.99273588115415,108.40673386014656,12.9087482360671,80.19770624844752,0.0,1.8336128351759544,0.0,0.5500838505527863,0.1833606723153543,0,0,0,2026-04-05 13:11:27
10,10,31.768709198410367,63.48571115966934,92.00677390990938,12.909465164245056,80.15899079096127,0.0,1.6379203490137872,0.0,0.4913761047041362,0.1637914889297489,0,0,0,2026-04-05 13:11:27
11,11,28.01949726780555,75.27661979852184,201.84358384060457,13.076929213315346,80.29256332083462,0.0,2.9887390809701544,0.0,0.8966217242910463,0.2988729118539759,0,0,1,2026-04-05 13:11:27
12,12,41.36023384367079,71.02888414965707,165.17441419778015,12.92391915987617,80.21550295829283,0.0,11.021089091994511,0.0,3.306326727598353,1.0,1,0,1,2026-04-05 13:11:27
13,13,30.093311318370688,68.92197901591254,99.35704725019312,12.950987788209884,80.25075303846799,0.0,4.2661862513388655,0.0,1.2798558754016596,0.4266172030765429,0,0,0,2026-04-05 13:11:27
14,14,29.70842268101366,72.3227452851129,81.08467990830479,13.09455913364464,80.2191680386147,0.0,0.6528206075608018,0.0,0.1958461822682405,0.0652818431499363,0,0,0,2026-04-05 13:11:27
15,15,31.865664521884053,79.07192176706165,83.73861624855833,12.999450391709688,80.22431258349924,0.0,2.1167660098386327,0.0,0.6350298029515898,0.2116758953975452,0,0,0,2026-04-05 13:11:27
16,16,28.59714207840784,67.17178273588222,99.28273522074971,12.914657929426523,80.13858914449412,0.0,2.4472240889346843,0.0,0.7341672266804052,0.2447215931548245,0,0,0,2026-04-05 13:11:27
17,17,31.760612661085208,79.67215018113234,97.7025707705865,12.983278183240614,80.20320424018985,0.0,1.5609988956004592,0.0,0.4682996686801377,0.1560993692288151,0,0,0,2026-04-05 13:11:27
18,18,30.1385558777082,62.058725315990856,107.73586370133916,13.071278349446022,80.14335565320766,0.0,3.098013920327323,0.0,0.9294041760981968,0.3098003593648678,0,0,0,2026-04-05 13:11:27
19,19,30.158409821723787,64.91491615162583,115.82501937939298,13.017473117184707,80.22619453157766,0.0,1.2802860659310429,0.0,0.3840858197793128,0.1280281798325048,0,0,0,2026-04-05 13:11:27
20,20,28.663298045602083,79.72542460412949,87.35349656889856,12.974492425927098,80.25557281067697,0.0,1.6656863160070092,0.0,0.4997058948021027,0.1665680763737796,0,0,0,2026-04-05 13:11:27
21,1,28.234396084196813,70.64052705273929,106.84903711619552,13.09847086612494,80.13626194079086,0.0,2.9294135848327065,1.6602078750050993,0.9179242919675612,0.3059737440767068,0,0,0,2026-04-05 13:11:32
22,2,31.23520038809688,79.53117091340918,95.55481534317968,12.964337493462963,80.10581968663138,0.0,2.5397059604770065,0.0915588965256155,0.5262529714005244,0.1754170724099334,0,0,0,2026-04-05 13:11:32
23,3,29.41342955073588,63.21110995449852,113.0280588900276,13.097773155447362,80.24707536019372,0.0,0.8113018947320043,0.378348261563822,0.2379300312591653,0.0793097460539015,0,0,0,2026-04-05 13:11:32
24,4,31.63235675569663,66.99737314550077,96.64631660983636,13.010478890491848,80.2790514407914,0.0,1.5587711367516046,2.0053475922442843,0.7128237457991777,0.2376071232426484,0,0,0,2026-04-05 13:11:33
25,5,33.04295486236917,62.21188292197079,92.564137956852,12.99138746895214,80.17918407130294,0.0,1.781392527471489,0.5629672082058974,0.4688719471354773,0.1562901280780655,0,0,1,2026-04-05 13:11:33
26,6,34.61623135817097,51.60419085042595,119.70337664104966,13.08487596052158,80.10429633651248,0.0,3.9753435152637775,0.9717809098042663,0.9894248850136088,0.3298071956472175,0,0,1,2026-04-05 13:11:33
27,7,33.67472627286455,53.03532880650662,95.37095559164874,12.999726014994131,80.11311341317446,0.0,2.202489230139797,2.0080248766608264,0.8421028213601247,0.2807000047866922,0,0,1,2026-04-05 13:11:33
28,8,31.057604692135136,77.48544608108054,96.39573089346396,12.949935158758407,80.22116861576465,0.0,3.9899768314167248,2.0296274475626,1.203920855795865,0.4013056142465741,0,0,0,2026-04-05 13:11:33
29,9,30.14817528856988,60.51051352125819,82.25638062308407,12.9087482360671,80.19770624844752,0.0,4.580673956168887,0.0725725234760581,0.9306492959289892,0.3102153979250033,0,0,0,2026-04-05 13:11:33
30,10,30.3608587703601,64.71221735630232,170.00687461439378,12.909465164245056,80.15899079096127,0.0,4.325258415684392,1.407850428050267,1.1466217687469318,0.3822059822290365,0,0,1,2026-04-05 13:11:33
31,11,31.0456315728509,71.63037438734968,98.41481123362112,13.076929213315346,80.29256332083462,0.0,1.185378698932664,3.0261343050453497,0.8423026007956028,0.2807665977098752,0,0,0,2026-04-05 13:11:33
32,12,46.194820901987214,68.90228020665482,80.6039764320344,12.92391915987617,80.21550295829283,0.0,15.761790468961982,4.834587058316423,4.119275505455681,1.0,1,0,1,2026-04-05 13:11:33
33,13,29.584968768463067,69.53118171816425,89.39579658101277,12.950987788209884,80.25075303846799,0.0,6.3347195933524,0.5083425499076206,1.3686124286520045,0.456202622208594,0,0,0,2026-04-05 13:11:33
34,14,31.36028411985217,68.3318872673872,89.72740152940145,13.09455913364464,80.2191680386147,0.0,1.1544604714153184,1.651861438838516,0.5612643820507669,0.1870875037252432,0,0,0,2026-04-05 13:11:33
35,15,30.598644278064523,70.360849767872,118.86450177744696,12.999450391709688,80.22431258349924,0.0,1.179183023941287,1.2670202438195304,0.4892406535521635,0.163079674251807,0,0,0,2026-04-05 13:11:33
36,16,30.919323429421876,70.79970956346796,113.27564596622976,12.914657929426523,80.13858914449412,0.0,0.5484965861962591,2.3221813510140343,0.5741355874420587,0.1913778912210488,0,0,0,2026-04-05 13:11:33
37,17,28.2199944256666,63.27301549703621,87.15255848388018,12.983278183240614,80.20320424018985,0.0,3.346406851856345,3.5406182354186093,1.3774050174549908,0.4591334753734123,0,0,0,2026-04-05 13:11:33
38,18,31.054351962198545,72.31941339329158,106.4450173327296,13.071278349446022,80.14335565320766,0.0,3.000736528213386,0.9157960844903492,0.7833065225407472,0.2611013038425696,0,0,0,2026-04-05 13:11:33
39,19,30.49041524927742,72.55026582539008,101.37467854165972,13.017473117184707,80.22619453157766,0.0,1.40192235202442,0.3320054275536321,0.3467855559156104,0.1155947999892035,0,0,0,2026-04-05 13:11:33
40,20,30.37968682556226,72.75580394087228,99.84500546886632,12.974492425927098,80.25557281067697,0.0,0.5638644587247773,1.7163887799601767,0.4560506477369908,0.152016375857744,0,0,0,2026-04-05 13:11:33
41,1,28.57437495623093,60.375188528014064,94.46928456230346,13.09847086612494,80.13626194079086,0.0,3.769247523842971,0.3399788720341128,0.8218452791754168,0.2739475132334281,0,0,0,2026-04-05 13:11:38
42,2,28.81679749536421,63.42728107546989,118.4868376798698,12.964337493462963,80.10581968663138,0.0,2.8348386621846338,2.418402892732676,1.050648310983462,0.350214936278033,0,0,0,2026-04-05 13:11:38
43,3,30.842395631157256,76.67798769883333,84.54996308960108,13.097773155447362,80.24707536019372,0.0,0.3577016040894669,1.4289660804213753,0.3573335369021684,0.1191107819314497,0,0,0,2026-04-05 13:11:39
44,4,31.297194841112034,74.48258311516372,115.0524411381511,13.010478890491848,80.2790514407914,0.0,0.8076127234773006,0.3351619145845959,0.2285549276123793,0.07618472192172,0,0,0,2026-04-05 13:11:39
45,5,33.048716461410415,50.97520539225312,84.0068551577185,12.99138746895214,80.17918407130294,0.0,3.279031810407568,0.0057615990412429,0.6569586818897623,0.2189854973449295,0,0,1,2026-04-05 13:11:39
46,6,32.045834535286176,55.44727228562475,117.56493749774172,13.08487596052158,80.10429633651248,0.0,2.0306112965737504,2.5703968228847955,0.9202016238917092,0.3067328521877291,0,0,1,2026-04-05 13:11:39
47,7,43.05670684567912,50.76598358312699,169.71411753707952,12.999726014994131,80.11311341317446,0.0,12.0834182060214,9.381980572814577,4.293079755767195,1.0,1,0,1,2026-04-05 13:11:39
48,8,30.570740942417142,79.91132572342534,106.74030006640744,12.949935158758407,80.22116861576465,0.0,6.320199550091565,0.4868637497179904,1.3614126599619112,0.4538027073116127,0,0,0,2026-04-05 13:11:39
49,9,28.82969687268437,74.05689356835971,112.7359413736435,12.9087482360671,80.19770624844752,0.0,6.879109998903783,1.318478415885508,1.6395176829578584,0.546504072639044,0,0,0,2026-04-05 13:11:39
50,10,31.02694744108872,63.27614677664754,118.23726130269496,12.909465164245056,80.15899079096127,0.0,5.824249346989897,0.6660886707286195,1.298067603543703,0.4326877588887048,0,0,0,2026-04-05 13:11:39
51,11,31.26699794098804,78.18240776269488,101.80205670918994,13.076929213315346,80.29256332083462,0.0,0.182695129606305,0.2213663681371365,0.0808122995486883,0.0269373433917514,0,0,0,2026-04-05 13:11:39
52,12,31.069791260278148,64.67237357754125,95.78406082322978,12.92391915987617,80.21550295829283,0.0,1.4079890657566203,15.125029641709066,3.306603741493137,1.0,1,0,0,2026-04-05 13:11:39
53,13,38.40548244970336,55.0684169354375,127.83157161615026,12.950987788209884,80.25075303846799,0.0,7.732076106950846,8.820513681240296,3.310517957638228,1.0,1,0,1,2026-04-05 13:11:39
54,14,28.788236606361195,69.10280225843061,98.28219138135316,13.09455913364464,80.2191680386147,0.0,2.078366334113042,2.572047513490979,0.9300827695208044,0.3100265564184133,0,0,0,2026-04-05 13:11:39
55,15,30.79516941679601,63.95619493634184,96.17282392463096,12.999450391709688,80.22431258349924,0.0,1.0984705832939217,0.1965251387314914,0.2589991444050826,0.0863327603591596,0,0,0,2026-04-05 13:11:39
56,16,28.304702497401557,74.00884472815137,118.90382877967252,12.914657929426523,80.13858914449412,0.0,1.2531114389775446,2.614620932020319,0.7735464741995728,0.2578479652399734,0,0,0,2026-04-05 13:11:39
57,17,31.76718921749148,65.07631666770057,108.99405216424472,12.983278183240614,80.20320424018985,0.0,1.149998439896244,3.5471947918248787,0.9394386463442246,0.3131451716308361,0,0,0,2026-04-05 13:11:39
58,18,29.24311170162069,65.04259411135129,111.40255520210448,13.071278349446022,80.14335565320766,0.0,5.76168490770456,1.811240260577854,1.514585033656483,0.5048599950188443,0,0,0,2026-04-05 13:11:40
59,19,31.7965819587433,71.1528119822778,85.92953900647645,13.017473117184707,80.22619453157766,0.0,0.8159001387933825,1.3061667094658809,0.4244133696518527,0.1414706516484454,0,0,0,2026-04-05 13:11:40
60,20,30.95962596172154,63.25725456292776,85.48571578661486,12.974492425927098,80.25557281067697,0.0,2.6663993507372474,0.579939136159279,0.6492676973793052,0.2164218443869537,0,0,0,2026-04-05 13:11:40
61,1,29.41612138627366,68.50933369106825,99.5133869024405,13.09847086612494,80.13626194079086,0.0,1.143535871192649,0.8417464300427326,0.3970564602470764,0.132351712243318,0,0,0,2026-04-05 13:11:45
62,2,29.24723255633932,60.42418225449698,108.02486941334756,12.964337493462963,80.10581968663138,0.0,5.510573077675656,0.4304350609751139,1.188201627730154,0.3960658890237546,0,0,0,2026-04-05 13:11:45
63,3,31.205264213885087,64.92314107685719,91.95153192647707,13.097773155447362,80.24707536019372,0.0,1.0233596931616848,0.362868582727831,0.2772456551779032,0.0924149103429332,0,0,0,2026-04-05 13:11:45
64,4,31.788252922788026,74.89860950223752,98.43505465046668,13.010478890491848,80.2790514407914,0.0,0.6100131676712574,0.4910580816759911,0.2202142498694497,0.0734045052747989,0,0,0,2026-04-05 13:11:45
65,5,33.48509551691468,57.063679532118016,92.6853573654246,12.99138746895214,80.17918407130294,0.0,2.032115319237745,0.4363790555042612,0.4936988749484013,0.1645657430969901,0,0,1,2026-04-05 13:11:45
66,6,41.11763378549399,51.96957743642648,138.95078573698964,13.08487596052158,80.10429633651248,0.0,8.505035847759588,9.071799250207818,3.5153670195934814,1.0,1,0,1,2026-04-05 13:11:45
67,7,33.32037205686168,67.42748572824853,97.47055213756914,12.999726014994131,80.11311341317446,0.0,2.771707771938781,9.736334788817445,2.501608512151245,0.8338667244946667,0,0,1,2026-04-05 13:11:45
68,8,30.070345420651854,63.84462594025936,115.17689740449214,12.949935158758407,80.22116861576465,0.0,3.6771422218391385,0.500395521765288,0.8355075487208854,0.2785015879016688,0,0,0,2026-04-05 13:11:45
69,9,31.457152768893696,61.56063160715935,87.7460361089451,12.9087482360671,80.19770624844752,0.0,0.7347913948874544,2.627455896209326,0.6724494582193563,0.2241490722428779,0,0,0,2026-04-05 13:11:45
70,10,31.2756714580514,63.30773069806478,204.7177876020424,12.909465164245056,80.15899079096127,0.0,1.1194434897551322,0.2487240169626829,0.273633501343563,0.0912108630783107,0,0,1,2026-04-05 13:11:45
71,11,31.79056403748768,73.46905902220178,187.26103128668333,13.076929213315346,80.29256332083462,0.0,1.1966461231429075,0.5235660964996391,0.3440424439285093,0.1146804323747285,0,0,1,2026-04-05 13:11:46
72,12,29.856821552803343,76.67874201424323,83.33328465786741,12.92391915987617,80.21550295829283,0.0,3.45417199361296,1.2129697074748016,0.9334283402175524,0.3111417429333743,0,0,0,2026-04-05 13:11:46
73,13,29.01292519197892,64.44112317055533,87.636399672005,12.950987788209884,80.25075303846799,0.0,1.2826724530799989,9.392557257724448,2.1350459421608896,0.711679608454935,0,0,0,2026-04-05 13:11:46
74,14,28.98595489429424,77.82236650559007,97.76870831493208,13.09455913364464,80.2191680386147,0.0,2.611515175744449,0.1977182879330428,0.5618466927354985,0.1872816066398107,0,0,0,2026-04-05 13:11:46
75,15,39.38257776595467,56.43732367251649,171.41002665047384,12.999450391709688,80.22431258349924,0.0,7.874778719969233,8.587408349158657,3.2924374138255783,1.0,1,0,1,2026-04-05 13:11:46
76,16,28.6163640045962,64.7696106881229,108.52034379314776,12.914657929426523,80.13858914449412,0.0,2.0436549231652728,0.3116615071946462,0.4710632860719838,0.1570205719554214,0,0,0,2026-04-05 13:11:46
77,17,30.46004878780316,73.74479433077404,103.95058484956796,12.983278183240614,80.20320424018985,0.0,4.1124263581381095,1.3071404296883171,1.0839133575652855,0.3613032481776012,0,0,0,2026-04-05 13:11:46
78,18,29.018195308471785,61.60146192677827,92.34870223424676,13.071278349446022,80.14335565320766,0.0,5.599847101071329,0.2249163931489093,1.1649526988440475,0.3883162718937762,0,0,0,2026-04-05 13:11:46
79,19,30.3316667213893,61.303500476388926,99.37636940313897,13.017473117184707,80.22619453157766,0.0,3.269084117103823,1.464915237353999,0.9467998708915644,0.3155989049675049,0,0,0,2026-04-05 13:11:46
80,20,31.12002534445358,66.84834309368667,90.22783676534084,12.974492425927098,80.25557281067697,0.0,3.8064441659258255,0.1603993827320415,0.7933687097315736,0.264455355059341,0,0,0,2026-04-05 13:11:46
81,1,31.45727548268664,60.8734673985748,106.62326536627812,13.09847086612494,80.13626194079086,0.0,4.856919688471538,2.0411540964129813,1.379614756976904,0.4598700527587921,0,0,0,2026-04-05 13:11:51
82,2,30.467479312280258,61.1327404948574,102.46826937260263,12.964337493462963,80.10581968663138,0.0,1.837400066012208,1.2202467559409378,0.6115293643906292,0.2038424419887364,0,0,0,2026-04-05 13:11:51
83,3,28.688851652472323,67.37188714156555,92.22031128040769,13.097773155447362,80.24707536019372,0.0,1.6805435652514156,2.516412561412764,0.8393912253328359,0.2797961424571371,0,0,0,2026-04-05 13:11:52
84,4,28.9004692886766,71.00189194984421,89.55795936497276,13.010478890491848,80.2790514407914,0.0,4.71095398858925,2.8877836341114254,1.519747524540135,0.506580819577313,0,0,0,2026-04-05 13:11:52
85,5,34.07712413388043,59.59630718144184,105.39254187221115,12.99138746895214,80.17918407130294,0.0,4.222662130214214,0.5920286169657558,0.962938149435994,0.3209783132176206,0,0,1,2026-04-05 13:11:52
86,6,36.6468226848486,58.55981722835604,96.05764184054856,13.08487596052158,80.10429633651248,0.0,5.381541735508567,4.470811100645392,1.970470567230792,0.6568213330058206,0,0,1,2026-04-05 13:11:52
87,7,32.506855973711666,64.16605624993991,109.88739395803378,12.999726014994131,80.11311341317446,0.0,2.366101828946686,0.813516083150013,0.6359235824193399,0.2119738208937103,0,0,1,2026-04-05 13:11:52
88,8,28.83023078298715,66.46880171006173,107.29041332094648,12.949935158758407,80.22116861576465,0.0,0.9463677278746564,1.240114637664707,0.4372964731078727,0.145765005152607,0,0,0,2026-04-05 13:11:52
89,9,37.2424194017999,69.21880142004834,142.48298493131898,12.9087482360671,80.19770624844752,0.0,7.2548448038526,5.785266632906204,2.608022287351761,0.8693378646577048,0,0,1,2026-04-05 13:11:52
90,10,28.17889534215336,61.35720222583328,108.21382765856372,12.909465164245056,80.15899079096127,0.0,3.7263063109131216,3.0967761158980416,1.364616485362233,0.4548706455519257,0,0,0,2026-04-05 13:11:52
91,11,28.18318417598515,76.77558669074097,147.79338862453065,13.076929213315346,80.29256332083462,0.0,0.6752411024959031,3.607379861502526,0.856524192799686,0.2855071125761867,0,0,1,2026-04-05 13:11:52
92,12,30.179162358974395,66.96223522787909,102.74826777936212,12.92391915987617,80.21550295829283,0.0,3.1928085952694096,0.3223408061710486,0.7030298802880917,0.2343425122876562,0,0,0,2026-04-05 13:11:52
93,13,31.49757708172226,60.55215132711479,91.99314482168234,12.950987788209884,80.25075303846799,0.0,1.45443758625055,2.4846518897433434,0.7878178951987787,0.2626050897159604,0,0,0,2026-04-05 13:11:52
94,14,41.6961783635316,64.11730159931028,138.1578902472162,13.09455913364464,80.2191680386147,0.0,12.628277513582669,12.710223469237356,5.0677001965640045,1.0,1,0,1,2026-04-05 13:11:53
95,15,31.79955999814421,73.41374197917747,88.14874271203314,12.999450391709688,80.22431258349924,0.0,1.1623130469288645,7.58301776781046,1.749066162947865,0.5830201109155853,0,0,0,2026-04-05 13:11:53
96,16,28.96929477828362,78.47078217752255,100.82704863460202,12.914657929426523,80.13858914449412,0.0,3.520569531214393,0.3529307736874187,0.7747000609803624,0.2582324928851445,0,0,0,2026-04-05 13:11:53
97,17,28.513549648886325,72.11062568454886,115.10777172034211,12.983278183240614,80.20320424018985,0.0,3.05542198945094,1.946499138916835,1.000384225673555,0.3334602970235282,0,0,0,2026-04-05 13:11:53
98,18,30.09397916561596,68.07813515373415,110.86355009397263,13.071278349446022,80.14335565320766,0.0,3.443005548133013,1.0757838571441738,0.9037578810554374,0.301251622846403,0,0,0,2026-04-05 13:11:53
99,19,30.24783147947554,69.9697327070593,116.44046511159848,13.017473117184707,80.22619453157766,0.0,1.3860680714119755,0.0838352419137606,0.2939806626651472,0.0979932275776238,0,0,0,2026-04-05 13:11:53
100,20,30.08393039263241,79.08297364923887,119.53402047118756,12.974492425927098,80.25557281067697,0.0,1.460991968082303,1.0360949518211695,0.4994173839806946,0.1664719064205434,0,0,0,2026-04-05 13:11:53
101,1,39.55907169723565,61.66505160172071,140.66066702728207,13.09847086612494,80.13626194079086,10.043717323517662,4.83814940343423,8.101796214549012,4.59673258830018,1.0,1,0,1,2026-04-05 13:11:58
102,2,30.08444706878142,64.09872563948265,99.10811236062594,12.964337493462963,80.10581968663138,0.0976231799489717,1.8143709740187015,0.3830322434988389,0.4590052794933025,0.1530012498269347,0,0,0,2026-04-05 13:11:58
103,3,30.192646831762552,71.77763697531927,104.86225665068676,13.097773155447362,80.24707536019372,0.2043030596525028,4.52272627841981,1.503795179290229,1.2461649034725086,0.4153869165344477,0,0,0,2026-04-05 13:11:59
104,4,29.95624847691183,79.45347547334525,109.82177644167515,13.010478890491848,80.2790514407914,0.6928081174332945,0.7541921465055559,1.0557791882352312,0.5005558904348164,0.1668514073069144,0,0,0,2026-04-05 13:11:59
105,5,35.89935622701168,50.39880567620473,99.29852804755862,12.99138746895214,80.17918407130294,2.4473936179817315,5.712375851509655,1.822232093131248,1.9964003125245269,0.6654645526263335,0,0,1,2026-04-05 13:11:59
106,6,34.003886377596736,64.50645227075161,92.6710015145276,13.08487596052158,80.10429633651248,1.6103081848365548,3.654040978501589,2.642936307251865,1.5814570941180022,0.5271506075373089,0,0,1,2026-04-05 13:11:59
107,7,36.98961827734981,55.11797318199341,101.38322906418198,12.999726014994131,80.11311341317446,1.341335817621335,4.9636907902134615,4.482762303638147,2.157557782294589,0.7191835301530958,0,0,1,2026-04-05 13:11:59
108,8,29.59669666155135,72.38384155219201,100.99401490728238,12.949935158758407,80.22116861576465,0.3146831550014113,1.18883104341966,0.7664658785641976,0.4539960153970538,0.1513315006940156,0,0,0,2026-04-05 13:11:59
109,9,31.939426502113385,74.77479953186476,80.95042065449098,12.9087482360671,80.19770624844752,0.359788073314629,2.6211750478870166,5.302992899686515,1.6567912041776325,0.5522618938528979,0,0,0,2026-04-05 13:11:59
110,10,28.25043679531688,71.33418077599067,113.34547572103077,12.909465164245056,80.15899079096127,2.271779646695915,2.11219108447359,0.0715414531635154,0.8911024368666042,0.297033155511683,0,0,0,2026-04-05 13:11:59
111,11,30.8725743683445,74.45959870087387,85.71600361522222,13.076929213315346,80.29256332083462,0.8113993693210411,4.1399524744005705,2.689390192359351,1.5281484072161926,0.5093811044683826,0,0,0,2026-04-05 13:11:59
112,12,31.543512968066462,78.47987420712145,94.1745494595336,12.92391915987617,80.21550295829283,4.188653015476309,0.7962219089687466,1.3643506090920674,1.2698451067074246,0.4232802913015038,0,0,0,2026-04-05 13:12:00
113,13,28.7520950002186,65.10406153184773,83.96415418736305,12.950987788209884,80.25075303846799,2.9667579618290603,1.6559516738648117,2.745482081503664,1.473638343439507,0.4912111437760231,0,0,0,2026-04-05 13:12:00
114,14,28.8579977126522,62.95630106407502,105.90531019184152,13.09455913364464,80.2191680386147,3.249817620358371,1.5796865138753315,12.838180650879394,3.53353695702262,1.0,1,0,0,2026-04-05 13:12:00
115,15,28.742766699677063,69.6325347341163,102.33063075204618,12.999450391709688,80.22431258349924,4.145556496491629,1.0251485078481877,3.0567932984671486,1.6454996605613932,0.548498058526936,0,0,0,2026-04-05 13:12:00
116,16,28.007123728101742,79.22710552729802,103.8083013692532,12.914657929426523,80.13858914449412,1.074241629520472,2.0843130606354805,0.9621710501818724,0.824145148067565,0.2747141336420762,0,0,0,2026-04-05 13:12:00
117,17,30.9015699986268,65.63668545207518,117.8942423384204,12.983278183240614,80.20320424018985,0.7572910504402444,2.820487621470022,2.388020349740472,1.193159804330148,0.3977186090480191,0,0,0,2026-04-05 13:12:00
118,18,28.017940625899588,64.52800740971473,109.83369449617172,13.071278349446022,80.14335565320766,1.8916981772234465,8.832918158161146,2.076038539716368,2.560130975020192,0.8533741470929069,0,0,0,2026-04-05 13:12:00
119,19,31.47658642475264,78.37287626873953,96.59233206390148,13.017473117184707,80.22619453157766,0.8716053786307718,1.567164061107216,1.2287549452770996,0.7335048770030175,0.2445008106649702,0,0,0,2026-04-05 13:12:00
120,20,31.04074739624117,63.19768203436863,107.55307780224553,12.974492425927098,80.25557281067697,0.799434082246794,2.0102279424255003,0.9568170036087588,0.7532958056562107,0.2510977648928539,0,0,0,2026-04-05 13:12:01
121,1,92.151470235874,76.7470618830978,80.34249737244066,13.09847086612494,80.13626194079086,60.962162974903066,61.85819533049116,52.59239853863835,35.08255136880652,1.0,1,0,1,2026-04-05 13:12:06
122,2,29.049747933760223,76.26810145345476,83.64391223683364,12.964337493462963,80.10581968663138,1.1160517849786622,3.2606018958971377,1.0346991350211958,1.0822705631793992,0.3607556518742935,0,0,0,2026-04-05 13:12:06
123,3,30.44738514912102,68.5621848883049,109.31336934410568,13.097773155447362,80.24707536019372,0.4249908670688853,1.014592643774641,0.2547383173584663,0.3388643656403985,0.1129544120320927,0,0,0,2026-04-05 13:12:06
124,4,31.561473309071857,66.79869225209823,115.62882943439854,13.010478890491848,80.2790514407914,1.0278847342989472,1.1414398021815668,1.605224832160026,0.754909873728108,0.2516357857900834,0,0,0,2026-04-05 13:12:06
125,5,36.29368614063885,54.46194967573645,90.04749106346289,12.99138746895214,80.17918407130294,2.433824595278608,5.920045099620015,0.3943299136271676,1.749639921705158,0.5832113631971754,0,0,1,2026-04-05 13:12:06
126,6,36.242411512826685,57.50206506425171,109.73375465447307,13.08487596052158,80.10429633651248,0.8966016478661487,21.626912124832515,2.238525135229949,4.952407781585722,1.0,1,0,1,2026-04-05 13:12:06
127,7,59.45534607960978,61.64036713226018,92.52411575158531,12.999726014994131,80.11311341317446,23.583507650277756,28.334887846176898,22.46572780225997,14.876824659742924,1.0,1,0,1,2026-04-05 13:12:07
128,8,29.252604663023856,66.44873244772843,99.91051892351668,12.949935158758407,80.22116861576465,0.606327961028672,1.480127767816936,0.3440919985274924,0.4861095454746201,0.1620359750382899,0,0,0,2026-04-05 13:12:07
129,9,31.79844782075585,60.27443546267272,116.31783910655736,12.9087482360671,80.19770624844752,0.1588447130713177,2.116263011953452,0.1409786813575344,0.4832172812764608,0.161071890185853,0,0,0,2026-04-05 13:12:07
130,10,30.65944762962294,72.59745400989226,118.8907817011555,12.909465164245056,80.15899079096127,0.515861128726133,1.5584631436992094,2.4090108343060628,0.8966670213462811,0.2988880108220576,0,0,0,2026-04-05 13:12:07
131,11,39.14617821862415,65.90390409265439,160.07341503722017,13.076929213315346,80.29256332083462,8.949769991380514,8.857226161675792,8.273603850279649,5.216120000667191,1.0,1,0,1,2026-04-05 13:12:07
132,12,31.900567196986938,76.13081781513453,118.00775450372672,12.92391915987617,80.21550295829283,3.1334899506431206,1.966184702320837,0.3570542289204752,1.0913457763768866,0.363780712856586,0,0,0,2026-04-05 13:12:07
133,13,28.18085369722848,61.65134182725514,117.15730187570932,12.950987788209884,80.25075303846799,3.0435396045143293,2.550452721522172,0.5712413029901136,1.2330467258053228,0.4110142052210901,0,0,0,2026-04-05 13:12:07
134,14,29.68311917604393,65.4541134605171,119.20284905507631,13.09455913364464,80.2191680386147,1.88305988690691,4.006930754788672,0.8251214633917314,1.3430224210174628,0.4476726480969939,0,0,0,2026-04-05 13:12:08
135,15,31.180880433445967,65.79324094698524,98.99354916277946,12.999450391709688,80.22431258349924,1.0165166799741208,0.2383831544435466,2.4381137337689047,0.7386027136373146,0.2462000838788252,0,0,0,2026-04-05 13:12:08
136,16,81.43728297816014,69.00641877419524,115.26492912488382,12.914657929426523,80.13858914449412,52.534957892124666,50.93473518344714,53.4301592500584,31.379970465126043,1.0,1,0,1,2026-04-05 13:12:08
137,17,35.907701680929485,59.48827815995704,140.55564892642673,12.983278183240614,80.20320424018985,5.637207557669552,3.922634241699503,5.006131682302687,2.913194696334348,0.9710616619059096,0,0,1,2026-04-05 13:12:08
138,18,29.540189058055724,67.70890832643349,80.49412807519944,13.071278349446022,80.14335565320766,0.0541667155300693,33.07622021804776,1.522248432156136,6.930527073146793,1.0,1,0,0,2026-04-05 13:12:08
139,19,29.510985633122274,60.60644632601544,89.1990819514556,13.017473117184707,80.22619453157766,1.2392629761047225,3.1987908704165995,1.965600791630365,1.2807309276303376,0.4269088861804919,0,0,0,2026-04-05 13:12:08
140,20,31.46609264416098,79.91883738666733,106.22060044600202,12.974492425927098,80.25557281067697,1.0915403164588042,1.927979712928212,0.425345247919811,0.6889730554613654,0.229656919630723,0,0,0,2026-04-05 13:12:08
141,1,29.51831353210801,75.92264086938854,100.8722533530806,13.09847086612494,80.13626194079086,10.37987415384908,2.303593050200769,62.63315670376599,15.063324781563168,1.0,1,0,0,2026-04-05 13:12:14
142,2,31.381076276903347,72.07788354935862,88.93104311327687,12.964337493462963,80.10581968663138,1.374712527447123,26.28403505041455,2.331328343143124,5.998015184200959,1.0,1,0,0,2026-04-05 13:12:14
143,3,31.185935597801222,75.4519026363602,95.03004379834056,13.097773155447362,80.24707536019372,1.1028283347392502,3.7126696690863903,0.7385504486802077,1.1108096905011695,0.3702686626048478,0,0,0,2026-04-05 13:12:14
144,4,30.72449726685823,63.019053856830936,89.71569284094579,13.010478890491848,80.2790514407914,0.0440680157568955,0.8038300592088147,0.8369760422136281,0.3369748234358677,0.1123245667300668,0,0,0,2026-04-05 13:12:14
145,5,33.26581554405674,60.246828930426986,102.81898671780486,12.99138746895214,80.17918407130294,0.9417352292004396,2.8272170528059952,3.0278705965821047,1.359364575717708,0.4531200148391865,0,0,1,2026-04-05 13:12:14
146,6,34.26864884983149,60.43983868345492,119.7867660600388,13.08487596052158,80.10429633651248,1.2052469648242052,11.555164113092514,1.973762662995192,2.9468347481823827,0.9822749751442104,0,0,1,2026-04-05 13:12:14
147,7,32.067667413024175,67.00090606034013,93.89595589232628,12.999726014994131,80.11311341317446,7.173243537776109,1.4707392073739491,27.387678666585607,7.206332282347134,1.0,1,0,1,2026-04-05 13:12:15
148,8,30.602242956350324,69.72485590928603,91.54967813897386,12.949935158758407,80.22116861576465,0.8299286124447498,3.008390741445872,1.3496382933264677,1.037591529443418,0.3458626902721717,0,0,0,2026-04-05 13:12:15
149,9,28.31773101299277,78.86924709914862,84.7548600064621,12.9087482360671,80.19770624844752,3.3445641965590944,2.7363549146606303,3.480716807763081,1.912327183796561,0.6374402697979543,0,0,0,2026-04-05 13:12:15
150,10,31.003726456939468,61.394680071951896,115.25671222286972,12.909465164245056,80.15899079096127,0.786445509081787,18.005464235071614,0.3442788273165291,3.8272377142939855,1.0,1,0,0,2026-04-05 13:12:15
151,11,30.06700716207446,71.25752905133092,158.6643013498158,13.076929213315346,80.29256332083462,1.4079396353663896,0.7201021755136878,9.07917105654969,2.241442573485953,0.7471450340118712,0,0,1,2026-04-05 13:12:15
152,12,29.530367716985594,70.28561887970218,113.267312236979,12.92391915987617,80.21550295829283,5.056048009124019,1.2113419877048888,2.370199480001343,1.7275178953660504,0.5758373789974202,0,0,0,2026-04-05 13:12:15
153,13,30.348490139048668,77.50646831837103,97.01903173291012,12.950987788209884,80.25075303846799,0.4411117906206705,0.7298259148256806,2.1676364418201857,0.6677148294533074,0.222570867914876,0,0,0,2026-04-05 13:12:16
154,14,31.8020741568586,70.29614524429223,90.3987422766391,13.09455913364464,80.2191680386147,0.5049036491801715,1.5474313591926112,2.1189549808146677,0.83425799783749,0.2780850723289222,0,0,0,2026-04-05 13:12:16
155,15,28.456847156644187,69.97755431775082,104.89058649762518,12.999450391709688,80.22431258349924,3.59533328820816,3.8380794960933926,2.72403327680178,2.0314892122206665,0.6771608135375103,0,0,0,2026-04-05 13:12:16
156,16,31.918070029257898,63.71696757994082,98.8902546539501,12.914657929426523,80.13858914449412,4.489249041366811,1.683892113646036,49.51921294890224,11.138470820783018,1.0,1,0,0,2026-04-05 13:12:16
157,17,28.119944113138036,67.4737389556024,82.8903333644067,12.983278183240614,80.20320424018985,2.955865375503258,2.655024439212385,7.787757567791452,2.679729476501419,0.893240181366535,0,0,0,2026-04-05 13:12:16
158,18,8.441625149162867,61.22441318950484,102.11105048384962,13.071278349446022,80.14335565320766,21.144992522204348,23.509918115825027,21.098563908892856,13.150694909384445,1.0,1,0,1,2026-04-05 13:12:16
159,19,28.092513806829203,75.65454953177232,117.97811267010376,13.017473117184707,80.22619453157766,2.48069723438283,1.255114164485197,1.4184718262930716,1.03085664503222,0.3436177362849523,0,0,0,2026-04-05 13:12:17
160,20,28.0771313165128,70.08793016660383,108.50291668000108,12.974492425927098,80.25557281067697,2.453355342112058,1.7253954341682582,3.388961327648179,1.5135424207856991,0.5045124585537045,0,0,0,2026-04-05 13:12:17
161,1,29.652004396272503,73.87965563739886,113.5673773408299,13.09847086612494,80.13626194079086,8.948699020453446,9.32569782041824,0.1336908641644925,3.681617541007236,1.0,1,0,0,2026-04-05 13:12:22
162,2,30.42735763462248,66.26048787981541,95.73009864659498,12.964337493462963,80.10581968663138,0.2491548192353647,1.235796998451369,0.9537186422808688,0.4877340919935205,0.1625774887395443,0,0,0,2026-04-05 13:12:22
163,3,29.747208945589904,61.329832274810926,89.68805451605142,13.097773155447362,80.24707536019372,0.4737518593144756,1.3431195221713177,1.4387266522113222,0.6511196067394232,0.2170391454493228,0,0,0,2026-04-05 13:12:22
164,4,28.227268447480608,79.40205360862934,86.6586378182998,13.010478890491848,80.2790514407914,2.458669305590337,0.1714901602609302,2.497228819377621,1.0254776570457778,0.341824746266105,0,0,0,2026-04-05 13:12:23
165,5,33.48679649824911,65.77888093098159,108.54589947569428,12.99138746895214,80.17918407130294,0.6030373713580133,5.263694806045305,0.2209809541923704,1.2175426263191378,0.4058461892857483,0,0,1,2026-04-05 13:12:23
166,6,36.03548663819157,71.46679646709357,87.26566012980756,13.08487596052158,80.10429633651248,0.7122466941388979,12.648387652038382,1.7668377883600712,3.0254944269074704,1.0,1,0,1,2026-04-05 13:12:23
167,7,33.61663717058702,65.91726242104858,81.21938663146605,12.999726014994131,80.11311341317446,4.727618337991245,9.498044076575534,1.548969757562844,3.1549264344259247,1.0,1,0,1,2026-04-05 13:12:23
168,8,30.58681704684782,62.88553918847162,103.36510832259536,12.949935158758407,80.22116861576465,0.7107616263866525,1.2538830571237216,0.0154259095025039,0.3960141186025756,0.1320042661866379,0,0,0,2026-04-05 13:12:23
169,9,31.38272052029668,66.01099691451422,90.6022665284881,12.9087482360671,80.19770624844752,0.1384958353147034,1.0090834467057188,3.0649895073039097,0.8425137578648665,0.2808369831650116,0,0,0,2026-04-05 13:12:24
170,10,31.685468577079277,74.1160081074441,86.32758411034473,12.909465164245056,80.15899079096127,1.3698819405863745,0.8968167896849657,0.6817421201398055,0.5896881700822292,0.1965620681538492,0,0,0,2026-04-05 13:12:24
171,11,31.8206001856053,61.62359368511928,84.56197582646158,13.076929213315346,80.29256332083462,0.5216458425852473,1.8950830022955971,1.75359302353084,0.834064373682337,0.2780205311590085,0,0,0,2026-04-05 13:12:24
172,12,28.1430563878583,65.23808768808667,108.74043079257548,12.92391915987617,80.21550295829283,5.811353337110809,2.6296195142060874,1.387311329127293,1.965656836088838,0.655216761307075,0,0,0,2026-04-05 13:12:24
173,13,31.173004302631632,62.6336472173147,86.98501403573074,12.950987788209884,80.25075303846799,0.4385413467898793,2.237336052225325,0.8245141635829647,0.7000783125196337,0.2333586596443457,0,0,0,2026-04-05 13:12:24
174,14,90.30175166473887,70.91322680415136,105.24361411131773,13.09455913364464,80.2191680386147,58.941468200912944,60.414977352064085,58.49967750788029,35.57122461217146,1.0,1,0,1,2026-04-05 13:12:25
175,15,31.831377405173686,79.43286142761826,87.51821050227554,12.999450391709688,80.22431258349924,0.2286136213473568,3.734847659680341,3.3745302485294992,1.4675983059114397,0.4891978046444643,0,0,0,2026-04-05 13:12:25
176,16,28.507654515173243,63.4907602782881,89.23629353086028,12.914657929426523,80.13858914449412,7.338508425280622,2.6575277288262336,3.4104155140846544,2.6812903336383025,0.8937604653445497,0,0,0,2026-04-05 13:12:25
177,17,28.156516769628205,71.23807393350833,112.26631521281324,12.983278183240614,80.20320424018985,2.5498095470751814,3.811813547128669,0.036572656490172,1.2796391501388045,0.4265449615630629,0,0,0,2026-04-05 13:12:25
178,18,31.7749280145284,78.99867214031254,93.96028834924596,13.071278349446022,80.14335565320766,4.831434408436728,2.7417304659925605,23.33330286536553,6.181293547958964,1.0,1,0,0,2026-04-05 13:12:25
179,19,31.73677189650923,76.67743798545209,108.53735879541658,13.017473117184707,80.22619453157766,1.4736480095950455,2.4448337385139696,3.644258089680026,1.5125479675578082,0.5041809752493519,0,0,0,2026-04-05 13:12:26
180,20,28.18923674632265,60.31826378600457,107.1611611049198,12.974492425927098,80.25557281067697,2.034580494538208,3.007829505228397,0.1121054298098478,1.0309030859152906,0.3436332165277084,0,0,0,2026-04-05 13:12:26
181,1,30.50521049888458,64.24624408225365,82.35376985831824,13.09847086612494,80.13626194079086,7.101193026679873,22.198844940268373,0.8532061026120772,6.030648813912064,1.0,1,0,0,2026-04-05 13:12:31
182,2,31.46805743199431,65.302062534814,109.86015338288672,12.964337493462963,80.10581968663138,1.2621707478032675,1.7754646001662462,1.0406997973718326,0.8156670290682693,0.2718881033957451,0,0,0,2026-04-05 13:12:31
183,3,28.897188541573456,77.72091319812021,88.1233445328746,13.097773155447362,80.24707536019372,1.2711331678515414,22.389186040711014,0.8500204040164476,4.902067922515801,1.0,1,0,0,2026-04-05 13:12:32
184,4,30.335156154914912,73.85766327348814,89.5563589492358,13.010478890491848,80.2790514407914,0.0775961197571035,1.6812521334817845,2.1078877074343048,0.7733471921346387,0.2577815381064192,0,0,0,2026-04-05 13:12:32
185,5,33.97208131014639,58.54413615737026,119.95431560703972,12.99138746895214,80.17918407130294,0.0507484070876174,3.397192619709353,0.4852848118972801,0.7866451677388502,0.2622141818656772,0,0,1,2026-04-05 13:12:32
186,6,32.24702572052691,71.23187687286168,118.1319270046574,13.08487596052158,80.10429633651248,3.1553527450967422,1.194508125900318,3.78846091766465,1.6276643577323422,0.5425529774008561,0,0,1,2026-04-05 13:12:32
187,7,37.36939598858966,70.50663713068066,102.05933512664626,12.999726014994131,80.11311341317446,0.4495685935451377,4.964373736366625,3.75275881800264,1.8333402295828805,0.6111113728230507,0,0,1,2026-04-05 13:12:32
188,8,30.719907987731787,71.51205576843671,82.22229045986812,12.949935158758407,80.22116861576465,0.7648790532276593,1.8644463776256377,0.1330909408839673,0.5524832743474529,0.1841604775808923,0,0,0,2026-04-05 13:12:33
189,9,31.80994588226276,64.89980176027237,83.41142225373464,12.9087482360671,80.19770624844752,0.5503327711347055,1.6271348980396354,0.4272253619660766,0.5209386062280835,0.1736456232572836,0,0,0,2026-04-05 13:12:33
190,10,30.7555857808402,60.4419954445938,88.40290590627426,12.909465164245056,80.15899079096127,0.2877900398377022,1.9716069200238024,0.9298827962390774,0.6378559512201165,0.2126179416802332,0,0,0,2026-04-05 13:12:33
191,11,29.89530856851781,79.89760136591862,165.1772854328215,13.076929213315346,80.29256332083462,1.4616064236783863,20.61480356985418,1.925291617087492,4.800340322124011,1.0,1,0,1,2026-04-05 13:12:33
192,12,28.65447909941869,65.56284475156681,89.75067164118275,12.92391915987617,80.21550295829283,4.654224699204775,2.5798069581233647,0.5114227115603924,1.5490908737777065,0.5163619033862241,0,0,0,2026-04-05 13:12:34
193,13,30.613416485444983,64.80268631336293,114.0255196330832,12.950987788209884,80.25075303846799,0.1697732867067571,1.4965362091451435,0.559587817186646,0.4451794626077093,0.1483926595603712,0,0,0,2026-04-05 13:12:34
194,14,30.924577663792697,70.84917166862414,92.66349543844352,13.09455913364464,80.2191680386147,6.984757822356912,1.2896174834035534,59.37717400094619,13.530309861341332,1.0,1,0,0,2026-04-05 13:12:34
195,15,29.759252929898604,79.45502014550013,115.63760930949672,12.999450391709688,80.22431258349924,1.868912367410772,1.7167571034856597,2.072124475275082,1.1315587892343029,0.3771850057947483,0,0,0,2026-04-05 13:12:34
196,16,28.59426568834187,77.30195888602245,112.69558700936552,12.914657929426523,80.13858914449412,6.436507427080812,2.7502640100238835,0.0866111731686274,1.8546765220546648,0.6182234466067329,0,0,0,2026-04-05 13:12:34
197,17,29.91709669463941,68.39498346278386,102.24766403350851,12.983278183240614,80.20320424018985,0.5059174501667272,1.671879891113388,1.760579925011207,0.7876754532582645,0.2625576092273907,0,0,0,2026-04-05 13:12:35
198,18,28.84096905931138,79.67506145249011,117.24503486122288,13.071278349446022,80.14335565320766,1.3606494078378546,4.532908343355671,2.933958955217019,1.765503341282109,0.5884991520968627,0,0,0,2026-04-05 13:12:35
199,19,29.04109182237352,68.3677477887699,84.57956603121187,13.017473117184707,80.22619453157766,1.3857707322734465,0.8153403519472823,2.6956800741357085,0.9793582316712874,0.3264516557182434,0,0,0,2026-04-05 13:12:35
200,20,30.70103800223051,76.10782648706126,108.52415441497192,12.974492425927098,80.25557281067697,0.7032852607627902,0.3494255248729025,2.511801255907862,0.712902408308711,0.237633343991757,0,0,0,2026-04-05 13:12:35
201,1,31.55606470293077,65.2875687784914,89.11320273545462,13.09847086612494,80.13626194079086,5.3402195199657,1.3458479001178685,1.050854204046189,1.5473843248259511,0.5157930556317983,0,0,0,2026-04-05 13:12:41
202,2,30.33172307835516,77.30358339916742,90.27517720465733,12.964337493462963,80.10581968663138,0.0003806806162138,3.066331000910941,1.1363343536391497,0.8406092070332609,0.2802021350039703,0,0,0,2026-04-05 13:12:41
203,3,29.997093357009582,66.69603690872594,116.5923675198489,13.097773155447362,80.24707536019372,0.0441150356302557,0.6617568766369833,1.0999048154361262,0.3611553455406731,0.1203847138978446,0,0,0,2026-04-05 13:12:41
204,4,29.174787321730665,62.2918564142924,95.48996302977125,13.010478890491848,80.2790514407914,1.230205340965643,0.7481372626749779,1.1603688331842503,0.6277422873649743,0.2092467316325526,0,0,0,2026-04-05 13:12:41
205,5,36.44595241911453,69.46393348441823,83.87138552078707,12.99138746895214,80.17918407130294,2.428197542589281,6.873471936810688,2.47387110896814,2.355108117673622,0.7850334224464658,0,0,1,2026-04-05 13:12:42
206,6,33.56011964025235,68.56243516777641,85.15479600481312,13.08487596052158,80.10429633651248,1.5267235508616253,3.5108272888666208,1.3130939197254392,1.270128951890737,0.4233749060472255,0,0,1,2026-04-05 13:12:42
207,7,32.598046799895094,72.5674179631572,115.19021275263373,12.999726014994131,80.11311341317446,5.175960922885189,3.290435693781029,4.771349188694565,2.6475491610721567,0.8825134453125678,0,0,1,2026-04-05 13:12:42
208,8,28.03340715473365,66.27660550366824,108.30033230840782,12.949935158758407,80.22116861576465,1.998109685093244,1.694923605100712,2.686500832998135,1.2759068246384182,0.4253008572099487,0,0,0,2026-04-05 13:12:42
209,9,28.278274322840524,66.80409613135302,100.03699513756322,12.9087482360671,80.19770624844752,3.0363720654009967,1.0327944675615714,3.5316715594222323,1.52016761847696,0.5067208504228187,0,0,0,2026-04-05 13:12:43
210,10,30.04487659212458,70.63324227353928,81.59449529605689,12.909465164245056,80.15899079096127,0.4516981528616881,1.535870221924218,0.7107091887156152,0.5396555127003043,0.1798845712848638,0,0,0,2026-04-05 13:12:43
211,11,29.34140131217689,61.54574038710415,81.78332043858124,13.076929213315346,80.29256332083462,1.8693530376514644,0.8018274622982418,0.5539072563409171,0.6450175512581247,0.2150051337355957,0,0,0,2026-04-05 13:12:43
212,12,30.2742723343388,66.17346801380344,119.898803244991,12.92391915987617,80.21550295829283,2.5690089943641965,1.5253357807365358,1.6197932349201023,1.142827602004167,0.380941264197175,0,0,0,2026-04-05 13:12:44
213,13,28.80889589774944,65.12248201070851,109.09362782333348,12.950987788209884,80.25075303846799,1.9573165457316293,1.3776690946954062,1.8045205876955488,1.0279012456245171,0.3426326064328175,0,0,0,2026-04-05 13:12:44
214,14,41.57648213699515,54.28716026279957,142.52113286070937,13.09455913364464,80.2191680386147,4.365622433081235,12.116619973141823,10.651904473202457,5.426829375885104,1.0,1,0,1,2026-04-05 13:12:44
215,15,28.23993484564661,77.21743357910232,108.68069019931453,12.999450391709688,80.22431258349924,3.2013392149216884,1.646473994101206,1.5193180842519958,1.273426258654978,0.4244740046383105,0,0,0,2026-04-05 13:12:44
216,16,29.93645084356747,64.40588158606178,115.5704004737984,12.914657929426523,80.13858914449412,4.450671529147122,0.7206248346905824,1.3421851552256,1.302696303812661,0.4342306538353742,0,0,0,2026-04-05 13:12:45
217,17,31.949726240859203,70.43967178233379,84.9900677937497,12.983278183240614,80.20320424018985,1.5773038410697389,4.040778886531158,2.032629546219791,1.5301424547641376,0.5100457847687633,0,0,0,2026-04-05 13:12:45
218,18,31.38800215878953,65.70951794873137,109.40883872863748,13.071278349446022,80.14335565320766,3.771617566532214,1.1834082222365463,2.5470330994781456,1.5004117776493815,0.5001355920978202,0,0,0,2026-04-05 13:12:45
219,19,31.492423394830794,78.99206547191073,116.1029072411149,13.017473117184707,80.22619453157766,1.2041379134111736,1.5003922626042925,2.451331572457274,1.0311723496945482,0.3437229708216133,0,0,0,2026-04-05 13:12:45
220,20,30.39250267557488,70.54210962340784,111.50708682103657,12.974492425927098,80.25557281067697,0.3244214080308829,2.031756709531649,0.3085353266556296,0.5329426888436324,0.1776469707913081,0,0,0,2026-04-05 13:12:46
221,1,31.16400851348764,70.1492594421295,106.58151969724368,13.09847086612494,80.13626194079086,5.246801207593766,4.344192798524703,0.392056189443128,1.99661003911232,0.6655344612559023,0,0,0,2026-04-05 13:12:51
222,2,29.91737193723822,78.44795128789971,116.84394807539492,12.964337493462963,80.10581968663138,0.4146972144044056,0.9424194746241632,0.414351141116942,0.3542935660291021,0.1180974616848284,0,0,0,2026-04-05 13:12:51
223,3,28.82413892534861,68.70332082588047,111.57359502580351,13.097773155447362,80.24707536019372,1.213059009506669,5.31263002265234,1.172954431660976,1.539728692763997,0.5132411867840431,0,0,0,2026-04-05 13:12:52
224,4,51.86225106704197,66.01812319225006,116.05770099603431,13.010478890491848,80.2790514407914,21.56909525352436,21.82063076169121,22.687463745311305,13.215437952105374,1.0,1,0,1,2026-04-05 13:12:52
225,5,33.31206889361927,65.63957279257717,114.9459326602082,12.99138746895214,80.17918407130294,0.9264312140504672,2.751374066507067,3.133883525495264,1.3623377612105598,0.4541110733666087,0,0,1,2026-04-05 13:12:52
226,6,35.627212701357,51.64543477063409,106.34414369958998,13.08487596052158,80.10429633651248,0.6791625603213518,3.910526877299583,2.06709306110465,1.3313564997451168,0.4437840206349701,0,0,1,2026-04-05 13:12:52
227,7,34.25490562669484,55.89713224699109,109.05809040604112,12.999726014994131,80.11311341317446,3.0485601940049705,2.7157579634791715,1.6568588267997484,1.4842353968567783,0.494743483140649,0,0,1,2026-04-05 13:12:53
228,8,31.30807319950576,67.17586914551968,88.7618861794123,12.949935158758407,80.22116861576465,1.458202694687337,1.3915437360922418,3.274666044772104,1.2248824951103368,0.4082928040607653,0,0,0,2026-04-05 13:12:53
229,9,31.279825882584834,70.30759240238726,107.00271701204052,12.9087482360671,80.19770624844752,0.2412133184706739,0.7562500518757377,3.0015515597443105,0.7998029860181446,0.2666001066723593,0,0,0,2026-04-05 13:12:53
230,10,28.18816150586765,60.33203168248102,194.77838239847443,12.909465164245056,80.15899079096127,2.267349770676645,2.308688180962713,1.8567150862569264,1.286550607579257,0.4288487730305089,0,0,1,2026-04-05 13:12:54
231,11,31.99234581990487,65.72811869876872,119.26556444553368,13.076929213315346,80.29256332083462,0.9515326553175568,10.874082819594548,2.650944507727978,2.895311996528017,0.9651007818400662,0,0,0,2026-04-05 13:12:54
232,12,29.35694670121931,71.09703540422477,88.72883760876782,12.92391915987617,80.21550295829283,3.252788355268752,1.4740188277072808,0.9173256331194856,1.1288265632191037,0.3762742668254785,0,0,0,2026-04-05 13:12:54
233,13,11.874300942888016,63.19537768435686,98.99525710891912,12.950987788209884,80.25075303846799,18.713973632799267,18.4782065825453,16.93459495486142,10.825355034041198,1.0,1,0,1,2026-04-05 13:12:55
234,14,28.11104677357158,77.97289910429014,99.83348312206758,13.09455913364464,80.2191680386147,9.496687696986086,2.6585892731231766,13.465435363423572,5.124142466706568,1.0,1,0,0,2026-04-05 13:12:55
235,15,28.56045523706117,78.19451217168094,84.7504403202585,12.999450391709688,80.22431258349924,2.5897879857869768,2.717762200027123,0.3205203914145613,1.1256141154457324,0.3752034544703959,0,0,0,2026-04-05 13:12:55
236,16,28.40659741889626,70.24436808958635,97.74270850585708,12.914657929426523,80.13858914449412,5.575918451168597,1.5341462983530458,1.5298534246712094,1.7279836348385706,0.5759926249707736,0,0,0,2026-04-05 13:12:56
237,17,30.81400872450654,74.63123757833372,102.92845501537518,12.983278183240614,80.20320424018985,0.2981950664380051,1.748559377185772,1.1357175163526634,0.6364943919952881,0.2121640901181289,0,0,0,2026-04-05 13:12:56
238,18,29.54593752332297,76.81394480584142,99.80348681517242,13.071278349446022,80.14335565320766,1.586678606835452,4.136104757190196,1.84206463546656,1.5129695998984418,0.5043215188944176,0,0,0,2026-04-05 13:12:56
239,19,30.35418766376355,74.0436940848885,100.83512651121012,13.017473117184707,80.22619453157766,0.0435649006934468,0.7639561664189003,1.138235731067244,0.3891513596359183,0.1297166874896811,0,0,0,2026-04-05 13:12:57
240,20,28.275986316926254,78.08114560014735,89.90792342789194,12.974492425927098,80.25557281067697,1.821587805893273,6.572747058917552,2.116516358648628,2.102170244691891,0.7007210791603664,0,0,0,2026-04-05 13:12:57
241,1,39.733476585913806,60.48240637425102,138.71411046125652,13.09847086612494,80.13626194079086,3.7599002987985486,8.63874425316329,8.569468072426165,4.1936225248776005,1.0,1,0,1,2026-04-05 13:13:02
242,2,28.545449521995987,62.51369353678625,84.29128293935324,12.964337493462963,80.10581968663138,1.7520615284462693,2.0685320746423046,1.3719224152422314,1.038503203666161,0.3461665806667848,0,0,0,2026-04-05 13:13:02
243,3,28.155687866585584,64.41655244928258,118.34807881577396,13.097773155447362,80.24707536019372,1.7804218174774675,2.026599614503752,0.6684510587630221,0.8950944981488484,0.2983638381701555,0,0,0,2026-04-05 13:13:03
244,4,31.795976874537697,61.6081813958707,84.47599625064373,13.010478890491848,80.2790514407914,0.294603543440278,2.732433801954039,20.06627419250427,4.618662307579718,1.0,1,0,0,2026-04-05 13:13:03
245,5,31.36624446148232,59.74466120216227,88.85829949797858,12.99138746895214,80.17918407130294,2.7950530450165445,1.4566939197052309,1.945824432136952,1.2395142793717455,0.4131700492237511,0,0,1,2026-04-05 13:13:04
246,6,37.03737648579796,73.75002662673441,116.56703621637652,13.08487596052158,80.10429633651248,2.0327294647355245,4.323336640564651,1.4101637844409538,1.5532459779482262,0.5177469334929637,0,0,1,2026-04-05 13:13:04
247,7,36.01130787848969,59.34761518058242,90.52805918271736,12.999726014994131,80.11311341317446,1.0381112593763715,6.192097376222598,1.756402251794846,1.797322177478763,0.5991053954749361,0,0,1,2026-04-05 13:13:04
248,8,30.720510645557603,73.8808245792105,106.08682252398036,12.949935158758407,80.22116861576465,0.7491232495152396,6.767757241985605,0.5875625539481533,1.6208886090897998,0.5402944020485931,0,0,0,2026-04-05 13:13:05
249,9,31.78567074078155,73.946124118235,106.7900283185073,12.9087482360671,80.19770624844752,0.7269570667948351,2.3637977899000284,0.505844858196717,0.7193199429783161,0.2397725150843884,0,0,0,2026-04-05 13:13:05
250,10,31.398754095498383,63.190289499665454,174.22753490829217,12.909465164245056,80.15899079096127,1.1321886331771331,1.806960238721454,3.2105925896307284,1.2299482923058631,0.4099813974972961,0,0,1,2026-04-05 13:13:05
251,11,28.60609963539325,64.23855618627776,80.32373122367669,13.076929213315346,80.29256332083462,2.5140079171371994,1.378447289924593,3.386246184511624,1.4557402783146831,0.4852451419544212,0,0,0,2026-04-05 13:13:06
252,12,31.756495473689828,63.54479053899765,91.86688984842256,12.92391915987617,80.21550295829283,0.5821738865258403,6.982451542008587,2.399548772470517,1.992834840200989,0.6642760658134436,0,0,0,2026-04-05 13:13:06
253,13,28.24671176317607,69.69000217297116,102.96657979762662,12.950987788209884,80.25075303846799,0.7820650097779378,2.0042857155484923,16.372410820288053,3.831752309122897,1.0,1,0,0,2026-04-05 13:13:06
254,14,31.43135144012122,70.24657186140281,80.01560645733456,13.09455913364464,80.2191680386147,5.384992389020937,2.392693051540425,3.3203046665496387,2.2195980214222004,0.7398635409289304,0,0,0,2026-04-05 13:13:07
255,15,30.709870497689597,63.58727727303155,84.23321019265781,12.999450391709688,80.22431258349924,0.2245570596763038,0.9645684138354428,2.149415260628423,0.667708146828034,0.2225686403805434,0,0,0,2026-04-05 13:13:07
256,16,29.30381860595831,71.85490032358481,97.19619835460966,12.914657929426523,80.13858914449412,4.214037393175833,1.7783855694418793,0.8972211870620477,1.3779288299359518,0.4593080789517207,0,0,0,2026-04-05 13:13:07
257,17,29.800707703260198,66.40752517938822,82.02799919747626,12.983278183240614,80.20320424018985,0.7399555436781711,1.1315008316496435,1.0133010212463454,0.576951479314832,0.1923165187165482,0,0,0,2026-04-05 13:13:08
258,18,31.98820605851247,66.16456716451098,90.98383813081216,13.071278349446022,80.14335565320766,3.8967239247886702,5.605847591554679,2.442268535189505,2.388968010306571,0.796320015702138,0,0,0,2026-04-05 13:13:08
259,19,31.487103334311985,71.59561152561001,90.5340223294574,13.017473117184707,80.22619453157766,1.0929811782461023,1.8915818283533017,1.1329156705484316,0.8234957354295672,0.2744976634843107,0,0,0,2026-04-05 13:13:08
260,20,28.93938847204241,63.68140171542636,110.36455139840513,12.974492425927098,80.25557281067697,1.006386666952686,1.41476030267624,0.6634021551161524,0.6169098249490157,0.2056359228632623,0,0,0,2026-04-05 13:13:09
261,1,28.706767697870102,79.3491402137486,119.8504510611717,13.09847086612494,80.13626194079086,7.556031689152725,4.77887696360711,11.0267088880437,4.672323508160707,1.0,1,0,0,2026-04-05 13:13:14
262,2,29.81626638934188,72.51068417816946,86.28809883911455,12.964337493462963,80.10581968663138,0.3464706973737392,2.7633256595626285,1.2708168673458893,0.8761226448564514,0.2920399081524566,0,0,0,2026-04-05 13:13:15
263,3,28.05702532082724,68.87694270255832,89.57369024094304,13.097773155447362,80.24707536019372,1.742128838814466,2.451159482448246,0.0986625457583478,0.8583901734042121,0.2861291040377239,0,0,0,2026-04-05 13:13:15
264,4,30.667067627016237,70.01495750360797,89.98371178917246,13.010478890491848,80.2790514407914,1.4008509799278777,0.8635059109809783,1.128909247521463,0.6786532276860638,0.2262169885053929,0,0,0,2026-04-05 13:13:15
265,5,31.945877758953497,59.14149087051785,108.97510005539267,12.99138746895214,80.17918407130294,2.0004156671594764,1.2799839138662403,0.5796332974711795,0.7720065756993792,0.2573346674509015,0,0,1,2026-04-05 13:13:16
266,6,35.715930560534474,66.1398648972026,105.0951034080671,13.08487596052158,80.10429633651248,0.5549197344923869,3.677421560880529,1.3214459252634825,1.1107574441272796,0.3702512472049358,0,0,1,2026-04-05 13:13:16
267,7,35.06809963622929,65.69218403622784,97.63543148022428,12.999726014994131,80.11311341317446,1.9014647893770515,3.817982900626677,0.9432082422603968,1.332531186452825,0.4441755815656698,0,0,1,2026-04-05 13:13:16
268,8,28.040979088249205,62.53142247048084,110.79333122445388,12.949935158758407,80.22116861576465,1.9880331731404863,1.8936592251261584,2.679531557308397,1.3122447911150086,0.4374134723267617,0,0,0,2026-04-05 13:13:17
269,9,31.619986784083878,62.69084822390493,94.6140248269557,12.9087482360671,80.19770624844752,0.5053533357283264,1.312249691342038,0.1656839566976771,0.3966573967536083,0.132218691522231,0,0,0,2026-04-05 13:13:17
270,10,30.188480546688016,63.47317060344886,114.93991437614832,12.909465164245056,80.15899079096127,0.1651763489545494,1.2947277017091257,1.2102735488103669,0.5340355198948084,0.1780112465941141,0,0,0,2026-04-05 13:13:18
271,11,28.56517807705433,69.62948663618556,157.28096959291352,13.076929213315346,80.29256332083462,2.361544251080943,1.8254052230852955,0.0409215583389155,0.8455742065010308,0.2818571293099125,0,0,1,2026-04-05 13:13:18
272,12,31.77644372986165,70.06716347834188,103.68966083025433,12.92391915987617,80.21550295829283,0.5174430236981884,2.4738845180252675,0.0199482561718227,0.6022551595790558,0.2007510506895163,0,0,0,2026-04-05 13:13:18
273,13,29.11295603723738,60.075290444806285,96.90889566877058,12.950987788209884,80.25075303846799,0.14433811118937,1.3030107356024736,0.8662442740613123,0.4627186241706312,0.1542390272601195,0,0,0,2026-04-05 13:13:19
274,14,31.933497642672886,69.84147118375958,107.59888108701264,13.09455913364464,80.2191680386147,4.468616002698429,2.5637287319417035,0.5021462025516676,1.50689818743836,0.5022977214870483,0,0,0,2026-04-05 13:13:19
275,15,30.305562235482395,77.02708145152542,96.72070645503022,12.999450391709688,80.22431258349924,0.6115917019084058,1.0175231314972588,0.4043082622071985,0.4066846191225726,0.1355610878372314,0,0,0,2026-04-05 13:13:20
276,16,31.69702144104971,65.84435508182393,119.20226462575496,12.914657929426523,80.13858914449412,1.4966778355324486,1.155443534345121,2.393202835091401,1.009064840993794,0.336353825818512,0,0,0,2026-04-05 13:13:20
277,17,38.881123960567294,73.45799440068872,140.47006796713126,12.983278183240614,80.20320424018985,8.397380370834938,8.783650933005594,9.0804162573071,5.252289512229527,1.0,1,0,1,2026-04-05 13:13:20
278,18,28.474065004175365,71.25324332278372,109.5733274461828,13.071278349446022,80.14335565320766,0.0828348762370474,4.6895342940359255,3.514141054337106,1.657302044922016,0.5524321735334269,0,0,0,2026-04-05 13:13:21
279,19,29.967079562680063,73.77983797579094,105.8562010123284,13.017473117184707,80.22619453157766,0.5111180686355112,3.426739387109072,1.5200237716319158,1.0915762454753,0.3638575356333145,0,0,0,2026-04-05 13:13:21
280,20,28.696249651032147,72.56848613039848,80.85309817737186,12.974492425927098,80.25557281067697,1.1721111289665878,0.8937631778128079,0.2431388210102589,0.4618026255579309,0.1539336954069922,0,0,0,2026-04-05 13:13:22
281,1,29.942531783125787,64.65410367320149,89.77217154119596,13.09847086612494,80.13626194079086,5.780551054671854,3.077610471968736,1.2357640852556813,2.0187851223792546,0.6729261310393148,0,0,0,2026-04-05 13:13:27
282,2,29.287766099489964,71.6018294259772,112.03743959695264,12.964337493462963,80.10581968663138,0.8502230802703856,3.030101108499041,0.5285002898519124,0.881764895724268,0.293920652172582,0,0,0,2026-04-05 13:13:27
283,3,39.95071823447445,58.27998031133298,144.04014908759066,13.097773155447362,80.24707536019372,10.276001849033772,9.795466473672017,11.893692913647207,6.3930322472706,1.0,1,0,1,2026-04-05 13:13:28
284,4,38.54065512248147,57.53695800458385,156.69674839378635,13.010478890491848,80.2790514407914,6.572797299817921,8.884357972749932,7.873587495465234,4.666148553606617,1.0,1,0,1,2026-04-05 13:13:28
285,5,34.86966818235422,54.557348992057925,94.37699712632002,12.99138746895214,80.17918407130294,1.0662615896097805,4.49271678158635,2.923790423400721,1.6965537589193702,0.5655160345863415,0,0,1,2026-04-05 13:13:29
286,6,33.31115321327511,68.66113180328126,101.51316141731805,13.08487596052158,80.10429633651248,1.8894947366592876,3.3208853540677503,2.404777347259362,1.52303148759728,0.507675470280859,0,0,1,2026-04-05 13:13:29
287,7,36.198417942186765,54.88542141190081,110.7558769990925,12.999726014994131,80.11311341317446,0.6353275698926453,5.321251513513583,1.1303183059574735,1.4173794778727404,0.4724582510967431,0,0,1,2026-04-05 13:13:30
288,8,29.947286866241534,75.7690169959557,82.28814301782367,12.949935158758407,80.22116861576465,0.06027697436188,3.865774928983343,1.9063077779923283,1.1664719362675104,0.3888226826802278,0,0,0,2026-04-05 13:13:30
289,9,31.10093269972021,69.93637192302108,80.69996902368982,12.9087482360671,80.19770624844752,0.0497974154730762,0.9138696722174372,0.5190540843636633,0.2965442344108354,0.0988477486444496,0,0,0,2026-04-05 13:13:31
290,10,90.6435952035938,77.0317935961945,93.8914657525246,12.909465164245056,80.15899079096127,60.30173661859084,59.11879591338326,60.45511465690578,35.975129437775976,1.0,1,0,1,2026-04-05 13:13:31
291,11,28.178827608762436,78.85551425848449,203.77536243201504,13.076929213315346,80.29256332083462,2.579212987152776,8.629462724447167,0.3863504682918979,2.3190052359783686,0.7729991686622273,0,0,1,2026-04-05 13:13:31
292,12,28.424925046994115,71.29163646351864,116.94130476172154,12.92391915987617,80.21550295829283,3.8320014905872704,1.62880015407226,3.3515186828675354,1.7624640655054131,0.5874860635482593,0,0,0,2026-04-05 13:13:32
293,13,30.535494484580823,73.87671189962252,115.36643500970874,12.950987788209884,80.25075303846799,1.5565666934478557,1.5126739631582249,1.4225384473434417,0.8983558207899045,0.2994509420934945,0,0,0,2026-04-05 13:13:32
294,14,31.89549828642621,65.0088428071561,108.8543129048818,13.09455913364464,80.2191680386147,4.187428501609499,4.566769783152719,0.0379993562466722,1.7584395282017784,0.5861445555854075,0,0,0,2026-04-05 13:13:33
295,15,28.79755698990624,62.06592924586512,86.1316026617117,12.999450391709688,80.22431258349924,2.0759118259196754,3.7847989607696575,1.5080052455761574,1.4737432064530982,0.4912460979973727,0,0,0,2026-04-05 13:13:33
296,16,31.444060272251352,78.58459288978442,95.07076982952955,12.914657929426523,80.13858914449412,1.6427334446499096,20.566318892211655,0.2529611687983575,4.492402701131985,1.0,1,0,0,2026-04-05 13:13:34
297,17,30.40315405802004,71.37277941086751,114.61270184261848,12.983278183240614,80.20320424018985,0.6804024153433801,2.1759927947421622,8.477969902547255,2.26687302252656,0.7556218221027795,0,0,0,2026-04-05 13:13:34
298,18,30.39880185318526,73.55800957202138,107.34555031577712,13.071278349446022,80.14335565320766,2.0016549483728703,3.0560791730502763,1.9247368490098964,1.396494194086609,0.4654965130404928,0,0,0,2026-04-05 13:13:34
299,19,28.043898226307387,78.2190347924431,116.36259654924784,13.017473117184707,80.22619453157766,2.397790971534232,1.2550886733454203,1.9231813363726784,1.1152121962504662,0.3717361596296233,0,0,0,2026-04-05 13:13:35
300,20,29.799589781530813,70.39279149935362,83.70669724287603,12.974492425927098,80.25557281067697,0.0149512250296979,0.6285448597951024,1.1033401304986654,0.3493672430646932,0.1164553595036993,0,0,0,2026-04-05 13:13:35
301,1,29.898020438621167,70.30578626075139,102.31317981994282,13.09847086612494,80.13626194079086,5.439692328865021,1.9704640123410293,0.0445113445046203,1.4909335371421344,0.4969761891267477,0,0,0,2026-04-05 13:13:41
302,2,28.583096522416675,70.08919187715689,107.43866363738046,12.964337493462963,80.10581968663138,1.4982111186589862,24.17892795026063,0.7046695770732896,5.276361729198581,1.0,1,0,0,2026-04-05 13:13:41
303,3,29.39637471462849,70.12392829026246,82.32875915835825,13.097773155447362,80.24707536019372,0.9634084607477718,1.6897157219949612,10.554343519845954,2.6414935405177378,0.8804949118562064,0,0,0,2026-04-05 13:13:42
304,4,28.848377026147077,75.55995839350271,96.81147494095649,13.010478890491848,80.2790514407914,3.5576672831709963,0.602170530488087,9.692278096334396,2.770423181998696,0.923471315761846,0,0,0,2026-04-05 13:13:42
305,5,36.40440960570079,55.45243248837328,101.59058825938452,12.99138746895214,80.17918407130294,2.529918906982374,7.322873180956237,1.5347414233465742,2.277506702257037,0.7591663701977784,0,0,1,2026-04-05 13:13:43
306,6,35.8913460454374,57.7797551061096,95.88522982697744,13.08487596052158,80.10429633651248,0.8166644112802786,3.9309805652725793,2.5801928321622896,1.4655675617430295,0.4885208921780359,0,0,1,2026-04-05 13:13:43
307,7,36.50122056436179,59.6588394598851,85.48318979515702,12.999726014994131,80.11311341317446,0.2901697763914441,4.705784570594211,0.3028026221750224,1.0597513938321357,0.3532492871130882,0,0,1,2026-04-05 13:13:44
308,8,31.733122540574684,64.6251166139219,104.966157996407,12.949935158758407,80.22116861576465,1.8420941837375688,1.9452646773763576,1.7858356743331498,1.1146389070894154,0.3715450638795922,0,0,0,2026-04-05 13:13:44
309,9,31.45685616786964,66.02302952290708,92.14395622991928,12.9087482360671,80.19770624844752,0.309445880374561,20.83164550976824,0.355923468149431,4.299402971658446,1.0,1,0,0,2026-04-05 13:13:45
310,10,28.88273346596996,71.7553265826972,103.13797991178276,12.909465164245056,80.15899079096127,5.479240893605724,1.8644193090523065,61.76086173762383,13.820904388056372,1.0,1,0,0,2026-04-05 13:13:45
311,11,31.839112204470723,78.27695218437691,199.64271694129167,13.076929213315346,80.29256332083462,1.2530191410323717,1.829952916707125,3.6602845957082906,1.3486513306895576,0.4495489450667023,0,0,1,2026-04-05 13:13:46
312,12,31.31973665208386,62.69723305360559,94.32686261202625,12.92391915987617,80.21550295829283,0.6817231194583755,0.4449158572598802,2.894811605089746,0.8042901163616003,0.2680958118011607,0,0,0,2026-04-05 13:13:46
313,13,31.42163049723264,67.71081034325667,98.44298272204016,12.950987788209884,80.25075303846799,2.338931593203146,0.6784755347308824,0.8861360126518143,0.7807086281171686,0.2602353419212497,0,0,0,2026-04-05 13:13:47
314,14,30.698531526532857,78.99120435753188,96.3126927378002,13.09455913364464,80.2191680386147,5.105233361395559,1.6991235966892344,1.1969667598933569,1.60026474359563,0.5334198031325329,0,0,0,2026-04-05 13:13:47
315,15,28.804298636799807,72.32732314238328,96.78245822285498,12.999450391709688,80.22431258349924,1.9307760572981287,1.118182325481219,0.0067416468935697,0.6111400059345836,0.2037126562693403,0,0,0,2026-04-05 13:13:48
316,16,28.21941744164269,72.69876504128177,116.93405356948308,12.914657929426523,80.13858914449412,4.757860712281914,1.4214779437760647,3.2246428306086585,1.8807962973333276,0.6269300093444113,0,0,0,2026-04-05 13:13:48
317,17,30.39033051999799,62.107845274220935,119.6690478141978,12.983278183240614,80.20320424018985,0.6478657923425395,2.980967663159227,0.0128235380220509,0.7283313987047635,0.2427763236471756,0,0,0,2026-04-05 13:13:49
318,18,31.23503400876516,63.76998158767479,94.77472145464851,13.071278349446022,80.14335565320766,2.7044434407279105,3.753170720804287,0.8362321555798999,1.4587692634224194,0.4862548002914721,0,0,0,2026-04-05 13:13:49
319,19,28.1354267011425,64.90612901122815,115.47478178554002,13.017473117184707,80.22619453157766,2.146409765263499,1.5293129449670364,0.0915284748351119,0.7534502370131295,0.251149241840237,0,0,0,2026-04-05 13:13:50
320,20,29.047613879713275,70.76252400264505,99.20055635721788,12.974492425927098,80.25557281067697,0.7380214251231543,1.76761350709808,0.7519759018175378,0.6515221668077544,0.2171733316914791,0,0,0,2026-04-05 13:13:50
321,1,29.913893565204532,67.34537095301317,85.28981907445795,13.09847086612494,80.13626194079086,5.083838431727589,2.694410295040605,0.0158731265833687,1.5588243706703124,0.5196063915354657,0,0,0,2026-04-05 13:13:56
322,2,29.187342642233755,64.56574119924764,82.0366802884837,12.964337493462963,80.10581968663138,0.8003268039257172,2.862137432994297,0.6042461198170805,0.8533420713474189,0.2844464089611097,0,0,0,2026-04-05 13:13:56
323,3,30.69891589320938,74.16501202641483,104.92423345910468,13.097773155447362,80.24707536019372,0.3993457466298586,1.2346899566682492,1.302541178580892,0.5873153763758,0.1957711395548015,0,0,0,2026-04-05 13:13:57
324,4,28.80797948473368,79.82987292905277,83.78450497811346,13.010478890491848,80.2790514407914,3.3757106193862114,0.3052893421682157,0.0403975414133945,0.7442795005935644,0.2480923398900551,0,0,0,2026-04-05 13:13:57
325,5,33.71538061328529,58.25171485984329,96.8903056042182,12.99138746895214,80.17918407130294,0.3172300171195346,4.605361993971859,2.6890289924155013,1.522324200701379,0.5074397087680971,0,0,1,2026-04-05 13:13:58
326,6,34.82420877691109,67.05427658102079,119.21702662993502,13.08487596052158,80.10429633651248,0.3015143829510336,3.392167255767728,1.0671372685263094,0.9521637814490144,0.3173868691934408,0,0,1,2026-04-05 13:13:58
327,7,37.04347664794437,67.67481484625725,117.37650311299574,12.999726014994131,80.11311341317446,0.2702219182156042,5.664224226516304,0.5422560835825863,1.295340445662899,0.4317787092919353,0,0,1,2026-04-05 13:13:59
328,8,29.226855249237595,61.09749169548552,110.43104924693756,12.949935158758407,80.22116861576465,0.7793039940831221,1.8170439738672344,2.506267291337089,1.0205230518574893,0.3401732167084407,0,0,0,2026-04-05 13:13:59
329,9,29.068593407566247,62.03788287576723,88.31863960552829,12.9087482360671,80.19770624844752,2.098157247452246,0.865088342595083,2.3882627603033946,1.0703016700701449,0.3567660341366011,0,0,0,2026-04-05 13:14:00
330,10,30.741835792154237,75.77803679289205,81.95792812002371,12.909465164245056,80.15899079096127,3.277686011571092,1.5911871983430512,1.8591023261842743,1.3455951072196837,0.4485302073058702,0,0,0,2026-04-05 13:14:00
331,11,28.982976483222103,64.5466667813696,99.25851624917247,13.076929213315346,80.29256332083462,1.6814302765307725,1.2021638172621525,2.85613572124862,1.147945963008309,0.3826473788448402,0,0,0,2026-04-05 13:14:01
332,12,29.64930220985374,79.57243741921694,94.00101045958333,12.92391915987617,80.21550295829283,2.309549866722349,0.9251613500941788,1.6704344422301212,0.9810291318093298,0.3270086205743747,0,0,0,2026-04-05 13:14:01
333,13,30.944402207302584,72.17704690573972,101.17225563625658,12.950987788209884,80.25075303846799,1.7155200786978924,1.6364784277010476,0.4772282899300535,0.7658453592657987,0.2552809354854812,0,0,0,2026-04-05 13:14:02
334,14,29.773137748042604,63.48634100263134,112.07805292442752,13.09455913364464,80.2191680386147,5.71155005479859,1.1178834856291278,0.9253937784902532,1.550965463783594,0.5169867646386492,0,0,0,2026-04-05 13:14:03
335,15,29.464231805851227,71.30813513340225,108.63671731623734,12.999450391709688,80.22431258349924,1.150169384665574,0.8905072483311471,0.6599331690514205,0.5401219604096283,0.180040053336365,0,0,0,2026-04-05 13:14:03
336,16,28.784357714289172,79.95104078019186,116.77296618582392,12.914657929426523,80.13858914449412,3.89555414511781,0.8815662330289035,0.5649402726464814,1.068412130158639,0.3561361895989143,0,0,0,2026-04-05 13:14:04
337,17,29.08957437904621,71.92912451287484,107.96931363452774,12.983278183240614,80.20320424018985,1.908130321272914,1.7125815104118256,1.3007561409517765,0.9842935945273033,0.3280967711865304,0,0,0,2026-04-05 13:14:04
338,18,29.807272841599364,69.69686115322037,80.52667419730943,13.071278349446022,80.14335565320766,1.107654558516618,4.119920155087304,1.427761167165798,1.331067176153944,0.4436875797593821,0,0,0,2026-04-05 13:14:05
339,19,28.890598752828478,68.11484882643407,100.94181299847668,13.017473117184707,80.22619453157766,1.2570871032485549,0.309874602041764,0.7551720516859746,0.4644267513952587,0.1548084011037492,0,0,0,2026-04-05 13:14:05
340,20,30.309185458552275,60.1322011183287,103.04039868789008,12.974492425927098,80.25557281067697,0.5696764927860443,0.8541668702553457,1.2615715788389998,0.5370829883760779,0.1790270660351391,0,0,0,2026-04-05 13:14:06
341,1,30.789915618179723,78.21902590170598,99.5259885526104,13.09847086612494,80.13626194079086,3.908767059239008,2.011237935149616,0.8760220529751876,1.359205409472762,0.4530669596010553,0,0,0,2026-04-05 13:14:12
342,2,31.76549114474228,79.7117903522718,104.46127440877554,12.964337493462963,80.10581968663138,1.8248997458725569,3.094258095414414,2.5781485025085225,1.499461268759099,0.4998187568571767,0,0,0,2026-04-05 13:14:12
343,3,30.491993440807835,63.323013858274045,97.07428495194269,13.097773155447362,80.24707536019372,0.1689323679559606,1.2764224461101084,0.206922452401546,0.330455453293523,0.1101514505930057,0,0,0,2026-04-05 13:14:13
344,4,31.796397096785253,64.98178421518814,95.40593203901832,13.010478890491848,80.2790514407914,0.1887217944295649,2.2417250910412605,2.988417612051574,1.08377289950448,0.3612564289800634,0,0,0,2026-04-05 13:14:13
345,5,35.01482246771977,54.20215366220378,93.89812824930766,12.99138746895214,80.17918407130294,1.0008724265572724,5.866687488477797,1.2994418544344768,1.633400353893909,0.5444649697480705,0,0,1,2026-04-05 13:14:14
346,6,33.29767959783894,71.9948162976248,80.55785494299612,13.08487596052158,80.10429633651248,1.8103074218495931,3.24798926200141,1.5265291790721491,1.3169651725846303,0.4389869275717849,0,0,1,2026-04-05 13:14:14
347,7,34.30393049253847,53.86698868237181,85.77957220807345,12.999726014994131,80.11311341317446,2.485219644144152,2.5819963246388653,2.739546155405904,1.5613524248377844,0.5204490734490166,0,0,1,2026-04-05 13:14:15
348,8,28.34305065521901,72.31993539494606,86.0762825566323,12.949935158758407,80.22116861576465,1.6172671766850577,1.5513756101818394,0.8838045940185886,0.8104894761770972,0.2701622581848384,0,0,0,2026-04-05 13:14:16
349,9,29.85818792356712,66.74494574974275,84.32712908825623,12.9087482360671,80.19770624844752,1.1851417168953515,0.86922361688287,0.789594516000875,0.5687919699558194,0.1895966913296353,0,0,0,2026-04-05 13:14:16
350,10,39.54965642930677,64.955464821076,161.2049446988522,12.909465164245056,80.15899079096127,5.722939685085628,10.119040480070092,8.807820637152538,4.929960160461651,1.0,1,0,1,2026-04-05 13:14:17
351,11,29.30390695720845,76.62205569089299,195.2970627591737,13.076929213315346,80.29256332083462,1.2615921392190863,1.3832691380034463,0.3209304739863476,0.5931583502417761,0.1977187910179553,0,0,1,2026-04-05 13:14:17
352,12,31.065890228341733,73.0409862820988,82.08492578735097,12.92391915987617,80.21550295829283,0.7571059737212771,1.3506766329788285,1.4165880184879924,0.7048741250376196,0.2349572584883449,0,0,0,2026-04-05 13:14:18
353,13,29.321375287196663,75.20477760132768,87.09993064358886,12.950987788209884,80.25075303846799,0.0084197872137892,1.2368832481594465,1.6230269201059215,0.5736659910958315,0.1912213596274117,0,0,0,2026-04-05 13:14:19
354,14,28.649757922748996,61.5076336744427,96.52049831702678,13.09455913364464,80.2191680386147,6.498956347456993,0.9124084608659272,1.1233798252936111,1.7069489267233062,0.5689810789708388,0,0,0,2026-04-05 13:14:19
355,15,29.2360873731653,72.29747078644426,86.60299500749294,12.999450391709688,80.22431258349924,1.310656794724114,0.5216998999476298,0.2281444326859265,0.4121002254715341,0.1373662839362316,0,0,0,2026-04-05 13:14:20
356,16,28.448333329217565,65.96423286584736,101.22264606570022,12.914657929426523,80.13858914449412,4.00242828635896,5.276111836654493,0.3360243850716102,1.9229129016170128,0.640968830642902,0,0,0,2026-04-05 13:14:20
357,17,30.40870045100361,66.25029655016102,95.67968349754312,12.983278183240614,80.20320424018985,0.4767612892406347,2.6147949634463585,1.3191260719574025,0.8821364649288792,0.2940445081612658,0,0,0,2026-04-05 13:14:21
358,18,29.581739649571727,68.3066153246684,114.0456369395841,13.071278349446022,80.14335565320766,0.8169652159880059,3.215435586613985,0.2255331920276369,0.8515867989259257,0.2838613201042415,0,0,1,2026-04-05 13:14:22
359,19,30.75939690554025,68.7889655891453,99.09786487716713,13.017473117184707,80.22619453157766,0.6856573496543099,0.7747391446331863,1.868798152711776,0.6658389293998545,0.2219455699813848,0,0,0,2026-04-05 13:14:22
360,20,28.8100017444298,60.12162070233706,97.91796588650782,12.974492425927098,80.25557281067697,0.9630176032650262,0.4681367535710533,1.499183714122477,0.5860676141917114,0.1953552202131697,0,0,0,2026-04-05 13:14:23
361,1,30.32722036131204,72.42553316079207,96.32724158049902,13.09847086612494,80.13626194079086,4.154308590593423,1.7978007956100868,0.4626952568676863,1.2829609286142394,0.4276522173640219,0,0,0,2026-04-05 13:14:29
362,2,29.47412989611993,78.8171218357821,114.3646231277944,12.964337493462963,80.10581968663138,0.5678448219649361,5.310374565502582,2.291361248622348,1.6339161272179732,0.5446368936163457,0,0,0,2026-04-05 13:14:29
363,3,29.470257329897198,65.14051627608504,96.60785459556917,13.097773155447362,80.24707536019372,0.8621888745077904,0.7586631184933333,1.021736110910641,0.5285176207823531,0.1761719530209409,0,0,0,2026-04-05 13:14:30
364,4,28.24910445292643,76.61586219791339,119.9284407768034,13.010478890491848,80.2790514407914,3.725529894153407,1.352724221452018,3.547292643858821,1.7251093518928493,0.5750345338491702,0,0,0,2026-04-05 13:14:30
365,5,34.69000552790196,54.842029214881336,82.06104777346194,12.99138746895214,80.17918407130294,0.6204514630418387,4.555277284665571,0.3248169398178078,1.1001091375050436,0.3667018234956029,0,0,1,2026-04-05 13:14:31
366,6,32.17672095175012,66.78179905741811,116.84067473920952,13.08487596052158,80.10429633651248,2.830693433391218,2.190563811134942,1.1209586460888232,1.2284431781229967,0.4094796944420174,0,0,1,2026-04-05 13:14:32
367,7,32.618462664649684,61.978007635484005,103.68171445858331,12.999726014994131,80.11311341317446,4.032619714024932,2.7508662156199954,1.685467827888786,1.6937907515067427,0.5645950351854636,0,0,1,2026-04-05 13:14:32
368,8,29.953236106158244,79.05821787092324,88.98393359311348,12.949935158758407,80.22116861576465,0.0827664507366847,0.7333264286634803,1.6101854509392377,0.4852556660678805,0.1617513495181284,0,0,0,2026-04-05 13:14:33
369,9,31.708890005960185,74.9711676108133,85.97508467772374,12.9087482360671,80.19770624844752,0.7314015719918885,3.4131400335889936,1.850702082393063,1.1990487375947891,0.3996815802596621,0,0,0,2026-04-05 13:14:34
370,10,29.67720699472248,79.04672936615273,82.23409712066052,12.909465164245056,80.15899079096127,4.467450843114531,1.5497466367872914,9.872449434584292,3.177929382897223,1.0,1,0,0,2026-04-05 13:14:34
371,11,29.080441164887468,76.77371676128726,93.307258550349,13.076929213315346,80.29256332083462,1.4149694793612395,0.5506120397030791,0.223465792320983,0.4378094622770604,0.1459360009723502,0,0,0,2026-04-05 13:14:35
372,12,31.211945506601936,79.65597114605977,109.97618737463304,12.92391915987617,80.21550295829283,0.5689892524765554,1.2154080397357383,0.1460552782602029,0.3860905140944993,0.1286964090434696,0,0,0,2026-04-05 13:14:36
373,13,29.144282286970054,65.72399671114964,82.56676921771626,12.950987788209884,80.25075303846799,0.1850450214840719,1.070299193786776,0.1770930002266091,0.2864874430994915,0.095495496048177,0,0,0,2026-04-05 13:14:36
374,14,29.351057582983337,76.82223879213231,84.30835044827776,13.09455913364464,80.2191680386147,5.436603556808372,0.599385162522213,0.7012996602343442,1.347457675912986,0.4491510614674571,0,0,0,2026-04-05 13:14:37
375,15,29.577649684190582,69.34840954325436,90.55639759334277,12.999450391709688,80.22431258349924,0.8962802173252697,0.9268153093078269,0.3415623110252852,0.4329315675316764,0.1443100414770872,0,0,0,2026-04-05 13:14:38
376,16,31.58249927844758,61.61638309623402,85.24603556601417,12.914657929426523,80.13858914449412,0.6459052101089959,1.3800174645217862,3.1341659492300167,1.0320177247721598,0.344004761574848,0,0,0,2026-04-05 13:14:38
377,17,30.56881553366854,65.56031366821105,115.16811357251032,12.983278183240614,80.20320424018985,0.2901594682845676,1.9093117570738904,0.1601150826649267,0.4719172616046769,0.1573052295174606,0,0,0,2026-04-05 13:14:39
378,18,31.898930235562982,77.54884552266259,115.82362418099994,13.071278349446022,80.14335565320766,3.088768845535484,0.8563443398415949,2.317190585991256,1.2524607542736668,0.4174855264728007,0,0,0,2026-04-05 13:14:40
379,19,30.413448228508216,76.22455392270734,91.16219831111168,13.017473117184707,80.22619453157766,0.3016165976414839,0.8648707778521244,0.3459486770320339,0.3024872105051284,0.1008287340725959,0,0,0,2026-04-05 13:14:40
380,20,29.60763914026816,64.26330411263915,109.41462074797856,12.974492425927098,80.25557281067697,0.1118792294675046,0.2796477584219208,0.7976373958383611,0.2378328767455573,0.0792773613239813,0,0,0,2026-04-05 13:14:41
381,1,28.60431898134965,62.84953158527254,109.43282511822764,13.09847086612494,80.13626194079086,5.658562149998261,2.5379172754158303,1.7229013799623871,1.983876161075296,0.6612898493922672,0,0,0,2026-04-05 13:14:47
382,2,29.76771810546676,68.22432378469557,83.22138043305709,12.964337493462963,80.10581968663138,0.2443700430410089,1.5853456143026758,0.2935882093468294,0.4246607733381028,0.14155311926897,0,0,0,2026-04-05 13:14:47
383,3,28.111079365000176,60.043102903182536,83.98385849410656,13.097773155447362,80.24707536019372,2.175988477588604,1.5039029604594976,1.359177964897018,1.007813880589024,0.3359368404068733,0,0,0,2026-04-05 13:14:48
384,4,30.17069463926578,78.06312779540468,81.04628894812973,13.010478890491848,80.2790514407914,1.607859187069142,0.4662846811050833,1.921590186339348,0.7991468109027147,0.2663813823629636,0,0,0,2026-04-05 13:14:49
385,5,34.56684870416407,68.95931999798006,103.60360365882002,12.99138746895214,80.17918407130294,0.4646392991438546,4.380210888708292,0.1231568237378866,0.9936014023180066,0.3311993634414574,0,0,1,2026-04-05 13:14:50
386,6,35.39145011098285,53.24147394760363,98.08788502444013,13.08487596052158,80.10429633651248,0.5330195907568367,4.350879483795413,3.214729159232732,1.6197256467569965,0.5399067492298347,0,0,1,2026-04-05 13:14:50
387,7,36.63797229128209,58.48790708652742,90.51679718665484,12.999726014994131,80.11311341317446,0.1991330554508863,4.560139942884152,4.019509626632406,1.7557565249934888,0.585250224163749,0,0,1,2026-04-05 13:14:51
388,8,29.718842187590283,73.45810013923062,81.5310686222204,12.949935158758407,80.22116861576465,0.1559835968174105,0.97254552190338,0.2343939185679602,0.2725846074577501,0.0908612329484735,0,0,0,2026-04-05 13:14:52
389,9,31.785273206785146,78.0306563786327,101.0346254618698,12.9087482360671,80.19770624844752,0.7692899532383279,1.5826083104802429,0.0763832008249565,0.4856562929087055,0.1618848913532639,0,0,0,2026-04-05 13:14:52
390,10,28.653235972390934,72.03200775918687,119.35540322763042,12.909465164245056,80.15899079096127,5.256292873703202,2.8733366915539484,1.0239710223315406,1.830720117517738,0.6102380050458959,0,0,0,2026-04-05 13:14:53
391,11,28.84204920470425,74.11419129931183,103.27157545322493,13.076929213315346,80.29256332083462,1.5788893616833377,0.8562078841815648,0.2383919601832218,0.5346978412096248,0.1782320196298095,0,0,0,2026-04-05 13:14:54
392,12,30.163047754021463,60.08559136353757,82.1397300102774,12.92391915987617,80.21550295829283,1.5879402022951048,1.028398828748756,1.0488977525804728,0.7330473567248668,0.2443483044139408,0,0,0,2026-04-05 13:14:55
393,13,31.913199853286677,72.99743825737445,105.32674179897909,12.950987788209884,80.25075303846799,2.593611756489601,2.083356825993372,2.7689175663166203,1.4891772297599188,0.4963907552841219,0,0,0,2026-04-05 13:14:55
394,14,30.261668561807983,73.61092048326613,84.25086063525664,13.09455913364464,80.2191680386147,4.239855548678019,1.240662740203926,0.9106109788246464,1.2782258535413182,0.4260738642675585,0,0,0,2026-04-05 13:14:56
395,15,28.531453626662262,65.24974067548303,92.07391565365177,12.999450391709688,80.22431258349924,1.895303631836466,1.6651806741527058,1.04619605752832,0.9213360727034984,0.3071110005311643,0,0,0,2026-04-05 13:14:57
396,16,30.268512179221,75.27081537832584,84.95134935087202,12.914657929426523,80.13858914449412,1.92589729827721,1.2109437693828156,1.31398709922658,0.8901656333773211,0.2967208887228112,0,0,0,2026-04-05 13:14:57
397,17,28.84399400566042,69.85781542383593,80.54003640608198,12.983278183240614,80.20320424018985,1.999709445330339,2.3034144198105566,1.7248215280081212,1.2055890786298034,0.4018616866709789,0,0,0,2026-04-05 13:14:58
398,18,29.587609373639587,60.77526550948959,111.33078530684384,13.071278349446022,80.14335565320766,0.6148812022681156,4.612498015758568,2.311320861923395,1.5077400159900158,0.5025783300689051,0,0,0,2026-04-05 13:14:59
399,19,31.81411798416142,66.4416509373385,98.26278891904428,13.017473117184707,80.22619453157766,1.68641179552408,2.8197557266311386,1.4006697556532046,1.1813674555616849,0.3937878392277641,0,0,0,2026-04-05 13:15:00
400,20,28.61251722106211,77.42016720283013,81.86223806386047,12.974492425927098,80.25557281067697,1.1011127681752626,1.4960237310508606,0.9951219192060492,0.7184516836864345,0.2394830962851572,0,0,0,2026-04-05 13:15:00
401,1,31.191658872855697,78.29126384702762,100.79681008521725,13.09847086612494,80.13626194079086,2.7882941509923,2.24461034946366,2.587339891506048,1.5240488783924016,0.5080145994154691,0,0,0,2026-04-05 13:15:06
402,2,30.67836096552658,69.65598013127128,83.9719099454541,12.964337493462963,80.10581968663138,0.6784913191708632,2.7981950350655764,0.91064286005982,0.877465842859252,0.2924876393276195,0,0,0,2026-04-05 13:15:07
403,3,29.312401912058306,70.4298663872966,115.63487251597816,13.097773155447362,80.24707536019372,0.8658665066510487,1.3071118097356174,1.2013225470581297,0.6748601726889591,0.2249526410541828,0,0,0,2026-04-05 13:15:08
404,4,31.98459803164197,70.1063608576879,109.44024085276004,13.010478890491848,80.2790514407914,0.2864371646605015,2.3319017543467004,1.8139033923761865,0.8864484622766777,0.2954818358194398,0,0,0,2026-04-05 13:15:08
405,5,36.4887582019565,61.18468449976018,118.26243847247513,12.99138746895214,80.17918407130294,2.363316831979084,6.758902996461798,1.9219094977924271,2.208825865246662,0.7362728341727733,0,0,1,2026-04-05 13:15:09
406,6,34.511283427704925,67.66651599699884,102.5388823794147,13.08487596052158,80.10429633651248,0.373798072058932,3.4566624908305763,0.8801666832779276,0.9421254492334872,0.314040769608597,0,0,1,2026-04-05 13:15:10
407,7,91.91195680362324,57.58449971484937,115.08441610788904,12.999726014994131,80.11311341317446,55.46316091501948,59.66038062324901,55.27398451234114,34.07950521012192,1.0,1,0,1,2026-04-05 13:15:11
408,8,31.321631417019574,77.93899116122668,90.25592103473411,12.949935158758407,80.22116861576465,1.4546048124527535,1.409263170208123,1.6027892294292947,0.8933314424180343,0.2977761548854951,0,0,0,2026-04-05 13:15:12
409,9,30.79961390899534,63.66719379147484,85.8718963799455,12.9087482360671,80.19770624844752,0.2548338422133867,1.1016538665341724,0.9856592977898018,0.4684294013074722,0.1561426132937797,0,0,0,2026-04-05 13:15:12
410,10,29.25318098747202,78.83133547016115,117.42405273710077,12.909465164245056,80.15899079096127,4.393533214936959,1.157210293273914,0.599945015081083,1.230137704658391,0.4100445347376812,0,0,0,2026-04-05 13:15:13
411,11,28.569512386796728,70.35750307542908,119.9736242737678,13.076929213315346,80.29256332083462,1.772481711506689,1.950043781706024,0.2725368179075182,0.7990124622240464,0.2663365996193501,0,0,0,2026-04-05 13:15:14
412,12,28.403559676198107,68.50122517191947,111.27185994913154,12.92391915987617,80.21550295829283,3.268031270003707,2.9412553835690907,1.759488077823356,1.5937549462792309,0.5312498779268172,0,0,0,2026-04-05 13:15:15
413,13,28.510299085993918,76.10897149787972,98.62498479960183,12.950987788209884,80.25075303846799,0.9389695986276364,1.006763291963222,3.40290076729276,1.0697267315767238,0.3565743886109458,0,0,0,2026-04-05 13:15:15
414,14,28.973754212523687,65.55599701203403,88.9656086270445,13.09455913364464,80.2191680386147,5.315777120528409,1.194417765633104,1.2879143492842964,1.559621847089162,0.5198722161223336,0,0,0,2026-04-05 13:15:16
415,15,29.443271771328835,65.73102512544496,88.87302032959774,12.999450391709688,80.22431258349924,0.8887203055780724,1.266959509589242,0.9118181446665689,0.6134995919667766,0.2044991823249844,0,0,0,2026-04-05 13:15:17
416,16,31.51656765513051,65.03139556556016,113.04277550126328,12.914657929426523,80.13858914449412,0.5815469574538454,1.2728490344658614,1.2480554759095064,0.6204902935658426,0.2068294084239194,0,0,0,2026-04-05 13:15:18
417,17,29.618815269311,71.49859924282846,97.06330714454616,12.983278183240614,80.20320424018985,1.1249027094132416,2.9161008594454145,0.7748212636505798,0.9631649665018472,0.3210539186542202,0,0,0,2026-04-05 13:15:19
418,18,30.698152348052854,75.66862572634443,103.62882481359073,13.071278349446022,80.14335565320766,1.6946801165679837,21.84014735334176,1.1105429744132709,4.929074088864603,1.0,1,0,0,2026-04-05 13:15:19
419,19,30.477828534873584,78.9976789314527,111.13787295915394,13.017473117184707,80.22619453157766,0.2658017564600428,1.2529604476396028,1.336289449287836,0.5710103306774963,0.1903361424386906,0,0,0,2026-04-05 13:15:20
420,20,30.50020529252615,69.73096834330865,110.44807663529936,12.974492425927098,80.25557281067697,0.8416309416975452,1.2894219507409932,1.8876880714640407,0.8037481927805159,0.2679151712096013,0,0,0,2026-04-05 13:15:21
421,1,31.232221360280207,64.23470243146164,90.1870435070067,13.09847086612494,80.13626194079086,2.8125844092504764,2.023866075802862,0.0405624874245091,0.9754025944955697,0.3251331143881418,0,0,0,2026-04-05 13:15:27
422,2,29.977047344881207,69.85238825753585,95.81889962446976,12.964337493462963,80.10581968663138,0.0004417248277235,21.3994320421335,0.7013136206453723,4.4202374775213205,1.0,1,0,0,2026-04-05 13:15:28
423,3,28.620699932842136,65.83021489833834,102.57039973381067,13.097773155447362,80.24707536019372,1.533599690855148,0.7537901425861359,0.6917019792161696,0.5958183625314908,0.1986054588256341,0,0,0,2026-04-05 13:15:29
424,4,31.521513231369077,76.43497781110466,102.16242217378748,13.010478890491848,80.2790514407914,0.2945270790218721,1.381078031792884,0.4630848002728918,0.4277379822175296,0.1425788521430027,0,0,0,2026-04-05 13:15:31
425,5,47.425688090811335,54.493216068756816,117.19315315139116,12.99138746895214,80.17918407130294,13.156104914264851,17.579049565640194,10.936929888854834,8.334416873751977,1.0,1,0,1,2026-04-05 13:15:32
426,6,33.83976205304055,58.406248734105695,99.52587445469744,13.08487596052158,80.10429633651248,1.0886610956902203,21.27378171611024,0.6715213746643727,4.606792837292967,1.0,1,0,1,2026-04-05 13:15:33
427,7,35.01432969859492,61.53776870201962,97.84277089416877,12.999726014994131,80.11311341317446,4.24592647271372,7.25493936549073,56.89762710502831,13.679698588646552,1.0,1,0,1,2026-04-05 13:15:34
428,8,28.758851128371912,79.29463937871262,110.6741514857709,12.949935158758407,80.22116861576465,1.222858184817266,0.4879358784969637,2.562780288647666,0.854714870392379,0.2849040071174359,0,0,0,2026-04-05 13:15:35
429,9,31.888361456558137,74.80560126964772,100.19234654145632,12.9087482360671,80.19770624844752,0.8049704005019436,3.0831641925441238,1.0887475475627966,0.9953764281217728,0.3317910367371351,0,0,0,2026-04-05 13:15:36
430,10,30.70348705097737,60.15916137749844,81.16641526388916,12.909465164245056,80.15899079096127,2.8174507408846914,1.4326274615043897,1.450306063505348,1.140076853178886,0.3800243509784586,0,0,0,2026-04-05 13:15:37
431,11,28.16290209682108,70.68814183526867,103.89774537242536,13.076929213315346,80.29256332083462,2.206592757431892,1.5424203620905506,0.4066102899756458,0.8311246818996177,0.2770406371644153,0,0,0,2026-04-05 13:15:38
432,12,30.44835366238052,79.78341510875384,101.87143848869476,12.92391915987617,80.21550295829283,0.5754035754476625,1.6891883015242766,2.0447939861824125,0.8618771726308704,0.287291433238846,0,0,0,2026-04-05 13:15:40
433,13,30.713889375772435,63.39835612996188,108.458183482997,12.950987788209884,80.25075303846799,1.343771302769721,0.8114193480129082,2.2035902897785213,0.8717561881122301,0.2905844274226519,0,0,0,2026-04-05 13:15:41
434,14,37.686112097801626,66.2798223493889,140.08547777154985,13.09455913364464,80.2191680386147,3.4333141881740232,8.598968576289359,8.712357885277939,4.148928129948264,1.0,1,0,1,2026-04-05 13:15:42
435,15,31.33807355271396,73.45401833619918,91.5724483529577,12.999450391709688,80.22431258349924,1.127201113334813,1.1391238538103832,1.8948017813851263,0.8322253497060645,0.2774075252102708,0,0,0,2026-04-05 13:15:43
436,16,28.796070521646403,74.00284220584885,91.5448943511276,12.914657929426523,80.13858914449412,3.44801536977408,2.0602280958258348,2.720497133484105,1.645748119816804,0.5485808780026746,0,0,0,2026-04-05 13:15:44
437,17,41.10368107475754,55.857941140838605,155.84975134186843,12.983278183240614,80.20320424018985,10.46705296562201,9.477481494827666,11.48486580544654,6.285880053179243,1.0,1,0,1,2026-04-05 13:15:44
438,18,31.392778911179903,61.53922115146975,110.0422962510939,13.071278349446022,80.14335565320766,2.361326856177797,2.07636382672512,0.6946265631270485,1.0264634492059932,0.3421533425575225,0,0,0,2026-04-05 13:15:45
439,19,28.826519053379567,73.32032611609229,101.35362838908802,13.017473117184707,80.22619453157766,1.4014786606914669,5.48746758661965,1.6513094814940177,1.7080511457610272,0.5693484840920621,0,0,0,2026-04-05 13:15:47
440,20,30.647535381520218,69.67148087282598,109.4646058526464,12.974492425927098,80.25557281067697,0.8971156683454176,0.881858806198089,0.1473300889940674,0.3852609127075148,0.1284198761695843,0,0,0,2026-04-05 13:15:48
441,1,28.77729434511138,61.25582988526542,102.58433658623686,13.09847086612494,80.13626194079086,5.417402688223476,5.528923342229316,2.454927015168828,2.6802506091243243,0.8934138916618025,0,0,0,2026-04-05 13:15:54
442,2,29.251177501260926,73.57895887061943,106.7991025394873,12.964337493462963,80.10581968663138,0.6625204666317686,2.5568562422216536,0.7258698436202806,0.7890493104947407,0.2630155601130465,0,0,0,2026-04-05 13:15:55
443,3,28.11929431228455,76.31498929980222,115.34172137556855,13.097773155447362,80.24707536019372,1.9953688305180464,3.439216770382876,0.5014056205575876,1.1871982442917022,0.3957314289924707,0,0,0,2026-04-05 13:15:56
444,4,36.49104349602207,58.90935303992862,166.43278467360443,13.010478890491848,80.2790514407914,4.6805453618475,6.220334166817491,4.969530264652999,3.174081958663598,1.0,1,0,1,2026-04-05 13:15:57
445,5,36.43730313421446,54.53442917842799,96.41331172653184,12.99138746895214,80.17918407130294,1.4485832962458574,5.792130534292824,10.988384956596876,3.645819757427112,1.0,1,0,1,2026-04-05 13:15:58
446,6,34.96676237275548,69.2241538036668,93.14157908982496,13.08487596052158,80.10429633651248,0.0771626892812307,3.2703396050197058,1.1270003197149308,0.8949005228031734,0.2982991799371247,0,0,1,2026-04-05 13:15:59
447,7,35.92460129436906,56.06315964752144,98.0037132976456,12.999726014994131,80.11311341317446,3.402635048226095,3.9059826720475623,0.910271595774141,1.64377786320956,0.5479241279894267,0,0,1,2026-04-05 13:16:00
448,8,28.0323251886545,65.89511676573922,109.46868994972536,12.949935158758407,80.22116861576465,1.8344464463465224,6.056316182315665,0.726525939717412,1.72345771367592,0.574483989612008,0,0,0,2026-04-05 13:16:01
449,9,30.8477024361028,63.72675852339043,82.08156657412535,12.9087482360671,80.19770624844752,0.3226979283528095,1.119647135432004,1.0406590204553368,0.49660081684803,0.1655330538391639,0,0,0,2026-04-05 13:16:02
450,10,29.10466491645854,71.54745185472623,191.23797318284488,12.909465164245056,80.15899079096127,4.433404289434385,1.1317735534594593,1.59882213451883,1.432799995482535,0.47759840649949,0,0,1,2026-04-05 13:16:03
451,11,31.44057564665531,71.78381119625296,187.28687363394027,13.076929213315346,80.29256332083462,1.215217266203826,4.87242854496128,3.2776735498342298,1.8730638721998676,0.6243525428914795,0,0,1,2026-04-05 13:16:04
452,12,30.70638682698384,61.3915240986877,89.25407502329891,12.92391915987617,80.21550295829283,0.4699529511359905,0.9409599320789658,0.2580331646033187,0.333789209563655,0.1112626989788884,0,0,0,2026-04-05 13:16:06
453,13,30.024982309075263,61.747045086208345,84.4587668781986,12.950987788209884,80.25075303846799,0.5984182057070839,1.0988715702580976,0.6889070666971726,0.4772393685324708,0.1590792592466261,0,0,0,2026-04-05 13:16:07
454,14,30.416936771660176,64.02926450771528,104.86585649360704,13.09455913364464,80.2191680386147,4.1521525368648895,1.6372330175504572,7.26917532614145,2.6117121761113595,0.8705678234777082,0,0,0,2026-04-05 13:16:08
455,15,30.91774447081807,75.23239890720671,94.50090638822276,12.999450391709688,80.22431258349924,0.6699005677064527,4.182457036891942,0.4203290818958898,1.054537337298857,0.3515112740620387,0,0,0,2026-04-05 13:16:09
456,16,31.508757230478665,66.33128169203187,86.38609221718592,12.914657929426523,80.13858914449412,0.6291660155530465,1.7742422792045762,2.712686708832262,1.023219000717977,0.3410718633331145,0,0,0,2026-04-05 13:16:10
457,17,29.509056569224832,76.18507069891245,83.59472594346808,12.983278183240614,80.20320424018985,1.7717558723652438,3.2712219490510663,11.594624505532709,3.3275204653898034,1.0,1,0,0,2026-04-05 13:16:11
458,18,29.480260797689706,63.94216516860927,112.91152796545528,13.071278349446022,80.14335565320766,0.4318873952385296,4.21126950810782,1.9125181134902007,1.31113500336731,0.4370435443106223,0,0,0,2026-04-05 13:16:12
459,19,28.482119758242955,69.62394108450269,105.5360879806616,13.017473117184707,80.22619453157766,1.662683146033185,1.8759923822780848,0.3443992951366112,0.7766149646895764,0.2588707919938854,0,0,0,2026-04-05 13:16:13
460,20,31.802129445967875,61.514167568834736,97.81546523222,12.974492425927098,80.25557281067697,2.0383173049951715,2.143778789785264,1.154594064447657,1.0673380318456185,0.3557781580213461,0,0,0,2026-04-05 13:16:14
461,1,29.40362778755708,78.59391118068572,90.7905273845971,13.09847086612494,80.13626194079086,4.801215215221795,2.2176921931447104,0.6263334424456986,1.529048170162441,0.5096810244507322,0,0,0,2026-04-05 13:16:21
462,2,30.968173299731603,77.19253034091247,84.30055651921218,12.964337493462963,80.10581968663138,1.032756331544071,2.453506769552528,1.716995798470677,1.0406517799134554,0.3468827703619172,0,0,0,2026-04-05 13:16:22
463,3,31.597666517349552,69.15991541394175,82.05907981701364,13.097773155447362,80.24707536019372,1.619158440490594,1.4844557918300711,3.4783722050650034,1.3163972874771337,0.438797633166934,0,0,0,2026-04-05 13:16:23
464,4,28.608858007816405,62.74676492958385,91.66091896453358,13.010478890491848,80.2790514407914,3.4613325591036634,1.876298716908862,7.882185488205668,2.643963352843639,0.88131817988728,0,0,0,2026-04-05 13:16:24
465,5,34.15831922798582,58.33374817741457,104.22816219199176,12.99138746895214,80.17918407130294,0.9998299436229844,4.522012295223868,2.278983906228639,1.5601652290150982,0.5200533428272233,0,0,1,2026-04-05 13:16:25
466,6,35.34787173190031,66.14849107720498,86.99000399908283,13.08487596052158,80.10429633651248,0.3122256565525987,4.12952814700753,0.3811093591448298,0.964572632540992,0.3215231391032003,0,0,1,2026-04-05 13:16:26
467,7,32.978488980594946,68.55704938701908,103.22685469119736,12.999726014994131,80.11311341317446,5.992142084434704,2.2294580370531527,2.9461123137741154,2.2335424870523943,0.7445116806451959,0,0,1,2026-04-05 13:16:27
468,8,31.30283828116012,77.64541777508646,85.38768370384403,12.949935158758407,80.22116861576465,1.5629874338472298,1.2226963793988097,3.2705130925056203,1.211239381150332,0.4037451145663954,0,0,0,2026-04-05 13:16:28
469,9,39.6006093596913,67.36280903630168,140.48234141743023,12.9087482360671,80.19770624844752,8.329308717064762,9.229312684823798,8.752906923588498,5.262305665095412,1.0,1,0,1,2026-04-05 13:16:30
470,10,31.12815621966795,63.07783900721158,177.42086651723594,12.909465164245056,80.15899079096127,2.3137988599934616,3.091607847839392,2.0234913032094117,1.485779602208453,0.4952582165420959,0,0,1,2026-04-05 13:16:31
471,11,31.722636971887415,79.30972216381083,161.27946748627312,13.076929213315346,80.29256332083462,1.48859970615257,1.5148165396120408,0.2820613252321067,0.6570955141993435,0.2190311079627546,0,0,1,2026-04-05 13:16:32
472,12,31.28689115626499,62.690468148251846,99.72184440425455,12.92391915987617,80.21550295829283,1.06862750208186,3.197191391837056,0.5805043292811511,0.9692646446400132,0.323087137922878,0,0,0,2026-04-05 13:16:33
473,13,28.32284262712913,70.80857805793221,86.80015112878847,12.950987788209884,80.25075303846799,0.6846964692076405,3.1411103340018607,1.7021396819461287,1.105589297031126,0.3685285372485845,0,0,0,2026-04-05 13:16:34
474,14,41.19876651254354,65.67937690617832,149.45658769125177,13.09455913364464,80.2191680386147,6.548242195753531,10.597958763383568,10.781829740883367,5.585606140004094,1.0,1,0,1,2026-04-05 13:16:35
475,15,31.951924907513032,71.43622407474922,82.7440632049383,12.999450391709688,80.22431258349924,1.6979522517003112,2.0208229830344777,1.0341804366949603,0.95059113428595,0.3168626552197992,0,0,0,2026-04-05 13:16:36
476,16,28.478140142264948,65.32179997632296,81.15781455162107,12.914657929426523,80.13858914449412,3.819985840420614,5.420839484098669,3.0306170882137167,2.4542884825466,0.8180934338707537,0,0,0,2026-04-05 13:16:38
477,17,31.64748736147275,67.88068057935793,103.6443690295562,12.983278183240614,80.20320424018985,0.4795815522960041,1.0533061642886612,2.1384307922479167,0.7342637017665165,0.2447537514096674,0,0,0,2026-04-05 13:16:39
478,18,29.90830770815536,68.50456430987383,115.14554748588743,13.071278349446022,80.14335565320766,0.8480768509007355,3.004808405594274,0.4280469104656532,0.8561864333921326,0.2853945264822892,0,0,0,2026-04-05 13:16:40
479,19,30.814378416619128,72.51931969147043,92.18397986823624,13.017473117184707,80.22619453157766,0.8352986223680112,0.9861354883654236,2.3322586583761726,0.8307385538219216,0.276911928234213,0,0,0,2026-04-05 13:16:42
480,20,28.889591834103744,75.77166271458674,89.10400563144924,12.974492425927098,80.25557281067697,0.916345481081276,2.014109575813425,2.9125376118641317,1.1685985337517666,0.389531546145435,0,0,0,2026-04-05 13:16:43
481,1,29.156694112758014,66.61440872539684,115.67119804425651,13.09847086612494,80.13626194079086,5.0475242100850295,6.32828787144172,0.2469336747990596,2.324549151265162,0.7748471342646064,0,0,0,2026-04-05 13:16:49
482,2,31.807075737753017,71.1321722568662,108.3829666283688,12.964337493462963,80.10581968663138,1.785611732395875,1.7264227854716885,0.8389024380214138,0.8701873911777955,0.2900614968542757,0,0,0,2026-04-05 13:16:50
483,3,31.95435519527718,72.18267849648652,108.1886830056054,13.097773155447362,80.24707536019372,1.9562270032450044,3.538702106438059,0.3566886779276288,1.170323557522139,0.3901065521522057,0,0,0,2026-04-05 13:16:52
484,4,28.5503857417279,73.52271581063175,86.51933676191477,13.010478890491848,80.2790514407914,3.3608350794435893,2.0015793110174003,0.0584722660885042,1.0841773313098988,0.3613912391325025,0,0,0,2026-04-05 13:16:53
485,5,34.42612068118457,51.26680143358424,112.66313075477362,12.99138746895214,80.17918407130294,0.7656896759777823,2.954857119316268,0.26780145319875,0.7976696496985601,0.2658889969361969,0,0,1,2026-04-05 13:16:54
486,6,34.903336039222054,61.57011239051154,113.54052492822818,13.08487596052158,80.10429633651248,0.1561780665540197,4.22217243871928,0.444535692678258,0.9645772395903116,0.3215246747811879,0,0,1,2026-04-05 13:16:55
487,7,43.67262798699603,50.41582579131786,128.95954731724188,12.999726014994131,80.11311341317446,4.719091075779708,11.625459944631707,10.69413900640108,5.4077380053625,1.0,1,0,1,2026-04-05 13:16:56
488,8,31.995078733535905,73.14716566232947,92.39156564761252,12.949935158758407,80.22116861576465,2.1936032431976,1.5760050185802814,0.6922404523757848,0.8923697428307333,0.2974555894249464,0,0,0,2026-04-05 13:16:58
489,9,30.39523975539939,64.71675755461888,104.35465812269166,12.9087482360671,80.19770624844752,1.2832337167670254,1.0748022810902238,9.205369604291906,2.312681120429831,0.7708911371728198,0,0,0,2026-04-05 13:16:59
490,10,29.63522838788012,77.75690033357391,92.7757403603334,12.909465164245056,80.15899079096127,3.7993509298621184,1.1895874605064367,1.4929278317878278,1.2963732444312766,0.4321229744005108,0,0,0,2026-04-05 13:17:00
491,11,29.7216558279825,69.29806681439076,101.70475018674514,13.076929213315346,80.29256332083462,0.5089850844723394,4.960360046036775,2.0009811439049194,1.4940652548828068,0.4980200915606304,0,0,0,2026-04-05 13:17:01
492,12,28.91071485448101,71.9381944792351,89.82434403555396,12.92391915987617,80.21550295829283,1.3790522798752036,1.7189203357750504,2.3761763017839783,1.0948297834868466,0.3649420446887998,0,0,0,2026-04-05 13:17:03
493,13,30.858951279490206,68.90473957544394,85.56148850555654,12.950987788209884,80.25075303846799,1.885916311395924,1.6845744414804524,2.5361086523610723,1.22131988104749,0.4071052699982633,0,0,0,2026-04-05 13:17:04
494,14,31.06892568611487,62.509608468161,114.23301772566492,13.09455913364464,80.2191680386147,4.192239211587616,0.8290822122634746,10.129840826428673,3.0302324500559528,1.0,1,0,0,2026-04-05 13:17:05
495,15,31.398947250374324,73.8979622666152,119.53625008926358,12.999450391709688,80.22431258349924,1.5165072374836832,1.1141547870414,0.5529776571387082,0.6367279363327583,0.2122419379711261,0,0,0,2026-04-05 13:17:07
496,16,31.98608951056578,78.21799585836854,110.80709197677388,12.914657929426523,80.13858914449412,0.3051252790032244,1.3735748835549362,3.507949368300832,1.0373299061717984,0.3457754828056568,0,0,0,2026-04-05 13:17:08
497,17,30.909977489344264,74.89891404581286,97.55703668386148,12.983278183240614,80.20320424018985,0.3173002485159486,1.6967380656873357,0.7375098721284843,0.5503096372663537,0.1834359343023369,0,0,0,2026-04-05 13:17:09
498,18,29.992925972768365,77.62144071560586,102.14559036485696,13.071278349446022,80.14335565320766,0.8881894955295664,6.475447980230566,0.084618264613006,1.4896511480746275,0.4965487275291175,0,0,0,2026-04-05 13:17:11
499,19,36.80390519377803,62.23794013309119,142.19189239682177,13.017473117184707,80.22619453157766,6.800689814765416,6.4043996691705845,5.9895267771589005,3.838923252218981,1.0,1,0,1,2026-04-05 13:17:12
500,20,30.13597979324767,66.48846908341243,109.49625797870274,12.974492425927098,80.25557281067697,0.441564153580142,1.2816792945524742,1.2463879591439273,0.5939262814553088,0.1979747672358788,0,0,0,2026-04-05 13:17:13
501,1,28.893663870966733,76.13070171478093,85.70228044179218,13.09847086612494,80.13626194079086,5.195525383379881,3.094732028401696,0.2630302417912844,1.7106575307145724,0.5702172761806035,0,0,0,2026-04-05 13:17:19
502,2,31.63607267058348,67.80130540805771,93.01182483371628,12.964337493462963,80.10581968663138,1.5476288439526904,4.7958054796994025,0.1710030671695399,1.3028874781643265,0.4342943784068475,0,0,0,2026-04-05 13:17:21
503,3,38.96178904279117,66.4790588441118,150.58716355608652,13.097773155447362,80.24707536019372,8.800385673618745,6.430293473499368,7.007433847513987,4.44762259892642,1.0,1,0,1,2026-04-05 13:17:23
504,4,29.93192981087514,74.2169975818816,117.94028098267846,13.010478890491848,80.2790514407914,1.9617868329489132,2.847680934924868,1.381544069147239,1.2382023674042042,0.4127327466922457,0,0,0,2026-04-05 13:17:24
505,5,37.57489371809299,72.8090726181438,111.82131183214857,12.99138746895214,80.17918407130294,2.365633533565429,4.537283740260782,3.148773036908416,2.010338062146926,0.6701104536807964,0,0,1,2026-04-05 13:17:25
506,6,37.01265093341873,74.17394746632223,102.28504268602148,13.08487596052158,80.10429633651248,2.3526672930320345,7.2662296922265535,2.109314894196679,2.345642375891053,0.7818781857030653,0,0,1,2026-04-05 13:17:27
507,7,36.51313603251692,51.380380027362925,96.72857895423746,12.999726014994131,80.11311341317446,2.99868947936362,4.153010369086021,7.159491954479108,2.86223836058575,0.9540762732743392,0,0,1,2026-04-05 13:17:28
508,8,31.599073614081583,66.20801593801512,99.99485550238713,12.949935158758407,80.22116861576465,1.6393557262158396,1.3725257396430888,0.3960051194543226,0.6815773170626502,0.2271916817152776,0,0,0,2026-04-05 13:17:29
509,9,31.93889223458118,68.49331184267048,118.17517036438838,12.9087482360671,80.19770624844752,0.6027777447347908,1.8905532824336069,1.5436524791817874,0.807396701270037,0.2691313366522235,0,0,0,2026-04-05 13:17:31
510,10,29.118210917011424,69.02159966469473,143.64989463295893,12.909465164245056,80.15899079096127,4.389185053017158,1.9653519912181745,0.5170174708686979,1.3743109030208065,0.4581021073332443,0,0,1,2026-04-05 13:17:32
511,11,30.46818443840726,76.76921817928313,87.79484315590989,13.076929213315346,80.29256332083462,0.1606199433525503,3.210200159874546,0.746528610424761,0.8234697427303714,0.2744889992801262,0,0,0,2026-04-05 13:17:34
512,12,30.832677724612772,68.77516811832876,83.29064458721018,12.92391915987617,80.21550295829283,0.6063329654812328,0.6329613181048804,1.9219628701317648,0.6322514307435756,0.2107497744152771,0,0,0,2026-04-05 13:17:35
513,13,29.302239862317457,60.89746074808848,85.88106554704818,12.950987788209884,80.25075303846799,0.3611361843347822,1.553670514996553,1.5567114171727496,0.6943036233008171,0.2314337696543735,0,0,0,2026-04-05 13:17:36
514,14,30.91866953316174,69.3317758691314,90.13788415424575,13.09455913364464,80.2191680386147,3.811132730669904,4.792946755000066,0.1502561529531298,1.75086712772462,0.5836204305067716,0,0,0,2026-04-05 13:17:38
515,15,31.37602283332052,71.95700873107539,108.89955751551976,12.999450391709688,80.22431258349924,1.5136134578183729,2.377990248168869,0.0229244170538081,0.7829056246082101,0.2609676716438312,0,0,0,2026-04-05 13:17:39
516,16,86.14398079050996,54.56008050407213,140.6269096274655,12.914657929426523,80.13858914449412,53.70192626432684,55.246255516451264,54.15789127994418,32.621214612144456,1.0,1,0,1,2026-04-05 13:17:40
517,17,28.16315242288562,64.37113481466324,105.28576647893752,12.983278183240614,80.20320424018985,3.1839467069974923,5.353510965612742,2.746825066458644,2.256856547813776,0.7522830083278974,0,0,0,2026-04-05 13:17:42
518,18,28.121720256118063,63.62141892085931,81.08231199920235,13.071278349446022,80.14335565320766,0.977963561478358,6.018096689516065,1.8712057166503016,1.7734531935289448,0.5911490940126682,0,0,0,2026-04-05 13:17:43
519,19,31.85868334287109,69.70114828533701,88.17924387379587,13.017473117184707,80.22619453157766,1.5276642781433625,1.966964993053157,4.945221850906936,1.6879702244206911,0.5626548659573439,0,0,0,2026-04-05 13:17:45
520,20,29.64239012537436,64.72885853847983,114.0499284967128,12.974492425927098,80.25557281067697,0.0546279843239325,1.3434888199034276,0.4935896678733122,0.3783412944201345,0.1261133444288967,0,0,0,2026-04-05 13:17:46
521,1,74.75234497050988,71.06485565454234,91.64276045810072,13.09847086612494,80.13626194079086,41.19642610747671,42.734664729610365,45.85868109954315,25.957954387326048,1.0,1,0,1,2026-04-05 13:17:52
522,2,28.645987689951703,76.21015716745981,114.38973718421384,12.964337493462963,80.10581968663138,1.520037416769192,21.94578822339439,2.9900849806317744,5.291182124159072,1.0,1,0,0,2026-04-05 13:17:54
523,3,31.70964024506452,69.89374302148639,112.45335045748214,13.097773155447362,80.24707536019372,1.1097797653406651,0.7271565387888709,7.252148797726647,1.8178170203712367,0.6059369870004555,0,0,0,2026-04-05 13:17:55
524,4,30.349857751171687,61.240815991962094,88.99750541682455,13.010478890491848,80.2790514407914,1.542642959350534,1.0808194332151877,0.417927940296547,0.6082780665724538,0.2027586796618857,0,0,0,2026-04-05 13:17:56
525,5,35.71518476097244,66.52117966619363,95.68113462334072,12.99138746895214,80.17918407130294,0.4221477018908288,5.249231894613366,1.8597089571205456,1.506217710724948,0.5020708966719938,0,0,1,2026-04-05 13:17:57
526,6,32.15218918718653,69.8764016264426,93.93885071744684,13.08487596052158,80.10429633651248,2.658232680991276,16.997190519907402,4.860461746232204,4.903176989426177,1.0,1,0,1,2026-04-05 13:17:58
527,7,34.28131794099924,70.46053381459282,105.49076735075948,12.999726014994131,80.11311341317446,5.206683458639652,4.409598251967304,2.231818091517681,2.3696199604249277,0.7898706872393516,0,0,1,2026-04-05 13:17:59
528,8,30.63155859851853,69.3867131499752,106.9488937551781,12.949935158758407,80.22116861576465,0.5717218630262799,1.332948012642743,0.967515015563052,0.5744369782464149,0.1914783544876233,0,0,0,2026-04-05 13:18:01
529,9,31.04882159681688,62.53126946666903,114.59637854056405,12.9087482360671,80.19770624844752,0.2872661796528923,0.8546725167693054,0.8900706377642962,0.4064018668372988,0.1354668373896416,0,0,0,2026-04-05 13:18:02
530,10,31.465800285852808,63.70495845789204,89.54722322419472,12.909465164245056,80.15899079096127,2.0849843902605016,18.576093918311035,2.347589368841384,4.601733535482585,1.0,1,0,0,2026-04-05 13:18:04
531,11,30.829928278385825,65.22767761279174,119.9871278103268,13.076929213315346,80.29256332083462,0.5425832798279835,0.4828412495562493,0.3617438399785655,0.2774336738725597,0.0924775830322431,0,0,0,2026-04-05 13:18:05
532,12,28.378304033448885,75.12346764341932,113.08702472761324,12.92391915987617,80.21550295829283,1.8124989635099735,1.949235985768739,2.454373691163891,1.2432217280885207,0.4144058613433024,0,0,0,2026-04-05 13:18:06
533,13,30.15385054162549,73.97613190006311,116.0099589610778,12.950987788209884,80.25075303846799,1.185239620537871,0.9215716604402608,0.8516106793080382,0.5916843920572341,0.1972274732608338,0,0,0,2026-04-05 13:18:08
534,14,31.309437001536484,79.8031747642951,88.0228035556486,13.09455913364464,80.2191680386147,3.5233988533206397,0.4763194360044345,0.3907674683747437,0.8780971515399635,0.2926980748530716,0,0,0,2026-04-05 13:18:09
535,15,31.81786097855459,60.426709208129765,88.94259838697191,12.999450391709688,80.22431258349924,1.8237887963702804,1.957000591055235,0.441838145234076,0.8445255065319184,0.2815075638187601,0,0,0,2026-04-05 13:18:10
536,16,29.472679205533236,74.43567839985859,87.38695964495695,12.914657929426523,80.13858914449412,5.876218173770297,1.465318329061585,56.671301584976725,12.802567617561722,1.0,1,0,0,2026-04-05 13:18:12
537,17,30.566567663478825,72.83233781249533,96.11051964531302,12.983278183240614,80.20320424018985,0.643610587617232,2.1549671158696966,2.4034152405932048,1.0403985888160268,0.3467983736107635,0,0,0,2026-04-05 13:18:13
538,18,31.34281027506237,67.24919775141035,84.80085878637573,13.071278349446022,80.14335565320766,2.237937475955018,15.719140424502848,3.221090018944306,4.235633583880434,1.0,1,0,0,2026-04-05 13:18:15
539,19,30.971888288636404,65.35110127181628,112.73449134360894,13.017473117184707,80.22619453157766,0.6217643780027444,0.8602638261126039,0.886795054234689,0.4737646516700075,0.1579210241532553,0,0,0,2026-04-05 13:18:16
540,20,31.94739126462766,73.81812249082476,96.0016543805009,12.974492425927098,80.25557281067697,2.3202910184727017,1.0796345583947893,2.305001139253303,1.140985343224159,0.3803271799841197,0,0,0,2026-04-05 13:18:17
541,1,29.30978405078486,79.89832708444682,89.4852620929309,13.09847086612494,80.13626194079086,3.3761785489801035,2.291694770476935,45.44256091972503,10.222086847836412,1.0,1,0,0,2026-04-05 13:18:24
542,2,38.88690289475678,64.59353524483006,158.14382028342632,12.964337493462963,80.10581968663138,8.741065800226316,7.14697041729502,10.240915204805075,5.225790284465283,1.0,1,0,1,2026-04-05 13:18:25
543,3,31.13480425567645,70.72756723097125,83.09423018388387,13.097773155447362,80.24707536019372,0.4718310211554239,0.2141415633969015,0.5748359893880703,0.2521617147880792,0.0840536247506105,0,0,0,2026-04-05 13:18:26
544,4,31.995748336572035,71.72533071322265,85.20696772533785,13.010478890491848,80.2790514407914,0.1638284039448265,0.4167014926324827,1.6458905854003485,0.4452840963955315,0.1484275373733859,0,0,0,2026-04-05 13:18:28
545,5,33.738628141685844,61.75426589389308,116.74408195534892,12.99138746895214,80.17918407130294,1.5254838484124562,2.6198558314625706,1.976556619286597,1.224379259832325,0.4081250595272432,0,0,1,2026-04-05 13:18:29
546,6,34.803132060965666,65.02709076503123,92.967438200958,13.08487596052158,80.10429633651248,0.1972213090698744,3.1584946386835107,2.6509428737791367,1.2013317643065045,0.4004425866268793,0,0,1,2026-04-05 13:18:30
547,7,34.17236487416268,62.33216261521154,115.20694023856716,12.999726014994131,80.11311341317446,4.056935118545681,2.6592764507237496,0.1089530668365554,1.3650329272211974,0.4550094590422023,0,0,1,2026-04-05 13:18:31
548,8,29.83137735223673,60.53618210447739,84.09683971868287,12.949935158758407,80.22116861576465,0.2974070800302577,0.836912273139569,0.8001812462818023,0.3869001198903258,0.1289662767425194,0,0,0,2026-04-05 13:18:33
549,9,29.38767024471804,70.88559953774929,96.13057245918158,12.9087482360671,80.19770624844752,1.9109362205547955,1.1770677866408714,1.6611513520988446,0.9498310718589024,0.316609301921961,0,0,0,2026-04-05 13:18:34
550,10,30.623098020043987,65.58523950584174,89.18568588892903,12.909465164245056,80.15899079096127,2.968004288880824,1.5435468588106016,0.8427022658088212,1.0708506827000497,0.3569490377365573,0,0,0,2026-04-05 13:18:36
551,11,31.551386874188445,60.115665199512144,114.93869940799408,13.076929213315346,80.29256332083462,1.6798543726425237,0.3676313178491822,0.7214585958026198,0.5537888572588652,0.1845956704340536,0,0,0,2026-04-05 13:18:37
552,12,30.89396832751597,67.02245935907442,111.41349570752912,12.92391915987617,80.21550295829283,0.8792784887340126,1.1030022813225504,2.5156642940670864,0.8995890128247299,0.2998620047348941,0,0,0,2026-04-05 13:18:38
553,13,31.00550829330956,71.40801073660751,85.65739420418389,12.950987788209884,80.25075303846799,1.938247530002084,0.7425179593948398,0.851657751684062,0.706484648216197,0.2354940977584065,0,0,0,2026-04-05 13:18:40
554,14,5.531181020150921,68.8714734644549,86.50991526805578,13.09455913364464,80.2191680386147,29.38297072598083,25.68817878601618,25.778255981385563,16.169881098676516,1.0,1,0,1,2026-04-05 13:18:41
555,15,30.72478230080517,65.52615412295894,86.81936666207515,12.999450391709688,80.22431258349924,0.6988610913654298,0.54264319632669,1.0930786777494212,0.4669165930883082,0.1556383455682841,0,0,0,2026-04-05 13:18:42
556,16,31.54145954060832,75.04334543011082,105.65006516953592,12.914657929426523,80.13858914449412,1.2092076500638669,3.4725313902010257,2.0687803350750897,1.3501038750679966,0.4500331249122491,0,0,0,2026-04-05 13:18:44
557,17,30.441843131248504,63.0481805494288,112.16398185988533,12.983278183240614,80.20320424018985,0.5012784189750157,1.3967299863352605,0.1247245322303207,0.4045465875081194,0.1348484130079964,0,0,0,2026-04-05 13:18:45
558,18,29.684635432452712,60.59201200022437,117.6326604386284,13.071278349446022,80.14335565320766,0.4896315724950284,3.3270258172969256,1.6581748426096574,1.0949664464803224,0.3649875988681112,0,0,0,2026-04-05 13:18:46
559,19,29.154233919945867,64.57031809170479,100.85096129483576,13.017473117184707,80.22619453157766,1.2689351234634998,1.8837716456145788,1.8176543686905369,0.994072227553723,0.3313563046635588,0,0,0,2026-04-05 13:18:48
560,20,30.25755652055977,62.06013414540133,83.48833096486753,12.974492425927098,80.25557281067697,0.6063913433814889,0.5471189071060749,1.6898347440678876,0.5686689989110902,0.1895557011180263,0,0,0,2026-04-05 13:18:49
561,1,30.20031484312188,79.67443371115957,92.36815897439584,13.09847086612494,80.13626194079086,2.4752212825769284,9.929210150494637,0.8905307923370174,2.6589924450817164,0.8863278606010367,0,0,0,2026-04-05 13:18:55
562,2,28.98219360061075,72.3362474468138,103.84343653452216,12.964337493462963,80.10581968663138,1.538934824812383,3.1301138776609143,9.90470929414603,2.914751599323866,0.971580627839196,0,0,0,2026-04-05 13:18:57
563,3,30.47186257316128,65.71512105071986,112.63812877873352,13.097773155447362,80.24707536019372,0.1885540942535115,9.112611502417645,0.6629416825151715,1.9928214558372652,0.6642716043737406,0,0,0,2026-04-05 13:18:58
564,4,28.356961199337416,73.32177502345264,88.53362418239001,13.010478890491848,80.2790514407914,3.5385212867754845,1.6885630477661877,3.638787137234619,1.7731742943552582,0.5910561279313263,0,0,0,2026-04-05 13:18:59
565,5,35.77198345308987,54.15701501180458,109.82546499605456,12.99138746895214,80.17918407130294,0.4842308331101108,5.665030335756686,2.033355311404023,1.636523296054164,0.5455059469982313,0,0,1,2026-04-05 13:19:01
566,6,37.51870665768436,56.34042150178247,88.58383714059813,13.08487596052158,80.10429633651248,2.88607174523186,6.166268274438605,2.715574596718696,2.3535829232778323,0.7845250260091907,0,0,1,2026-04-05 13:19:02
567,7,33.98003088305039,60.733501428131376,113.60417488370598,12.999726014994131,80.11311341317446,4.354503982714903,3.695061767692265,0.1923339911122923,1.648379948303892,0.5494581512407932,0,0,1,2026-04-05 13:19:04
568,8,29.94760687429484,63.15693220195185,94.84248433617395,12.949935158758407,80.22116861576465,0.1426342777664579,0.8328330430631693,0.1162295220581128,0.218339368577548,0.0727795469273595,0,0,0,2026-04-05 13:19:05
569,9,31.9746928147062,72.7177281782138,113.94297720244464,12.9087482360671,80.19770624844752,0.6225893878471069,1.4864684074212693,2.5870225699881644,0.9392160730513082,0.3130709807805001,0,0,0,2026-04-05 13:19:06
570,10,30.478584741658807,62.18020547502391,114.78197554263404,12.909465164245056,80.15899079096127,3.093486145421224,0.991455485951358,0.1445132783851797,0.8458909819515524,0.2819627207747816,0,0,0,2026-04-05 13:19:08
571,11,30.99994523873732,69.25593756904166,162.37073152779226,13.076929213315346,80.29256332083462,1.054193751585693,9.546610307854111,0.5514416354511269,2.2304491389781864,0.743480568057502,0,0,1,2026-04-05 13:19:09
572,12,31.85953625608287,77.26442009691208,94.65884144372352,12.92391915987617,80.21550295829283,1.7766663867743908,0.9603713010615575,0.965567928566898,0.7405211232805694,0.246839551628351,0,0,0,2026-04-05 13:19:11
573,13,30.125547861066178,74.1053223905013,98.7622393621365,12.950987788209884,80.25075303846799,1.02543619004566,0.681312680427208,0.8799604322433794,0.5173418605432496,0.1724467120253764,0,0,0,2026-04-05 13:19:12
574,14,31.234599570273417,65.89675671474873,89.84840388144991,13.09455913364464,80.2191680386147,2.3660075190229506,1.0259189929919297,25.703418550122496,5.819069012427476,1.0,1,0,0,2026-04-05 13:19:14
575,15,30.189406953905312,63.71742749469767,110.5837072307926,12.999450391709688,80.22431258349924,0.0500889872575101,0.4519195926523665,0.5353753468998583,0.207476785361947,0.0691586979249892,0,0,0,2026-04-05 13:19:15
576,16,30.168901933238686,77.80487680929538,114.59641215639866,12.914657929426523,80.13858914449412,2.562934733001022,1.1007273408385243,1.372557607369636,1.0072439362418364,0.3357468595910801,0,0,0,2026-04-05 13:19:16
577,17,28.436560219751847,67.17618855054542,108.22757960267116,12.983278183240614,80.20320424018985,2.6226562813771963,3.5331055406781595,2.005282911496657,1.6322089467104028,0.5440678353440165,0,0,0,2026-04-05 13:19:18
578,18,31.06534167613578,67.79977708441493,115.45377646015764,13.071278349446022,80.14335565320766,0.8081873020136037,3.4110270071590314,1.3807062436830684,1.1199841105711408,0.3733267924344055,0,0,0,2026-04-05 13:19:19
579,19,28.783824468413368,61.578448073149154,88.00806239652974,13.017473117184707,80.22619453157766,1.692430580651834,1.075526262099957,0.3704094515324989,0.6276732588568581,0.2092237222065453,0,0,0,2026-04-05 13:19:21
580,20,28.478569991401542,78.56049007986982,99.56074410841732,12.974492425927098,80.25557281067697,1.2816164459790862,1.608950571687231,1.778986529158228,0.933910709364909,0.311302532113196,0,0,0,2026-04-05 13:19:22
581,1,31.40142385028351,62.25969097120223,112.97235999803124,13.09847086612494,80.13626194079086,1.3015277977577604,2.206729753852892,1.2011090071616335,0.9418733117544572,0.3139567240624055,0,0,0,2026-04-05 13:19:29
582,2,29.322615448781672,78.93081216534992,98.65198956443456,12.964337493462963,80.10581968663138,1.1262547749408751,2.219890403867622,0.3404218481709229,0.7373134053958841,0.245770315897575,0,0,0,2026-04-05 13:19:30
583,3,28.36282985223832,67.68872653389253,81.0131915798766,13.097773155447362,80.24707536019372,2.3338194965550407,1.9766265735697173,2.1090327209229613,1.2838957582095438,0.4279638261904273,0,0,0,2026-04-05 13:19:32
584,4,30.24488640715477,68.31167835794345,84.40590509440239,13.010478890491848,80.2790514407914,1.6570807165509684,1.0942859359146944,1.8879252078173536,0.9278583720566034,0.3092850930685575,0,0,0,2026-04-05 13:19:33
585,5,44.27992434117773,63.831613178210645,144.858252151557,12.99138746895214,80.17918407130294,8.877912373455935,15.143327127154222,8.507940888087866,6.5058360777396045,1.0,1,0,1,2026-04-05 13:19:35
586,6,32.55893911551468,52.21089078026972,107.67152595639224,13.08487596052158,80.10429633651248,2.1478567979124605,1.3574014907152605,4.959767542169679,1.6930051661594805,0.5643331742759125,0,0,1,2026-04-05 13:19:36
587,7,36.3419858435536,57.75207696977669,107.12793071410223,12.999726014994131,80.11311341317446,2.0107187078348616,6.744651019937958,2.361954960503205,2.223464937655205,0.7411525087100392,0,0,1,2026-04-05 13:19:38
588,8,31.660377395792107,68.15652996575504,89.4223105343138,12.949935158758407,80.22116861576465,1.6020967523584524,1.6526018570189838,1.7127705214972655,0.9934938261749404,0.3311635048466306,0,0,0,2026-04-05 13:19:39
589,9,31.047303502379734,77.59823595860203,103.4800077331386,12.9087482360671,80.19770624844752,0.3343985391998423,0.6646751359454784,0.9273893123264684,0.3852925974943578,0.1284304377299935,0,0,0,2026-04-05 13:19:41
590,10,31.894679308457743,66.89736150651936,173.8037201578595,12.909465164245056,80.15899079096127,1.6170473868512616,0.8694320778906501,1.4160945667989395,0.7805148063081704,0.2601707348669406,0,0,1,2026-04-05 13:19:42
591,11,42.98109498098258,67.4978932514506,162.80541269405043,13.076929213315346,80.29256332083462,13.076376241174358,13.033656371093748,11.981149742245265,7.618236470902675,1.0,1,0,1,2026-04-05 13:19:44
592,12,30.73575536564053,73.40781772433803,93.44007693353524,12.92391915987617,80.21550295829283,0.4670615029208278,0.6154592238217104,1.1237808904423368,0.441260323436975,0.1470862841913777,0,0,0,2026-04-05 13:19:45
593,13,29.232205578143294,66.3683391004045,95.62036733841168,12.950987788209884,80.25075303846799,0.1844667292010413,1.5617857306292666,0.8933422829228839,0.5279189485506384,0.1759723962755585,0,0,0,2026-04-05 13:19:47
594,14,31.628462563797925,66.79868624400277,105.50512042964812,13.09455913364464,80.2191680386147,0.9812130792248156,5.820967741376275,0.3938629935245075,1.4392087628251196,0.4797346551595226,0,0,0,2026-04-05 13:19:48
595,15,31.28408916894432,79.17656873562693,113.04335373260268,12.999450391709688,80.22431258349924,1.2268697248599345,2.7177709424220624,1.094682215039004,1.0078645764642002,0.3359537389756035,0,0,0,2026-04-05 13:19:50
596,16,28.73677706879876,77.25748228935257,92.54369270733194,12.914657929426523,80.13858914449412,4.07812196834422,2.0180890177409587,1.4321248644399276,1.5056671701050215,0.501887383743728,0,0,0,2026-04-05 13:19:51
597,17,29.978940667586023,69.33284349988297,82.14260291952455,12.983278183240614,80.20320424018985,1.0942780060492048,5.762522967718695,1.5423804478341765,1.679836284320415,0.5599435616282663,0,0,0,2026-04-05 13:19:53
598,18,31.43285745688227,71.00247559856611,113.4796958891434,13.071278349446022,80.14335565320766,1.2111823996797213,2.0222145506341653,0.3675157807464906,0.7201825462120756,0.2400600485371967,0,0,0,2026-04-05 13:19:54
599,19,29.27066125566066,71.96368365635071,102.78907107737268,13.017473117184707,80.22619453157766,1.0579464219997483,1.171266196489378,0.4868367872472916,0.5432098811472836,0.1810693568179051,0,0,0,2026-04-05 13:19:56
600,20,30.0640484421374,71.40903008795513,83.04833089212765,12.974492425927098,80.25557281067697,0.289395342502825,1.2160708481519091,1.585478450735856,0.6181889282781181,0.2060622892184086,0,0,0,2026-04-05 13:19:57
601,1,31.255797905836157,63.04873880586226,109.18509513150168,13.09847086612494,80.13626194079086,1.491964409775072,0.6176218062288056,0.1456259444473566,0.4510424320902468,0.1503469762068282,0,0,0,2026-04-05 13:20:04
602,2,29.66380541705856,75.92752519506492,115.4640123038177,12.964337493462963,80.10581968663138,0.6777927075033539,3.27869422205134,0.3411899682768897,0.8595353795663169,0.2865108381526451,0,0,0,2026-04-05 13:20:05
603,3,30.263936090038943,64.73107540732836,110.80157811399594,13.097773155447362,80.24707536019372,0.4059953242876624,5.024986733026968,1.9011062378006256,1.466417659023051,0.4888042569934938,0,0,0,2026-04-05 13:20:07
604,4,30.574679208118063,79.4387160375292,109.17228470152334,13.010478890491848,80.2790514407914,1.322774428199665,0.8413528930881071,0.3297928009632969,0.4987840244502138,0.1662607872807803,0,0,0,2026-04-05 13:20:08
605,5,34.06424530092433,69.12627526600502,92.2959706216916,12.99138746895214,80.17918407130294,1.853158818349044,3.8863482701939938,10.215679040253406,3.191037225759289,1.0,1,0,1,2026-04-05 13:20:10
606,6,36.73178585304545,54.5864032261422,102.91558955772628,13.08487596052158,80.10429633651248,2.0093942698689204,3.721572117621445,4.172846737530769,1.980762625004227,0.6602520074947174,0,0,1,2026-04-05 13:20:11
607,7,35.85618146875672,64.7764613220285,106.70636725213149,12.999726014994131,80.11311341317446,2.445152575379929,4.13587874380167,0.4858043747968708,1.413367138795694,0.4711208091958673,0,0,1,2026-04-05 13:20:13
608,8,28.246706189024444,74.71118779300384,93.70158732233104,12.949935158758407,80.22116861576465,1.8585979248122229,1.7355943480988394,3.413671206767664,1.4015726959357453,0.4671893413474439,0,0,0,2026-04-05 13:20:15
609,9,29.04136411413249,69.76053686818327,96.45486087743166,12.9087482360671,80.19770624844752,2.3022058084529284,1.7807881236471144,2.005939388247242,1.217786664069457,0.4059275349313692,0,0,0,2026-04-05 13:20:16
610,10,31.50563616154518,75.86160955764132,100.44103902464197,12.909465164245056,80.15899079096127,2.063045210144697,2.001003978687919,0.3890431469125666,0.8906184671490366,0.2968718328102361,0,0,0,2026-04-05 13:20:18
611,11,31.32589562612501,79.10721472151232,90.76630357638724,13.076929213315346,80.29256332083462,0.7668875656935512,0.705247630588642,11.655199354857572,2.6254669102279533,0.8751527195669192,0,0,0,2026-04-05 13:20:19
612,12,31.499369546531263,77.33815955938414,111.90711788861594,12.92391915987617,80.21550295829283,1.1266118705004722,2.659277586097853,0.7636141808907304,0.9099007274978111,0.303299231501832,0,0,0,2026-04-05 13:20:21
613,13,31.5381797386452,71.32004206890555,118.64571997416208,12.950987788209884,80.25075303846799,2.5595014350680287,1.6014716794141617,2.305974160501904,1.293389454996819,0.4311283812376689,0,0,0,2026-04-05 13:20:23
614,14,30.09626952112217,78.52880893641175,88.53399165425266,13.09455913364464,80.2191680386147,0.5861742084511938,0.7409669797937065,1.5321930426757504,0.5718668461841302,0.1906216466558878,0,0,0,2026-04-05 13:20:24
615,15,31.17325903633967,79.59559355770767,80.15237025037656,12.999450391709688,80.22431258349924,1.039797780303001,1.4020422478783072,0.1108301326046472,0.5105340321571912,0.1701774434609188,0,0,0,2026-04-05 13:20:26
616,16,29.89134718724529,67.01043177971323,92.7911521126351,12.914657929426523,80.13858914449412,2.930677418920532,0.8972712725331403,1.1545701184465358,0.9965037619800416,0.3321668134373023,0,0,0,2026-04-05 13:20:27
617,17,30.69965393916732,69.64448792633323,118.51464821716505,12.983278183240614,80.20320424018985,0.3766569331152389,2.097048069690745,0.7207132715812925,0.6388836548774554,0.2129605084241237,0,0,0,2026-04-05 13:20:29
618,18,28.786145774531523,76.76105746067725,109.16981291612184,13.071278349446022,80.14335565320766,1.5651237025495632,5.828442634681253,2.646711682350748,2.008055603916313,0.6693496368066484,0,0,0,2026-04-05 13:20:31
619,19,29.06245156347397,71.540040933884,97.40800550003776,13.017473117184707,80.22619453157766,1.2776345858507945,1.5832022424074914,0.2082096921866885,0.6138093040889949,0.2046024193549337,0,0,0,2026-04-05 13:20:32
620,20,31.552412894890136,63.720621055006,113.76864826085064,12.974492425927098,80.25557281067697,1.809609273260211,1.2330312402203656,1.4883644527527338,0.906200993246662,0.3020659908622511,0,0,0,2026-04-05 13:20:34
621,1,29.01526131468177,70.06920099863859,81.39430981275046,13.09847086612494,80.13626194079086,3.717487661074717,3.0088827616514444,2.2405365911543846,1.7933814027761097,0.5977918082860089,0,0,0,2026-04-05 13:20:40
622,2,40.63315372953382,59.82985828806631,155.17570851126996,12.964337493462963,80.10581968663138,10.324951488036724,8.215432123684751,10.969348312475256,5.901946384839347,1.0,1,0,1,2026-04-05 13:20:42
623,3,28.99333574663744,75.90221055436788,99.4131571358808,13.097773155447362,80.24707536019372,1.68993780434063,1.1682031569362767,1.270600343401501,0.8257482609356817,0.2752485028168845,0,0,0,2026-04-05 13:20:44
624,4,28.409401989480184,68.42173486292255,92.70144837895484,13.010478890491848,80.2790514407914,3.5580462411569123,2.1866391754210746,2.1652772186378826,1.581992527043174,0.5273290845841094,0,0,0,2026-04-05 13:20:45
625,5,36.18182583482454,51.66667098707697,82.9549546549772,12.99138746895214,80.17918407130294,0.3835070714606772,5.870037655164218,2.1175805339002096,1.674225052105021,0.5580731571244832,0,0,1,2026-04-05 13:20:47
626,6,33.26461820555659,74.36581822397308,112.26394607226676,13.08487596052158,80.10429633651248,1.6163566882596072,3.773130861700006,3.467167647488864,1.7713310394896955,0.5904417116908596,0,0,1,2026-04-05 13:20:49
627,7,32.09728706733592,62.47914954564698,86.50214349040849,12.999726014994131,80.11311341317446,6.366953710243813,5.310515574163637,3.758894401420804,3.087272737165651,1.0,1,0,1,2026-04-05 13:20:50
628,8,29.73501157993361,60.66250839181107,101.24777966895088,12.949935158758407,80.22116861576465,0.3809574856176034,1.5107228281809837,1.488305390909165,0.6759971409415504,0.2253316292084194,0,0,0,2026-04-05 13:20:52
629,9,28.117069985802928,73.7339557709855,97.56672981052438,12.9087482360671,80.19770624844752,3.264654426347093,2.7962691102004222,0.9242941283295636,1.3970435329754158,0.4656796253930539,0,0,0,2026-04-05 13:20:54
630,10,30.972502384060142,65.90632802000253,115.05993279360747,12.909465164245056,80.15899079096127,2.6692169661007625,1.487818252514394,0.5331337774850375,0.9380337992200388,0.3126768908170436,0,0,0,2026-04-05 13:20:55
631,11,30.567005703006924,66.7988607221691,89.32156480012756,13.076929213315346,80.29256332083462,0.0912270731219386,1.400669950593657,0.7588899231180868,0.4501573893667365,0.1500519629490356,0,0,0,2026-04-05 13:20:57
632,12,31.51811074669408,75.38742412560745,81.35807352991831,12.92391915987617,80.21550295829283,1.0840982100536642,1.7347363065342474,0.0187412001628182,0.5675151433501461,0.189171083879769,0,0,0,2026-04-05 13:20:59
633,13,28.21304112480621,69.53183546328354,86.27418616378911,12.950987788209884,80.25075303846799,0.9021013708157356,2.7221372823663947,3.325138613838984,1.389875453404223,0.463290273500496,0,0,0,2026-04-05 13:21:00
634,14,29.174409904474945,75.48975802995888,100.98653905512158,13.09455913364464,80.2191680386147,0.9340231943047784,0.5618760991234844,0.9218596166472324,0.4835517820150991,0.1611833900603994,0,0,0,2026-04-05 13:21:02
635,15,28.09422438232557,64.50827086130629,88.55985502197771,12.999450391709688,80.22431258349924,2.185903083245744,2.3439484168515663,3.0790346540140945,1.521777230822281,0.5072573860828067,0,0,0,2026-04-05 13:21:04
636,16,30.740927681512847,72.90303860381383,85.00225156932697,12.914657929426523,80.13858914449412,2.0788417418368645,4.249219482092728,0.8495804942675527,1.435528343639429,0.4785078528536335,0,0,0,2026-04-05 13:21:05
637,17,28.840872799205023,68.3554489054827,107.44625046549592,12.983278183240614,80.20320424018985,2.172934457992937,2.9939134110758494,1.8587811399622929,1.405125801806216,0.4683737060230519,0,0,0,2026-04-05 13:21:07
638,18,29.19945238186431,66.228071151797,81.96512331772203,13.071278349446022,80.14335565320766,1.02172427600388,2.382397192115475,0.4133066073327889,0.7634856150904289,0.2544943567156206,0,0,0,2026-04-05 13:21:09
639,19,29.147529558836432,61.65230377030096,83.45792562213605,13.017473117184707,80.22619453157766,1.0710579989204945,1.2549484240653233,0.0850779953624609,0.4822168836696557,0.1607384254284671,0,0,0,2026-04-05 13:21:11
640,20,28.410415699752885,74.10093702111627,94.49293459812176,12.974492425927098,80.25557281067697,1.3903834328428069,0.6127205908515686,3.1419971951372503,1.0290202437663252,0.3430056045700931,0,0,0,2026-04-05 13:21:12
641,1,28.731887099957973,76.02512662159214,87.35830027687929,13.09847086612494,80.13626194079086,3.8934245158582215,1.8142730640073077,0.2833742147237963,1.198214358917865,0.3994034549611051,0,0,0,2026-04-05 13:21:19
642,2,31.84094614118313,79.79144175948821,116.8396936685291,12.964337493462963,80.10581968663138,0.9969548100712622,0.7416010476486884,8.792207588350681,2.1061526892141265,0.7020485562428547,0,0,0,2026-04-05 13:21:21
643,3,28.820821442299597,63.12615495521171,85.19099910781708,13.097773155447362,80.24707536019372,1.8709119497429183,0.8088269464731729,0.1725143043378487,0.570450640110788,0.1901495795383309,0,0,0,2026-04-05 13:21:22
644,4,28.82521097816273,64.25547991261455,97.62727871300612,13.010478890491848,80.2790514407914,1.9695947985962867,0.4893668183068994,0.4158089886825422,0.5749541211171457,0.1916507348699323,0,0,0,2026-04-05 13:21:24
645,5,34.963734390819695,61.32340145664193,114.20480205577412,12.99138746895214,80.17918407130294,0.9780722196044208,6.269525477364019,1.2180914440048412,1.6931378281946563,0.5643773948069029,0,0,1,2026-04-05 13:21:26
646,6,37.15154940295633,72.32349364054022,82.11167355138966,13.08487596052158,80.10429633651248,2.388704233930156,7.142007219903593,3.88693119739974,2.683528530246698,0.8945065283938046,0,0,1,2026-04-05 13:21:28
647,7,35.22722281050961,53.97163139032752,115.07754249039,12.999726014994131,80.11311341317446,3.129137039102176,3.225845172553895,3.1299357431736894,1.896983590965952,0.6323257559027976,0,0,1,2026-04-05 13:21:29
648,8,29.81306872133056,60.50289691871367,100.67939804482432,12.949935158758407,80.22116861576465,0.224247263242038,1.425755181337801,0.0780571413969504,0.3456119171953579,0.1152035883864913,0,0,0,2026-04-05 13:21:31
649,9,31.73268035535621,73.20696269706951,100.11946921012112,12.9087482360671,80.19770624844752,0.5090937380452907,0.9647864046612848,3.615610369553284,1.017898102451972,0.339298236489869,0,0,0,2026-04-05 13:21:33
650,10,31.576486319586504,77.91619044739443,91.59576386252284,12.909465164245056,80.15899079096127,2.2044500744840256,0.3500427489119294,0.6039839355263616,0.6316953517844633,0.2105644153801031,0,0,0,2026-04-05 13:21:35
651,11,31.92444875477213,77.63861730470373,105.28429480162916,13.076929213315346,80.29256332083462,1.3374829844881615,2.984301313126376,1.3574430517652054,1.1358454698759486,0.3786138945790009,0,0,0,2026-04-05 13:21:36
652,12,31.295546723841863,66.03479366325477,90.56782124962848,12.92391915987617,80.21550295829283,0.7534759849277108,1.667372411020434,0.2225640228522181,0.5286824837600727,0.176226907163667,0,0,0,2026-04-05 13:21:38
653,13,30.46049178535308,78.90534189000752,83.1584954580466,12.950987788209884,80.25075303846799,0.5284122806352158,1.1775180293705,2.247450660546868,0.7906761941105167,0.2635578528439961,0,0,0,2026-04-05 13:21:40
654,14,30.119575273939983,75.8443725345785,119.86123216743684,13.09455913364464,80.2191680386147,0.0420259813849028,1.358557675858697,0.9451653694650446,0.4691498053417289,0.156382747171419,0,0,0,2026-04-05 13:21:42
655,15,28.859576716520237,60.79143022135002,111.4270764152945,12.999450391709688,80.22431258349924,1.3972392063143069,0.2519392587995857,0.7653523341946595,0.4829061598617105,0.1609681833932922,0,0,0,2026-04-05 13:21:44
656,16,29.356821584358485,72.2527247252445,107.79867215745207,12.914657929426523,80.13858914449412,3.579664352122052,2.359882687683465,1.384106097154362,1.4647306273919758,0.4882419149909419,0,0,0,2026-04-05 13:21:45
657,17,30.18346252383983,78.90146735734942,96.847509582771,12.983278183240614,80.20320424018985,0.7316879370930636,2.15818382560291,1.3425897246348055,0.846492297466156,0.2821631586115232,0,0,0,2026-04-05 13:21:47
658,18,28.010249076963603,76.88207612436727,115.95995907533508,13.071278349446022,80.14335565320766,2.19360332383166,5.693304027511033,1.1892033049007082,1.8152221312486805,0.6050720268428039,0,0,0,2026-04-05 13:21:49
659,19,31.96775592649843,78.08502996739924,86.68717454446816,13.017473117184707,80.22619453157766,1.809501273987859,2.8166042797941144,2.8202263676619985,1.4892663842887943,0.4964204733613535,0,0,0,2026-04-05 13:21:51
660,20,30.35920587376241,70.9871129286838,83.60775443819028,12.974492425927098,80.25557281067697,0.5516852720253915,0.7156840737548992,1.948790174009524,0.6432319039579629,0.2144099199529211,0,0,0,2026-04-05 13:21:53
661,1,31.075576922638056,72.06606127727422,106.77157293052322,13.09847086612494,80.13626194079086,0.9996552188803493,3.365767324896931,2.3436898226800835,1.3418224732914728,0.4472726668549347,0,0,0,2026-04-05 13:22:00
662,2,30.680903611834985,70.47714508031001,87.7158184302163,12.964337493462963,80.10581968663138,0.3278625502362331,2.255327977967548,1.16004252934815,0.7486466115103863,0.2495480386766665,0,0,0,2026-04-05 13:22:01
663,3,31.26560645908916,62.95572557247528,115.52418221522058,13.097773155447362,80.24707536019372,0.5406163882609434,0.8356743160804712,2.4447850167895666,0.7642151442261963,0.2547375322836245,0,0,0,2026-04-05 13:22:03
664,4,31.01361769155107,78.368701468818,110.6521421298924,13.010478890491848,80.2790514407914,0.3673502096108052,1.2541970092556187,2.1884067133883427,0.7619907864509534,0.2539960821633772,0,0,0,2026-04-05 13:22:05
665,5,32.31305496893865,67.99016251780094,112.34416530705994,12.99138746895214,80.17918407130294,3.808626137952338,1.976123246652487,2.650679421881044,1.687085761297174,0.562360045898905,0,0,1,2026-04-05 13:22:07
666,6,31.78501573007659,57.96069145392025,83.39361563748677,13.08487596052158,80.10429633651248,2.9835380848075026,2.6421375136615133,5.366533672879736,2.1984418542697504,0.7328115087182211,0,0,1,2026-04-05 13:22:09
667,7,32.50174323916307,61.67259620526818,112.63233066377693,12.999726014994131,80.11311341317446,5.815412357049709,2.167007353250656,2.72547957134654,2.1415798563293813,0.7138575725845518,0,0,1,2026-04-05 13:22:11
668,8,29.106427661644528,62.47089586632372,83.61075706071054,12.949935158758407,80.22116861576465,0.8855162267167138,1.5400726827003968,0.7066410596860315,0.6264459938206285,0.2088146352247587,0,0,0,2026-04-05 13:22:13
669,9,29.503155429220875,63.311487990427146,101.30398902663984,12.9087482360671,80.19770624844752,1.7177816688187804,1.4208166508543212,2.229524926135337,1.0736246491616876,0.3578736901415954,0,0,0,2026-04-05 13:22:15
670,10,31.800167448776502,76.20370193974199,103.58919631242212,12.909465164245056,80.15899079096127,1.989655556498434,1.7483262029694313,0.2236811291900018,0.7923325777315735,0.2641099788772615,0,0,0,2026-04-05 13:22:16
671,11,56.15828179417205,73.95043219974909,96.78669195687245,13.076929213315346,80.29256332083462,25.405398567919136,25.35868198597864,24.23383303939992,14.99958271865954,1.0,1,0,1,2026-04-05 13:22:18
672,12,28.187366480760303,60.31041786247778,112.54325927793138,12.92391915987617,80.21550295829283,2.3316568206614505,1.5026584779791914,3.1081802430815597,1.3884991083444405,0.462831493343169,0,0,0,2026-04-05 13:22:20
673,13,29.989414133600132,78.01469485886604,86.58894399311612,12.950987788209884,80.25075303846799,0.0533543722265754,1.018275288319238,0.471077651752946,0.3085414624597519,0.1028468113305462,0,0,0,2026-04-05 13:22:22
674,14,31.6234493840568,65.11941443252829,103.70520997218854,13.09455913364464,80.2191680386147,1.527436937040985,8.412327292508172,1.503874110116815,2.2887276679331947,0.7629066796221328,0,0,0,2026-04-05 13:22:24
675,15,30.544212201882694,65.5329742453297,112.8360061541744,12.999450391709688,80.22431258349924,0.3799109681066248,0.656433243592962,1.6846354853624597,0.5441959394124093,0.1813980418106637,0,0,0,2026-04-05 13:22:26
676,16,31.1433339440899,71.55871604191658,91.34856154284878,12.914657929426523,80.13858914449412,1.7958021413106486,0.9198141172701816,1.7865123597314143,0.9004257236624491,0.3001409074177916,0,0,0,2026-04-05 13:22:28
677,17,31.6583967596838,63.93378670517941,86.77771146002581,12.983278183240614,80.20320424018985,0.7241085577219231,1.440270621698409,1.4749342358439677,0.72786268305286,0.2426200856173345,0,0,0,2026-04-05 13:22:30
678,18,31.36000110118534,68.3422422642099,101.65639299154086,13.071278349446022,80.14335565320766,1.3550465494675308,0.6170603151387546,3.349752024221736,1.0643717777656043,0.3547894099571682,0,0,0,2026-04-05 13:22:32
679,19,29.30514122820106,69.35297062839638,93.0366347619825,13.017473117184707,80.22619453157766,0.8771460539188354,1.5487970502419075,2.6626146982973715,1.017711560491623,0.3392360560436875,0,0,0,2026-04-05 13:22:34
680,20,40.37061723899838,57.63059711437799,144.67267952303183,12.974492425927098,80.25557281067697,10.492105767175357,10.490599239955923,10.011411365235968,6.19882327447345,1.0,1,0,1,2026-04-05 13:22:36
681,1,31.277257183120216,73.82761207802236,115.2748675046676,13.09847086612494,80.13626194079086,0.9164154196365965,0.3122315553193608,0.2016802604821599,0.2860654470876234,0.0953548311797705,0,0,0,2026-04-05 13:22:42
682,2,30.32474842236373,72.1952715323466,118.37605091223936,12.964337493462963,80.10581968663138,0.727249600832149,1.490333121646099,0.3561551894712593,0.5147475823899015,0.1715819555234487,0,0,0,2026-04-05 13:22:44
683,3,31.545459460183917,64.04209153191627,102.55073222987356,13.097773155447362,80.24707536019372,0.6600403324426125,8.977043496614625,0.2798530010947537,1.9833873660303984,0.6611269182537386,0,0,0,2026-04-05 13:22:46
684,4,30.23042431495966,69.70326372356969,89.49219467904018,13.010478890491848,80.2790514407914,0.4331706702073425,3.793087965906784,0.7831933765914094,1.0018904025411075,0.3339623543058548,0,0,0,2026-04-05 13:22:48
685,5,34.03382137425368,56.86692135035345,92.43084830890884,12.99138746895214,80.17918407130294,2.106218593136568,3.5312379776644938,1.7207664053150251,1.4716445952232171,0.4905465632525282,0,0,1,2026-04-05 13:22:50
686,6,34.84640796659072,54.99690574289386,113.15660538583565,13.08487596052158,80.10429633651248,0.2743998932295213,3.133407458767843,3.061392236514127,1.2938399177022983,0.4312785349723162,0,0,1,2026-04-05 13:22:52
687,7,32.46996634191798,58.32013794296042,81.32581038548959,12.999726014994131,80.11311341317446,5.718871434441489,1.606346064207531,0.0317768972450878,1.4713988791788215,0.4904646581774133,0,0,1,2026-04-05 13:22:54
688,8,31.481783872647604,62.99892746879375,97.3219131932567,12.949935158758407,80.22116861576465,1.4365675556165949,1.6544666726569872,2.3753562110030764,1.0932780878553316,0.3644248145357288,0,0,0,2026-04-05 13:22:56
689,9,29.44997783319329,70.09273456154902,82.29959920045589,12.9087482360671,80.19770624844752,1.6651176971032164,1.8815356691568383,0.0531775960275844,0.7199661924575279,0.2399879308594064,0,0,0,2026-04-05 13:22:58
690,10,29.598829809604908,76.17962798024242,157.74487119884898,12.909465164245056,80.15899079096127,4.271577540774459,1.034939813247071,2.201337639171598,1.5015709986386254,0.5005219978062158,0,0,1,2026-04-05 13:23:00
691,11,30.52657555165072,67.54003314155162,108.93633646161518,13.076929213315346,80.29256332083462,1.6059628604580851,0.8039696592101132,25.63170624252133,5.608327752437907,1.0,1,0,0,2026-04-05 13:23:02
692,12,28.968989850739256,72.11994948374742,105.2954688296242,12.92391915987617,80.21550295829283,1.3705795882274288,1.3380687624077543,0.7816233699789521,0.6980543441228271,0.2326840057609231,0,0,0,2026-04-05 13:23:04
693,13,29.514858851584563,76.48538873126218,85.0080112613602,12.950987788209884,80.25075303846799,0.5717325590602869,4.456184136440721,0.4745552820155723,1.1004943955033162,0.3668302424002974,0,0,0,2026-04-05 13:23:06
694,14,29.61941334649066,79.78796742845324,102.4348618135462,13.09455913364464,80.2191680386147,0.461096687594356,1.0491601457143034,2.004036037566141,0.7028585741749602,0.2342854104402852,0,0,0,2026-04-05 13:23:08
695,15,30.074128664360316,79.07097974562151,107.90809385425057,12.999450391709688,80.22431258349924,0.1021050677357742,4.216581368706934,0.4700835375223811,0.957753994793018,0.3192502674301145,0,0,0,2026-04-05 13:23:10
696,16,31.95066790599723,63.46915459581282,81.24307909627824,12.914657929426523,80.13858914449412,0.9607838045553264,2.159482550943254,0.8073339619073288,0.7855200634811819,0.2618391483632327,0,0,0,2026-04-05 13:23:12
697,17,29.903417243709956,78.37823351665901,93.53866254693526,12.983278183240614,80.20320424018985,0.6697345982077465,1.959827393377245,1.7549795159738435,0.8769083015117671,0.2923017928312796,0,0,0,2026-04-05 13:23:14
698,18,28.95405831097949,62.56335052414383,98.12798450773644,13.071278349446022,80.14335565320766,1.1951930455888196,3.910485519563481,2.405942790205849,1.5023242710716298,0.5007730877802506,0,0,0,2026-04-05 13:23:16
699,19,28.49557503517216,78.19293961856795,109.57453264430762,13.017473117184707,80.22619453157766,1.6536153302237864,4.953812680517388,0.8095661930288998,1.483398840754015,0.4944646320358982,0,0,0,2026-04-05 13:23:18
700,20,29.774688574162617,68.44887281099686,81.63105121027111,12.974492425927098,80.25557281067697,0.6875412770587097,0.7554550370869121,10.59592866483576,2.4077849957962765,0.8025923232910145,0,0,0,2026-04-05 13:23:20
701,1,29.860125949462294,66.20661003859527,87.40454851611474,13.09847086612494,80.13626194079086,2.400282923294234,2.044354086194287,1.4171312336579227,1.172353648629289,0.3907832469322732,0,0,0,2026-04-05 13:23:27
702,2,30.149319496165955,64.3307858472111,113.01220731437374,12.964337493462963,80.10581968663138,0.9545276431736164,1.5574949807147824,0.175428926197771,0.537490310017234,0.1791628394629464,0,0,0,2026-04-05 13:23:29
703,3,29.279380316970983,62.46642504697724,119.77545850568,13.097773155447362,80.24707536019372,1.185775872055789,0.7903445153327446,2.266079143212931,0.848439906120293,0.2828123593322332,0,0,0,2026-04-05 13:23:31
704,4,29.708652108944875,65.47590565928114,104.9738729960791,13.010478890491848,80.2790514407914,0.5394313358460394,0.5481966981352985,0.5217722060147842,0.3218800479992244,0.1072929916897691,0,0,0,2026-04-05 13:23:33
705,5,33.2619677892629,66.07128910156393,117.92140701405552,12.99138746895214,80.17918407130294,2.836279837722316,3.770927474848756,0.7718535849907795,1.4758121795123702,0.4919357533849454,0,0,1,2026-04-05 13:23:35
706,6,35.01108590607584,62.25069340504595,85.01430649054377,13.08487596052158,80.10429633651248,0.3623150950488707,4.5830357052892525,0.1646779394851236,1.0220057479646494,0.3406674470967261,0,0,1,2026-04-05 13:23:37
707,7,35.01483022859911,56.47506602039917,112.33068431695904,12.999726014994131,80.11311341317446,2.987584967746926,4.226381696462995,2.544863886681128,1.9517661101782096,0.650586534770954,0,0,1,2026-04-05 13:23:39
708,8,28.641517582401093,66.69321793160535,98.03953207909844,12.949935158758407,80.22116861576465,1.4804235849502234,0.8209043996101641,2.840266290246511,1.0283188549613798,0.3427718090810963,0,0,0,2026-04-05 13:23:41
709,9,29.00942124498511,72.06988011675924,114.30783347920836,12.9087482360671,80.19770624844752,2.0231265419850537,0.3325812071498895,0.4405565882081816,0.559252867468625,0.186417001099538,0,0,0,2026-04-05 13:23:43
710,10,28.248905423022965,66.85403948436218,116.84446390172928,12.909465164245056,80.15899079096127,2.5692636576569576,1.7274542442175662,1.349924386581943,1.1293284576912934,0.3764415644252163,0,0,0,2026-04-05 13:23:46
711,11,30.41044205924565,75.03050045396081,116.54076518722404,13.076929213315346,80.29256332083462,1.8394837500075631,0.8746268017768107,0.1161334924050656,0.566048808837888,0.1886823073382715,0,0,0,2026-04-05 13:23:48
712,12,31.27703045415309,66.26175973712894,110.52691295750972,12.92391915987617,80.21550295829283,0.9102577749991454,2.221764561162837,2.3080406034138363,1.088012587915164,0.3626696537395421,0,0,0,2026-04-05 13:23:50
713,13,28.017095758586933,61.35412251554983,92.27816777661047,12.950987788209884,80.25075303846799,2.0184638704081053,1.8806497783186675,1.49776309299763,1.0793753483448807,0.3597905834796819,0,0,0,2026-04-05 13:23:52
714,14,29.08286281829476,78.5189751738252,93.38817431367411,13.09455913364464,80.2191680386147,0.883842968793477,0.703794840916571,0.5365505281958995,0.4248376675811895,0.1416120838201171,0,0,0,2026-04-05 13:23:54
715,15,29.22949627053047,78.76413389659069,107.13129785513588,12.999450391709688,80.22431258349924,1.0105660452883285,0.6510115040566475,0.8446323938298441,0.5012419886349642,0.1670801059446349,0,0,0,2026-04-05 13:23:56
716,16,28.9405107244725,71.9244019876402,105.87832705336211,12.914657929426523,80.13858914449412,3.9962713677673527,0.6564415312185332,3.010157181524729,1.532574016102123,0.5108563025130326,0,0,0,2026-04-05 13:23:58
717,17,28.81713342015407,79.06824669161358,96.30110521677643,12.983278183240614,80.20320424018985,1.7310315810481214,1.6776043524127335,1.0862838235558812,0.8989839514033473,0.2996603182667215,0,0,0,2026-04-05 13:24:00
718,18,29.005881957838007,74.68266160476931,97.98030431480773,13.071278349446022,80.14335565320766,1.0711322216200188,4.289465403541075,0.0518236468585158,1.082484254403922,0.3608268820450338,0,0,0,2026-04-05 13:24:03
719,19,31.206198883270467,61.17978571237866,94.3990797401506,13.017473117184707,80.22619453157766,1.0344246774312855,1.9324261283214144,2.710623848098308,1.1354949307702018,0.3784970485999052,0,0,0,2026-04-05 13:24:05
720,20,30.14557416366253,67.5473299043731,85.97003358243211,12.974492425927098,80.25557281067697,0.3154106271903849,1.5162042931563655,0.3708855894999132,0.4405001019693328,0.1468328778801846,0,0,0,2026-04-05 13:24:07
721,1,30.016906169752158,71.83510672421767,90.93167819279329,13.09847086612494,80.13626194079086,2.2416079785464333,2.313082433231743,0.1567802202898605,0.9422941264136074,0.3140969951478853,0,0,0,2026-04-05 13:24:14
722,2,31.25446698613289,69.00318537776016,89.16360355671004,12.964337493462963,80.10581968663138,0.0723086981058571,3.0266270224121783,1.1051474899669351,0.8408166420969941,0.280271279794732,0,0,0,2026-04-05 13:24:16
723,3,28.97532701220613,66.54531644541481,104.57322005097704,13.097773155447362,80.24707536019372,1.483979456937771,1.257840908064163,0.304053304764853,0.6091747339533574,0.2030575677925598,0,0,0,2026-04-05 13:24:18
724,4,28.56821504739886,61.41239051576615,94.79781213826364,13.010478890491848,80.2790514407914,1.722882151531948,1.62554139175563,1.1404370615460169,0.8977721209667191,0.2992563761343192,0,0,0,2026-04-05 13:24:20
725,5,35.618547885645945,64.71467046466205,86.62079192914537,12.99138746895214,80.17918407130294,0.3225776505173812,5.867605027660943,2.3565800963830483,1.7093525549122748,0.5697822856964726,0,0,1,2026-04-05 13:24:23
726,6,34.106694429789,61.13146447135728,89.19416395991993,13.08487596052158,80.10429633651248,0.4980633742698899,3.3662455102659834,0.9043914762868396,0.9537400721645428,0.317912297680522,0,0,1,2026-04-05 13:24:25
727,7,32.789484608043644,67.3053743674522,101.3865154493523,12.999726014994131,80.11311341317446,5.138611071514255,2.7158945165728974,2.2253456205554656,2.015970241728524,0.6719878406167058,0,0,1,2026-04-05 13:24:27
728,8,28.816699720076038,76.486736147529,109.17778035859575,12.949935158758407,80.22116861576465,1.1506611993666027,1.086789465214732,0.1751821376749411,0.4825265604512552,0.1608416506782494,0,0,0,2026-04-05 13:24:29
729,9,29.019080674892752,79.11621060338192,84.64525138318209,12.9087482360671,80.19770624844752,1.8910953659331824,1.0768353286489485,0.0096594299076429,0.5955180248979548,0.1985053466148295,0,0,0,2026-04-05 13:24:32
730,10,28.271577555776314,63.98847196076075,197.3395813495229,12.909465164245056,80.15899079096127,2.514900122756256,1.4739630620631334,0.0226721327533496,0.8023070635145477,0.2674347963888612,0,0,1,2026-04-05 13:24:34
731,11,31.387160155357996,70.24344450295061,204.21868978627344,13.076929213315346,80.29256332083462,0.791332146633966,2.5116918627247435,0.976718096112343,0.8559484210942105,0.2853151893141058,0,0,1,2026-04-05 13:24:36
732,12,28.25886673448554,67.00387895700608,87.31702166886812,12.92391915987617,80.21550295829283,2.105770634771865,0.5199393006321044,3.018163719667552,1.1287747310143044,0.3762569894814698,0,0,0,2026-04-05 13:24:39
733,13,31.333291430515143,77.52384928182596,105.77447350329884,12.950987788209884,80.25075303846799,1.4679585384523932,2.2595778911071114,3.316195671928213,1.4087464202975435,0.4695805748305984,0,0,0,2026-04-05 13:24:41
734,14,28.393423384926564,78.1509987259471,117.1683446304319,13.09455913364464,80.2191680386147,1.4924989667497712,2.1294719653516325,0.6894394333681966,0.86228207309392,0.2874263996099746,0,0,0,2026-04-05 13:24:44
735,15,29.69585429581901,76.81986048322551,107.782330619398,12.999450391709688,80.22431258349924,0.5654679016863149,0.9462617769866384,0.4663580252885424,0.3956175407922991,0.1318720740238529,0,0,0,2026-04-05 13:24:46
736,16,30.083394308302275,69.71364653272767,89.60462013195624,12.914657929426523,80.13858914449412,2.889442448079066,1.349067687922033,1.142883583829775,1.0762787439661747,0.3587583854607734,0,0,0,2026-04-05 13:24:49
737,17,31.84985194561387,70.77210153942146,111.2148106792708,12.983278183240614,80.20320424018985,1.380346799403874,2.985281938454924,3.0327185254597997,1.4796694526637193,0.493221506816217,0,0,0,2026-04-05 13:24:51
738,18,30.79280583683611,64.37699896941807,95.78984670427587,13.071278349446022,80.14335565320766,0.827249259924443,2.028822343748127,1.7869238789981026,0.9285990965341346,0.3095320004047102,0,0,0,2026-04-05 13:24:54
739,19,30.619985861268244,65.53440413493529,100.42106348609968,13.017473117184707,80.22619453157766,0.2946730463226714,0.8761364491335245,0.586213022002223,0.3514045034916838,0.117134444049081,0,0,0,2026-04-05 13:24:56
740,20,38.812518344110806,65.818675708123,143.93071303527606,12.974492425927098,80.25557281067697,8.296635539060425,8.86390319530741,8.666944180448276,5.165496582963222,1.0,1,0,1,2026-04-05 13:24:59
741,1,30.923802017938645,75.13712757134597,112.63681202505076,13.09847086612494,80.13626194079086,1.3398627605873197,1.9480890753216575,0.9068958481864904,0.8389695368190936,0.2796555800877642,0,0,0,2026-04-05 13:25:06
742,2,29.11610306307128,68.60687730727138,98.69332411742926,12.964337493462963,80.10581968663138,2.1694114421507145,1.8283994324994417,2.138363923061611,1.2272349595423535,0.409076956257597,0,0,0,2026-04-05 13:25:08
743,3,28.160367715765265,75.7823646991381,91.5083753081737,13.097773155447362,80.24707536019372,2.2127593093284723,1.9731554180856687,0.8149592964408647,1.0001748047710013,0.3333904902886994,0,0,0,2026-04-05 13:25:11
744,4,85.42010650672242,69.36143836593396,97.85814668908692,13.010478890491848,80.2790514407914,55.14099752965835,52.3773203396564,56.85189145932356,32.87404186572766,1.0,1,0,1,2026-04-05 13:25:13
745,5,37.3227410902738,54.038473486658745,80.8992893618968,12.99138746895214,80.17918407130294,1.2864571904924418,6.60084372270676,1.704193204627856,1.9182988235654117,0.6394308097524379,0,0,1,2026-04-05 13:25:16
746,6,32.98275550222164,64.35899996194948,87.68766735735821,13.08487596052158,80.10429633651248,1.5861265844811498,1.48072468128217,1.123938927567366,0.8381580386661373,0.279385081605107,0,0,1,2026-04-05 13:25:19
747,7,33.79612248463265,56.17985557340965,86.97774437694966,12.999726014994131,80.11311341317446,3.9192735929302094,3.736651558333021,1.0066378765890036,1.732512605570447,0.5775022768492262,0,0,1,2026-04-05 13:25:21
748,8,29.41979922767564,67.25036049701562,116.0009728715434,12.949935158758407,80.22116861576465,0.5270539153089189,1.8348258046559456,0.6030995075996053,0.5929958455128941,0.1976646229555548,0,0,0,2026-04-05 13:25:24
749,9,30.24634520385597,71.8729022383973,108.22890650525969,12.9087482360671,80.19770624844752,0.6613552003362884,1.5962640312101388,1.227264528963218,0.696976752101929,0.2323248096179442,0,0,0,2026-04-05 13:25:26
750,10,30.387691122724288,63.19436852851729,105.85367293231552,12.909465164245056,80.15899079096127,0.2752736439893866,0.8581557071763596,2.1161135669479734,0.649908583622744,0.2166354724226732,0,0,0,2026-04-05 13:25:28
751,11,28.56804778445394,64.62275751267396,108.34437899060796,13.076929213315346,80.29256332083462,3.7306537011448135,19.14478773016151,2.819112370904051,5.138910760442076,1.0,1,0,0,2026-04-05 13:25:31
752,12,28.623402736907085,62.58989265089432,104.42112201394372,12.92391915987617,80.21550295829283,1.671712858581916,1.7097425504418335,0.3645360024215449,0.749198282289059,0.2497319283232586,0,0,0,2026-04-05 13:25:34
753,13,31.6194296309539,69.54698057638267,100.63018713803422,12.950987788209884,80.25075303846799,1.7346522777305182,4.129582003493994,0.2861382004387529,1.2300744963326529,0.4100234653659997,0,0,0,2026-04-05 13:25:37
754,14,30.870880062957124,70.20803252822363,114.47088536553966,13.09455913364464,80.2191680386147,1.0539434294365897,1.7547462757946402,2.47745667803056,1.057229276652358,0.3524085841888386,0,0,0,2026-04-05 13:25:40
755,15,29.620554414165724,63.44409233443141,85.2367806405461,12.999450391709688,80.22431258349924,0.6523489078379825,4.140230969498583,0.0752998816532866,0.9735759517979704,0.3245242355185384,0,0,0,2026-04-05 13:25:42
756,16,29.88724807581857,70.5931650453203,104.15593474440035,12.914657929426523,80.13858914449412,3.150540510263422,0.5435617292301357,0.1961462324837022,0.778049694395452,0.2593490336350385,0,0,0,2026-04-05 13:25:45
757,17,28.125031901027867,77.2545636212405,111.44994916856407,12.983278183240614,80.20320424018985,2.482487123510513,3.995999676343855,3.724820044586004,2.0406613688880744,0.6802181889020618,0,0,0,2026-04-05 13:25:47
758,18,31.659863028043908,60.84364682168104,83.59192110312328,13.071278349446022,80.14335565320766,1.645029801370402,1.3984043136239102,0.8670571912077989,0.7820982612404223,0.2606985514183026,0,0,0,2026-04-05 13:25:50
759,19,30.22225647299486,65.00279549286033,89.27270001916943,13.017473117184707,80.22619453157766,0.1895256973726979,3.763062833970692,0.3977293882733832,0.8700635839233546,0.2900202279070251,0,0,0,2026-04-05 13:25:52
760,20,28.114425217659903,78.90419148463741,90.37762799323484,12.974492425927098,80.25557281067697,2.8266242316684043,2.105502539938518,10.698093126450903,3.126043979611565,1.0,1,0,0,2026-04-05 13:25:55
761,1,28.555889373181763,72.84582975921305,85.7751085338172,13.09847086612494,80.13626194079086,3.714469725332144,3.2819434912257925,2.367912644756881,1.872865172262964,0.6242863097999553,0,0,0,2026-04-05 13:26:02
762,2,30.619899811548223,72.61585791994226,105.3069138656878,12.964337493462963,80.10581968663138,0.5331452895902089,1.3803610325460045,1.5037967484769474,0.6834606141226323,0.227819445309393,0,0,0,2026-04-05 13:26:05
763,3,29.32955026766352,77.66903756416201,119.39651392780648,13.097773155447362,80.24707536019372,0.9269954711780954,1.0651794946115083,1.1691825518982526,0.6322715035375713,0.210756465324306,0,0,0,2026-04-05 13:26:08
764,4,29.04556364597767,64.427667512136,83.9744399865948,13.010478890491848,80.2790514407914,3.914730801583264,0.8942740078410042,56.374542860744754,12.236709534033809,1.0,1,0,0,2026-04-05 13:26:10
765,5,34.940262854728495,70.71131521120098,97.92689950747784,12.99138746895214,80.17918407130294,1.2114169761805584,5.617648591999011,2.3824782355453067,1.842308760744975,0.6141008732454142,0,0,1,2026-04-05 13:26:12
766,6,34.97044459388673,68.1893389288388,101.24174079325208,13.08487596052158,80.10429633651248,0.4173087119648073,3.6331529652672927,1.9876890916650964,1.2076301537794394,0.4025420427863371,0,0,1,2026-04-05 13:26:15
767,7,34.2671264236164,63.425550816202765,91.12800727928898,12.999726014994131,80.11311341317446,3.422879253551166,2.309208812917588,0.4710039389837561,1.240618401090502,0.4135380885698721,0,0,1,2026-04-05 13:26:17
768,8,30.32073282732212,68.55441896510997,80.63049176575963,12.949935158758407,80.22116861576465,0.320042255714732,1.730575940113689,0.900933599646482,0.5903103590949808,0.1967694638001142,0,0,0,2026-04-05 13:26:19
769,9,28.703433409744875,69.57986517247782,106.12295360828968,12.9087482360671,80.19770624844752,2.223674858461827,1.1271959344648164,1.5429117941110952,0.9787565174075478,0.326251084965566,0,0,0,2026-04-05 13:26:22
770,10,29.116896800603545,62.53912612768611,166.826317632697,12.909465164245056,80.15899079096127,1.0879697007810094,0.5591029099233857,1.270794322120743,0.5835733865650277,0.1945238137756299,0,0,1,2026-04-05 13:26:24
771,11,28.570295555603835,62.5418061107596,96.40736191844567,13.076929213315346,80.29256332083462,3.691612971357195,1.1783691032622687,0.0022477711498929,0.9744459691538714,0.324814240337156,0,0,0,2026-04-05 13:26:27
772,12,29.04503195323288,72.49341351708067,103.52118725711868,12.92391915987617,80.21550295829283,1.1279592676843926,1.3972323650994225,0.421629216325794,0.5893641698219217,0.1964540684270791,0,0,0,2026-04-05 13:26:29
773,13,29.20832522423397,75.24955996284359,94.14024550593402,12.950987788209884,80.25075303846799,0.7913548461772635,0.7898669602211044,2.411104406719925,0.7984652426236587,0.2661541936939072,0,0,0,2026-04-05 13:26:32
774,14,29.87471307638877,63.08603186280595,101.32483185762158,13.09455913364464,80.2191680386147,0.0532796641421633,0.7323745753720937,0.9961669865683512,0.3563642452165216,0.1187876857798879,0,0,0,2026-04-05 13:26:34
775,15,31.38143505727568,67.27828610889419,99.7069351612686,12.999450391709688,80.22431258349924,1.089308383221951,2.560863860048133,1.760880643109953,1.0822105772760076,0.3607356566398137,0,0,0,2026-04-05 13:26:36
776,16,30.111732123962188,72.864948631977,84.72879685995495,12.914657929426523,80.13858914449412,2.9980021994498536,0.9704339083873316,0.2244840481436156,0.8385840311961601,0.2795270786417912,0,0,0,2026-04-05 13:26:39
777,17,43.613120667821086,74.53735570251973,129.33670697455764,12.983278183240614,80.20320424018985,13.11978507078149,11.398977088045656,15.48808876679322,8.001370185124074,1.0,1,0,1,2026-04-05 13:26:41
778,18,31.242284748951032,64.37156672702609,102.43944066933028,13.071278349446022,80.14335565320766,1.123545353353922,3.146465631790113,0.4175782790928757,0.9375178528473824,0.3125049092660965,0,0,0,2026-04-05 13:26:44
779,19,29.12584791124347,73.01646875934227,97.01017707693296,13.017473117184707,80.22619453157766,1.2590772374968182,5.91809419873113,1.0964085617513923,1.6547159995958682,0.5515701612980851,0,0,0,2026-04-05 13:26:46
780,20,31.06262266546236,77.48554252413962,93.9209752112574,12.974492425927098,80.25557281067697,0.1563520424725411,0.971666557060646,2.9481974478024533,0.8152432094671281,0.2717468306662738,0,0,0,2026-04-05 13:26:49
781,1,31.67846228475001,69.03073140306992,116.02802808430128,13.09847086612494,80.13626194079086,0.5033302643573734,1.843969684432313,3.1225729115682483,1.093974572071587,0.3646569751672784,0,0,0,2026-04-05 13:26:56
782,2,28.557598253108686,68.04560768574021,95.89810533003894,12.964337493462963,80.10581968663138,2.652735343801165,2.6076535296186925,2.06230155843954,1.4645380863718795,0.4881777348648436,0,0,0,2026-04-05 13:26:59
783,3,28.1099218638902,60.271392692546165,87.83149233964212,13.097773155447362,80.24707536019372,2.139588521839727,1.080363650521825,1.2196284037733172,0.8879161152269739,0.2959710518388185,0,0,0,2026-04-05 13:27:01
784,4,28.22211065924863,69.76758384130807,92.4179379613158,13.010478890491848,80.2790514407914,4.778006747964863,2.3011912187452026,0.8234529867290377,1.5805301906878206,0.5268416407571377,0,0,0,2026-04-05 13:27:04
785,5,34.405523863981394,58.82864102848373,108.25946480088663,12.99138746895214,80.17918407130294,1.7586688332689917,5.837120521094445,0.5347389907471012,1.6261056690221074,0.542033416229315,0,0,1,2026-04-05 13:27:06
786,6,34.13003615663364,60.88812412166831,109.22727705859305,13.08487596052158,80.10429633651248,0.5627859073951242,1.8254718488496653,0.840408437253096,0.6457332386995772,0.2152436954208743,0,0,1,2026-04-05 13:27:09
787,7,34.85181867433877,62.63598987435796,91.94001323239814,12.999726014994131,80.11311341317446,2.920620190777136,3.4500163856584023,0.5846922507223695,1.3910657654315817,0.4636870428537177,0,0,1,2026-04-05 13:27:11
788,8,31.89946551989632,66.98559001579675,88.82106294303638,12.949935158758407,80.22116861576465,1.8804001122307312,5.753076336750183,1.5787326925741958,1.8424418283110224,0.6141452289529109,0,0,0,2026-04-05 13:27:14
789,9,29.04665021875304,77.21366786162059,104.06466702982588,12.9087482360671,80.19770624844752,1.7301852196428982,0.974893382837981,0.3432168090081653,0.609659082297809,0.2032190167025473,0,0,0,2026-04-05 13:27:16
790,10,30.61150592416641,64.18033380119658,99.92650943593262,12.909465164245056,80.15899079096127,0.4346549324878062,1.210367825517043,1.4946091235628671,0.6279263763135433,0.2093080944108664,0,0,0,2026-04-05 13:27:19
791,11,28.303418306793752,67.19399792635386,96.84209806523955,13.076929213315346,80.29256332083462,3.932982939703095,0.615366286681231,0.2668772488100828,0.9630452950388818,0.3210140282995329,0,0,0,2026-04-05 13:27:21
792,12,28.49608691956822,71.0512802524679,94.0827576896479,12.92391915987617,80.21550295829283,1.5685586236806015,1.5553934013928898,0.5489450336646584,0.7345794117476301,0.2448589877192509,0,0,0,2026-04-05 13:27:24
793,13,29.76584844994532,62.53735761939608,99.22044652335164,12.950987788209884,80.25075303846799,0.237033767329116,1.566717605281711,0.5575232257113463,0.4722549196644347,0.1574177818288721,0,0,0,2026-04-05 13:27:26
794,14,30.45418874959727,60.96541290679118,96.624019354248,13.09455913364464,80.2191680386147,0.5000132343960644,1.941126055621465,0.5794756732084991,0.6041229926452057,0.2013736596362031,0,0,0,2026-04-05 13:27:29
795,15,29.758884841968023,67.38964880744213,108.86248550872337,12.999450391709688,80.22431258349924,0.6234311007399533,5.263670193357317,1.6225502153076548,1.5019303018809849,0.5006417651544445,0,0,0,2026-04-05 13:27:32
796,16,28.87395010551097,75.65574521946816,117.07023191392815,12.914657929426523,80.13858914449412,4.162245860176803,0.7422025947665981,1.2377820184512167,1.2284460946789235,0.4094806666240858,0,0,0,2026-04-05 13:27:34
797,17,28.4557696885612,76.83688941218472,101.81133305117082,12.983278183240614,80.20320424018985,2.6897811651860266,3.5655217200540434,15.157350979259885,4.282530772899991,1.0,1,0,0,2026-04-05 13:27:37
798,18,30.58264796372975,66.9053824572166,100.34490944181672,13.071278349446022,80.14335565320766,0.4967408424632324,2.9707910748443886,0.6596367852212808,0.8254337405057804,0.27514366302305,0,0,0,2026-04-05 13:27:39
799,19,28.257266276502087,65.91942614569477,94.9894358039617,13.017473117184707,80.22619453157766,2.063278856374964,1.5018261221617737,0.868581634741382,0.886737322655624,0.295578122291467,0,0,0,2026-04-05 13:27:42
800,20,31.510211383125142,75.97300280424241,92.48336410479548,12.974492425927098,80.25557281067697,0.5311915838756143,1.2949812037027055,0.4475887176627857,0.4547523010482211,0.1515835950707568,0,0,0,2026-04-05 13:27:45
801,1,28.43808085422928,74.29829828670856,107.1073225756611,13.09847086612494,80.13626194079086,3.897418860048134,3.2842101024242765,3.240381430520735,2.084402078598629,0.6947983768716202,0,0,0,2026-04-05 13:27:52
802,2,36.89855761501286,55.401313960000095,131.1225604943166,12.964337493462963,80.10581968663138,5.748730010720912,5.45279938034081,8.340959361904176,3.90849775059318,1.0,1,0,1,2026-04-05 13:27:55
803,3,28.213998517392454,70.47411844128769,98.76554123497009,13.097773155447362,80.24707536019372,2.035453993281969,0.7909592602385788,0.1040766535022577,0.5860979814045612,0.1953653425837117,0,0,0,2026-04-05 13:27:57
804,4,28.93492130067045,78.02321024695958,108.3405999942418,13.010478890491848,80.2790514407914,3.9677669075421846,1.3589695493068774,0.7128106414218145,1.2079094196541755,0.4026351311009548,0,0,0,2026-04-05 13:28:00
805,5,33.926632970253834,54.53762587560905,109.02014527744882,12.99138746895214,80.17918407130294,2.2294934849874157,5.102659367910064,0.4788908937275593,1.562208749325008,0.5207345139932893,0,0,1,2026-04-05 13:28:02
806,6,32.481697727523475,61.68842828800592,90.87971506936728,13.08487596052158,80.10429633651248,2.148053638787814,2.7709291946344066,1.6483384291101617,1.3134642525064766,0.4378199581022985,0,0,1,2026-04-05 13:28:05
807,7,36.47500728521094,65.3487657201819,116.64887364248683,12.999726014994131,80.11311341317446,1.208123899057803,2.954761322080073,1.6231886108721696,1.1572147664020092,0.3857369696774374,0,0,1,2026-04-05 13:28:08
808,8,31.88411693380695,74.49678023132779,116.60355359589344,12.949935158758407,80.22116861576465,1.7560203595260653,2.9782152477820367,0.0153485860893667,0.9499168386794936,0.316637890766862,0,0,0,2026-04-05 13:28:10
809,9,30.28226037160501,76.97264604445633,81.97730688482633,12.9087482360671,80.19770624844752,0.3576439173893178,1.2390918556000432,1.2356101528519725,0.5664691851682667,0.1888224323146478,0,0,0,2026-04-05 13:28:13
810,10,31.12250454871034,60.54835439534946,175.08898868843244,12.909465164245056,80.15899079096127,0.8477400594429589,1.9050720831489367,0.5109986245439266,0.6527621534271646,0.2175866591868575,0,0,1,2026-04-05 13:28:15
811,11,42.74563798678847,53.82387047661471,131.8547376633903,13.076929213315346,80.29256332083462,10.536168285187143,13.54460179756841,14.442219679994714,7.7045979525500545,1.0,1,0,1,2026-04-05 13:28:18
812,12,28.50815017171809,78.9650607010969,93.15850308239762,12.92391915987617,80.21550295829283,1.473147329808075,2.1359250800676755,0.0120632521498649,0.7242271324051232,0.2414082394409095,0,0,0,2026-04-05 13:28:21
813,13,28.91949623409275,68.92596393287215,82.63590403047306,12.950987788209884,80.25075303846799,0.976018413014618,1.988893970373752,0.8463522158525691,0.7622529198481879,0.254083459671197,0,0,0,2026-04-05 13:28:23
814,14,38.64801229617717,57.37123721900238,139.55203101128347,13.09455913364464,80.2191680386147,8.684210771586503,8.307461829690364,8.1938235465799,5.0370992295713535,1.0,1,0,1,2026-04-05 13:28:26
815,15,31.825446820657945,66.30593603401802,97.1479654969817,12.999450391709688,80.22431258349924,1.3817593171846774,2.4176977045951347,2.066561978689922,1.1732038000939469,0.3910666298092162,0,0,0,2026-04-05 13:28:29
816,16,31.696560118076867,76.59467932606461,112.92462867134304,12.914657929426523,80.13858914449412,1.2699077439254012,2.3967842709247926,2.822610012565896,1.297860405483218,0.4326186930987623,0,0,0,2026-04-05 13:28:31
817,17,29.51023725642751,70.27941593756108,90.6450538032537,12.983278183240614,80.20320424018985,1.6159023814647568,3.035161651812068,1.0544675678663076,1.1411063202286265,0.3803675055178571,0,0,0,2026-04-05 13:28:34
818,18,31.967942580726397,72.17364483749519,102.2049417418764,13.071278349446022,80.14335565320766,1.8322835299553724,2.850227192592916,1.3852946169966422,1.213561067908986,0.4045190075729701,0,0,0,2026-04-05 13:28:37
819,19,31.94014835664045,60.97062477114715,105.16397606972184,13.017473117184707,80.22619453157766,1.7974458091463568,0.9915165365702472,3.6828820801383593,1.2943688851709927,0.4314548568741413,0,0,0,2026-04-05 13:28:39
820,20,42.672519254075866,58.40703099176668,164.53424975529762,12.974492425927098,80.25557281067697,11.548614746723182,11.796165924556652,11.162307870950723,6.901417708446111,1.0,1,0,1,2026-04-05 13:28:42
821,1,31.589305135803784,66.06955944898753,108.95968663579268,13.09847086612494,80.13626194079086,0.6085156775423073,2.7765790656718963,3.151224281574507,1.307263804957742,0.4357531491420835,0,0,0,2026-04-05 13:28:50
822,2,41.99563448723436,69.55096719128836,147.06352547453864,12.964337493462963,80.10581968663138,10.534797050468097,8.897610503234972,5.097076872221493,4.905896885184912,1.0,1,0,1,2026-04-05 13:28:53
823,3,28.37247694811767,74.116256814026,104.7452094397186,13.097773155447362,80.24707536019372,1.822055392823472,9.405455931751026,0.1584784307252107,2.277197951059942,0.7590634534751357,0,0,0,2026-04-05 13:28:55
824,4,28.48306430750252,72.9802253085098,114.98766314242584,13.010478890491848,80.2790514407914,4.267140064161538,6.996307169622235,0.4518569931679295,2.3430608453903408,0.7810176784045189,0,0,0,2026-04-05 13:28:58
825,5,32.19441020045909,58.95339258850284,113.31384458068766,12.99138746895214,80.17918407130294,3.8336099931970224,1.102466055883789,1.7322227697947454,1.3336597637751115,0.4445517727524613,0,0,1,2026-04-05 13:29:01
826,6,37.641098748437386,65.32031179707657,99.33378723940002,13.08487596052158,80.10429633651248,3.112826667135174,4.2970137478570125,5.159401020913911,2.51384828718122,0.8379466359049534,0,0,1,2026-04-05 13:29:03
827,7,34.34484784140764,57.7807871897338,110.54780601124422,12.999726014994131,80.11311341317446,0.5664358669404947,4.059376515818838,2.1301594438033007,1.351194365312527,0.450396620448774,0,0,1,2026-04-05 13:29:06
828,8,28.911912495911476,78.95924987991238,96.40533209478416,12.949935158758407,80.22116861576465,1.2443083542087834,0.3365569409635671,2.9722044378954777,0.9106139466135657,0.3035369704146205,0,0,0,2026-04-05 13:29:09
829,9,29.039692680850337,62.193173624707946,96.70404831818676,12.9087482360671,80.19770624844752,1.5743439312744805,0.9140448539770388,1.242567690754676,0.7461912952012391,0.2487296026350709,0,0,0,2026-04-05 13:29:11
830,10,30.76987137505333,60.35176644422445,105.32863482317,12.909465164245056,80.15899079096127,0.4016407077240416,1.6395295468539264,0.3526331736570043,0.4787606856469945,0.1595863632611206,0,0,0,2026-04-05 13:29:14
831,11,30.07401479889736,65.59020364528199,108.47739017421034,13.076929213315346,80.29256332083462,2.844261182703555,3.955495279818115,12.671623187891107,3.894275930082556,1.0,1,0,0,2026-04-05 13:29:17
832,1,31.953694831592006,61.07507631138281,108.87906829251216,13.05176725835756,80.13242321966398,0.2619801705302684,2.697601558598468,0.3643896957882226,0.6647942849833917,0.2215973563366094,0,0,0,2026-04-05 13:30:09
833,2,30.522009633308564,63.90711906436345,107.10867306843564,12.977180321877622,80.13227589045871,1.5397571605753555,2.223263086672636,11.473624853925791,3.047329020234757,1.0,1,0,0,2026-04-05 13:30:12
834,3,31.324953801049677,62.55825949192116,97.90325432647734,12.91577179326615,80.29722954696307,1.142832609344758,5.523275549771568,2.952476852932005,1.923717002409666,0.6412368633470109,0,0,0,2026-04-05 13:30:15
835,4,30.645575052414845,60.1812352373976,107.28525656244476,12.91067326786774,80.19708472041803,1.9527068730558772,1.2892011916332524,2.1625107449123284,1.0808837619202916,0.3602933863288094,0,0,0,2026-04-05 13:30:18
836,5,34.52361139923846,65.17975366603108,80.25433404940621,13.003304652985474,80.2700789801015,0.7428448999000352,4.476845158671979,2.329201198779373,1.509778251470277,0.5032577396309603,0,0,1,2026-04-05 13:30:21
837,6,34.162045535681216,68.40040467101655,103.75942382473534,13.00900516261316,80.2751046291091,0.5562933803908479,3.697978920330888,3.4790532127561704,1.546665102695581,0.515553315720808,0,0,1,2026-04-05 13:30:24
838,7,34.52462202249496,68.54670784932587,108.38560050224974,12.950434379564705,80.18920046230761,0.3531875929938124,5.547855381142604,0.1797741810873176,1.216163431044747,0.4053864590600521,0,0,1,2026-04-05 13:30:27
839,8,30.558470269809305,75.41053693930124,88.34319527108828,12.968658452960586,80.20780814112958,0.3945963513120709,2.0937871056386967,1.6465577738978323,0.8269882461697201,0.2756618298504739,0,0,0,2026-04-05 13:30:30
840,9,28.387026687379407,61.07836849014737,101.07889427590082,12.976053555595255,80.29252654936695,2.0845764859600173,8.732365375619107,0.6526659934709294,2.293921571010011,0.764637974876754,0,0,0,2026-04-05 13:30:33
841,10,30.17818672431884,60.3538143219977,96.15772387236152,12.963672796671956,80.15213919773149,0.1933631592142504,2.0695438669746253,0.5916846507344964,0.5709183353846745,0.1903054774433,0,0,0,2026-04-05 13:30:36
842,11,29.76026111197301,71.53107147497109,92.41008215600132,13.075836000615457,80.11380568578437,3.253570504731716,1.7209545699026425,0.3137536869243469,1.0576557523117411,0.3525507422681061,0,0,0,2026-04-05 13:30:40
843,12,29.90243636984155,78.27699163192392,91.697895823785,13.059609975207572,80.11845964298914,0.0840906564606136,1.4196466435012798,1.3942861981234635,0.5796046996170714,0.1932009225359486,0,0,0,2026-04-05 13:30:43
844,13,28.339633571124978,63.19757562577153,83.06860659756032,12.90513339176116,80.22369075582093,1.5763409333873355,3.569922210448059,0.5798626629677734,1.1452251613606337,0.3817404479853846,0,0,0,2026-04-05 13:30:46
845,14,31.883060538821077,70.36022067423632,85.02486259719805,12.915861920352544,80.12570381025229,1.4355461100477314,1.0841417135863172,6.764951757356098,1.8569279161980288,0.618973908819647,0,0,0,2026-04-05 13:30:49
846,15,40.77277959733978,60.38888219553443,138.61805326994738,12.914730425029257,80.27439588487027,10.209983341400054,7.926903826413664,8.947332776681833,5.41684398889911,1.0,1,0,1,2026-04-05 13:30:52
847,16,28.605930834441576,72.30615381278392,108.72564749374558,12.92213638734164,80.28274015351373,4.36953665070801,5.034925292189489,3.090629283635291,2.499018245306558,0.833003305091169,0,0,0,2026-04-05 13:30:54
848,17,30.464275902032465,71.90268937889446,104.05766110381172,13.084869052686289,80.29070285874785,0.6564348352156273,3.077659195154246,0.9540386456049532,0.9376265351949652,0.3125411365945331,0,0,0,2026-04-05 13:30:57
849,18,89.7256936816098,73.77671479469657,92.07184221724064,13.058617903716105,80.23983115180314,59.5265451192051,57.53687041682508,57.75775110088341,34.964233327382715,1.0,1,0,1,2026-04-05 13:31:00
850,19,31.68321072026141,71.06749932357133,108.08808552771868,12.93361343715566,80.24166728536274,1.4673921816789814,5.170141970678213,0.2569376363790319,1.3788943577472452,0.4596299204826801,0,0,0,2026-04-05 13:31:03
851,20,30.08541753676799,69.64967277708165,100.94354165755522,13.008274101624709,80.20703200424609,1.6471026686621748,21.51751112120336,12.587101717307874,7.150343101434682,1.0,1,0,0,2026-04-05 13:31:06
852,1,31.11219675093676,64.30365023780544,83.96648048020188,13.05176725835756,80.13242321966398,1.2622982755095435,1.0506277125623855,0.8414980806552457,0.630884813745435,0.2102942369343552,0,0,0,2026-04-05 13:31:14
853,2,28.549439031338984,67.01333825828976,101.00362394636858,12.977180321877622,80.13227589045871,3.57586936914732,3.645850730539306,1.9725706019695792,1.838858140331241,0.6129506702748461,0,0,0,2026-04-05 13:31:17
854,3,31.308102766090776,77.98877838570132,97.4623300081868,12.91577179326615,80.29722954696307,0.9656985999476042,4.180652239022947,0.016851034958897,1.0326403747858894,0.3442123108875935,0,0,0,2026-04-05 13:31:20
855,4,41.69165269011211,52.9667427870868,130.4957737975879,12.91067326786774,80.19708472041803,9.385644186821745,10.17583058548499,11.046077637697262,6.121510482000799,1.0,1,0,1,2026-04-05 13:31:23
856,5,35.181925492013534,65.03286717294812,93.65014123854112,13.003304652985474,80.2700789801015,0.0111537796238394,20.78618231685424,0.6583140927750719,4.29113003785063,1.0,1,0,1,2026-04-05 13:31:26
857,6,36.5873511831463,65.55472412562726,115.468609159388,13.00900516261316,80.2751046291091,1.9092481089279476,20.91469756178772,2.425305647465088,5.04985026363615,1.0,1,0,1,2026-04-05 13:31:28
858,7,35.87016005739114,72.34203025498671,96.66728625182108,12.950434379564705,80.18920046230761,1.0623494054960787,5.608385251125035,1.3455380348961796,1.6032545383034589,0.5344163980464928,0,0,1,2026-04-05 13:31:31
859,8,31.48275241843405,60.50573797893644,89.36294459902194,12.968658452960586,80.20780814112958,1.1925712458790765,1.995066940816837,0.9242821486247444,0.8223840670641316,0.2741271085976818,0,0,0,2026-04-05 13:31:34
860,9,29.11149675715638,75.51671328200973,97.91541481043978,12.976053555595255,80.29252654936695,1.2370726287468692,4.683949694520627,0.7244700697769737,1.329098478608894,0.4430313494317999,0,0,0,2026-04-05 13:31:37
861,10,31.62103691459875,65.4766407618105,84.79412689121214,12.963672796671956,80.15213919773149,1.1958109406726471,2.5275815500914924,1.442850190279913,1.0332485362088106,0.3444150306861679,0,0,0,2026-04-05 13:31:40
862,11,30.351023192200376,70.6791171949911,82.42508753328224,13.075836000615457,80.11380568578437,2.578792697770236,1.0037815139855344,0.5907620802273641,0.834667258396627,0.2782214920605688,0,0,0,2026-04-05 13:31:43
863,12,30.527555950610065,66.19295037875004,117.4893663659672,13.059609975207572,80.11845964298914,0.5683247889348522,0.9130968260024884,0.6251195807685157,0.4213082391411713,0.1404356115950184,0,0,0,2026-04-05 13:31:46
864,13,29.719376663879693,62.54647305937144,82.40203086143558,12.90513339176116,80.22369075582093,0.0778850504002512,8.32983767202474,1.3797430927547154,1.9574931630359416,0.6524955460268271,0,0,0,2026-04-05 13:31:49
865,14,31.830437374860868,66.34269913172531,96.11302685085006,12.915861920352544,80.12570381025229,1.6730755240365518,4.450538039678413,0.0526231639602059,1.235247345535034,0.411747742685869,0,0,0,2026-04-05 13:31:52
866,15,31.90471691757104,73.80498223111884,102.73456931317293,12.914730425029257,80.27439588487027,0.8701853594000184,1.3723021439731145,8.868062679768741,2.222110036628375,0.7407008765398698,0,0,0,2026-04-05 13:31:55
867,16,29.636881540249767,74.43702750261343,99.11188004787978,12.92213638734164,80.28274015351373,3.329078960539576,1.995128594391308,1.0309507058081913,1.271031652147815,0.4236758051299212,0,0,0,2026-04-05 13:31:58
868,17,31.705489734629577,75.62533656952775,103.80171853590008,13.084869052686289,80.29070285874785,1.1167492560177443,22.1261670509603,1.241213832597115,4.896826027915033,1.0,1,0,0,2026-04-05 13:32:01
869,18,28.49533222455545,60.19060452122411,98.0912786592446,13.058617903716105,80.23983115180314,4.620462076370735,4.297420593625836,61.23036145705434,14.029648825410185,1.0,1,0,0,2026-04-05 13:32:04
870,19,30.36607709364379,64.08471158214024,86.92222985746372,12.93361343715566,80.24166728536274,0.0074239717172659,0.9715119356951216,1.3171336266176257,0.4592139068060026,0.153070792032694,0,0,0,2026-04-05 13:32:07
871,20,30.20596215594985,68.28617098000629,102.93010710264512,13.008274101624709,80.20703200424609,1.4984521572427063,2.8838726984399607,0.1205446191818602,0.9005738949729056,0.3001902976899762,0,0,0,2026-04-05 13:32:10
872,1,30.79459928984452,66.70010826771436,100.26033897879124,13.05176725835756,80.13242321966398,1.6653241847707712,0.9852598984613744,0.3175974610922445,0.5936363088648781,0.1978781100279259,0,0,0,2026-04-05 13:32:18
873,2,29.080026920123014,66.33482382782287,101.0644815975653,12.977180321877622,80.13227589045871,2.924344766943655,4.0271845288272345,0.5305878887840336,1.4964234369109846,0.4988061496164961,0,0,0,2026-04-05 13:32:21
874,3,29.99813078727766,78.26758211627941,117.83201098521556,12.91577179326615,80.29722954696307,0.3297951913025727,0.878593894562466,1.3099719788131168,0.5036722129356311,0.1678901780112836,0,0,0,2026-04-05 13:32:24
875,4,31.658789820721307,67.89807705307275,91.35632859645948,12.91067326786774,80.19708472041803,1.3013584166838434,2.4811653735296546,10.0328628693908,2.76307733192086,0.9210227072312624,0,0,0,2026-04-05 13:32:27
876,5,34.78022316282264,55.14543483974715,112.5711286431058,13.003304652985474,80.2700789801015,0.4417288627684499,4.586915121419035,0.401702329190897,1.0860692626756765,0.3620218808189561,0,0,1,2026-04-05 13:32:30
877,6,36.403265676797496,61.00504840054205,93.11658900547312,13.00900516261316,80.2751046291091,1.6631886300168546,5.6075816286193385,0.1840855063488078,1.4909711529970004,0.4969887277032411,0,0,1,2026-04-05 13:32:33
878,7,35.205708126582955,59.79733341965681,112.18956653682017,12.950434379564705,80.18920046230761,0.253313920848079,3.618181741998253,0.664451930808184,0.9071895187309033,0.3023954982586402,0,0,1,2026-04-05 13:32:36
879,8,36.545020017498,68.25353653672455,140.48589426971023,12.968658452960586,80.20780814112958,6.245843138079323,4.619104225439132,5.062267599063947,3.1854429925164807,1.0,1,0,1,2026-04-05 13:32:39
880,9,31.59393158599792,77.7097985178815,107.1068525040614,12.976053555595255,80.29252654936695,1.769817830221406,3.317558571124149,2.482434828841537,1.5139622460374187,0.5046523998378067,0,0,0,2026-04-05 13:32:42
881,10,31.315123944887,70.1260403642938,105.17376457618536,12.963672796671956,80.15213919773149,0.865253936214355,2.2136648788112687,0.3059129697117519,0.6769663569474752,0.2256547001334913,0,0,0,2026-04-05 13:32:45
882,11,30.87277756557965,69.17460692883499,94.457692480054,13.075836000615457,80.11380568578437,1.988457635406608,0.7387168453871169,0.5217543733792738,0.6497857708345998,0.2165945349630833,0,0,0,2026-04-05 13:32:48
883,12,31.973557623663734,64.69425118341516,87.88174472700575,13.059609975207572,80.11845964298914,2.023268005807207,1.7244230318146725,1.446001673053669,1.0387385421351096,0.3462450265616146,0,0,0,2026-04-05 13:32:51
884,13,31.345050785046865,68.3591663791292,98.96920558649148,12.90513339176116,80.22369075582093,1.563069353026698,0.6174596198672297,1.6256741211671724,0.76124061881222,0.2537460271173163,0,0,0,2026-04-05 13:32:54
885,14,21.232411918193574,76.07749653694393,99.92374352186862,12.915861920352544,80.12570381025229,8.995624962790782,9.4522349770502,10.598025456667294,5.809177079301656,1.0,1,0,1,2026-04-05 13:32:57
886,15,30.688029673400496,72.63164456315181,82.5352544775181,12.914730425029257,80.27439588487027,0.3958505071081717,0.6876665330100913,1.21668724417054,0.4600408568577606,0.1533464411311164,0,0,0,2026-04-05 13:33:00
887,16,31.61227726601705,78.77144750284685,104.28071283698556,12.92213638734164,80.28274015351373,1.2600894502608533,1.2615314145764007,1.9753957257672816,0.8994033181209071,0.2998001067066133,0,0,0,2026-04-05 13:33:03
888,17,37.2458966109046,54.65379632485941,121.68185710058404,13.084869052686289,80.29070285874785,6.547334474022527,4.019622922846065,5.540406876275018,3.221472854628722,1.0,1,0,1,2026-04-05 13:33:06
889,18,28.95158266975524,79.6520640909523,84.4211840124147,13.058617903716105,80.23983115180314,4.114965202514242,5.666792144795408,0.4562504451997853,2.047601558501887,0.6825315777287033,0,0,0,2026-04-05 13:33:09
890,19,38.57275331186613,74.1161375826568,136.38237872719117,12.93361343715566,80.24166728536274,8.119902323169555,7.357634070377993,8.206676218222341,4.736842522353978,1.0,1,0,1,2026-04-05 13:33:12
891,20,28.0351061899128,79.76928643427539,94.1919839093148,13.008274101624709,80.20703200424609,3.589499758778853,5.532330748032599,2.170855966037053,2.258537294569701,0.7528432553790491,0,0,0,2026-04-05 13:33:15
892,1,30.92536547615081,72.73876649309442,103.81063702903032,13.05176725835756,80.13242321966398,1.6164532573188026,0.9820395380372916,0.1307661863062925,0.5458517963324774,0.1819499922775182,0,0,0,2026-04-05 13:33:24
893,2,30.43508168487986,62.39298825189497,80.33576957243376,12.977180321877622,80.13227589045871,1.4329375613053124,4.95111282279884,1.3550547647568436,1.547821029772199,0.5159386234619882,0,0,0,2026-04-05 13:33:27
894,3,38.80226011424033,60.58337826620697,146.45536383848972,12.91577179326615,80.29722954696307,8.57214535606008,5.177906697145775,8.804129326962673,4.510836276033706,1.0,1,0,1,2026-04-05 13:33:30
895,4,31.810251702783685,61.57829924788191,111.07222578027869,12.91067326786774,80.19708472041803,1.3053167385711326,3.541052983539512,0.1514618820623781,0.9995663208346046,0.3331876629859915,0,0,0,2026-04-05 13:33:33
896,5,34.48855974759933,55.0913475924548,89.75958543091384,13.003304652985474,80.2700789801015,0.7510974020736612,3.44877038954789,0.2916634152233044,0.8983062413689712,0.2994344156749381,0,0,1,2026-04-05 13:33:36
897,6,35.89786730705843,59.82008342931475,80.36271129665411,13.00900516261316,80.2751046291091,1.0827937783990151,4.21984263927427,0.505398369739062,1.1616069574824694,0.3872010284907282,0,0,1,2026-04-05 13:33:39
898,7,33.96323194134164,51.20278305749625,99.6102461206361,12.950434379564705,80.18920046230761,0.565816271372583,2.460958770389651,1.2424761852413155,0.85385024540071,0.2846157997475708,0,0,1,2026-04-05 13:33:42
899,8,31.042525664900165,77.67810378408012,95.8349601140838,12.968658452960586,80.20780814112958,0.5158517212833864,4.486117799464935,5.502494352597832,2.100892774669231,0.7002952572388862,0,0,0,2026-04-05 13:33:45
900,9,29.996426496295516,64.33051225379646,119.63404719553152,12.976053555595255,80.29252654936695,0.1123781489890767,4.003141610596092,1.5975050897024057,1.1426049698575151,0.3808670537289926,0,0,0,2026-04-05 13:33:49
901,10,28.761677309130175,63.42692729402657,167.89480128140502,12.963672796671956,80.15213919773149,1.7721874773928086,4.801408132965917,2.5534466357568206,1.8254084492231093,0.6084674548495203,0,0,1,2026-04-05 13:33:52
902,11,40.31890047925389,54.40231472667624,146.17837312504992,13.075836000615457,80.11380568578437,7.40010919138777,9.207565551022416,9.446122913674234,5.210759531216884,1.0,1,0,1,2026-04-05 13:33:55
903,12,28.69081690277968,66.42925601913709,106.3565554810179,13.059609975207572,80.11845964298914,1.2938060384467749,5.202298977315171,3.2827407208840533,1.9557691473292,0.6519208760401465,0,0,0,2026-04-05 13:33:58
904,13,31.55051876770257,65.87391554973537,83.87995706481762,12.90513339176116,80.22369075582093,1.617426927786518,2.714818857848916,0.2054679826557048,0.907542753658228,0.3025132428419331,0,0,0,2026-04-05 13:34:01
905,14,29.45357708261482,72.92849574171746,93.42997517273604,12.915861920352544,80.12570381025229,0.2238579313479647,1.3433596653061823,8.221165164421247,1.957676552215079,0.6525566755494412,0,0,0,2026-04-05 13:34:05
906,15,31.9157062721774,79.74784966571607,94.81726981382354,12.914730425029257,80.27439588487027,0.8950208533743549,4.615676629304005,1.2276765987769025,1.3476748162910526,0.449223441352213,0,0,0,2026-04-05 13:34:08
907,16,31.152602927200487,79.48483818752838,103.37957537800575,12.92213638734164,80.28274015351373,1.8764706452650337,5.277636972227467,0.459674338816562,1.5227563912618127,0.5075837718080315,0,0,0,2026-04-05 13:34:11
908,17,29.13232675093336,61.80692475992682,97.81623055939303,13.084869052686289,80.29070285874785,1.8461558484203024,4.100839211323056,8.113569859971236,2.812112983942919,0.9373678700880728,0,0,0,2026-04-05 13:34:14
909,18,30.506993938421143,62.07513760106822,111.84575431396,13.058617903716105,80.23983115180314,2.511717681928335,3.07914276821114,1.5554112686659032,1.429254343761076,0.4764165265319368,0,0,0,2026-04-05 13:34:17
910,19,31.452916534073815,71.33408010324136,81.00974018807838,12.93361343715566,80.24166728536274,0.6121468006148909,0.2869018595352213,7.119836777792312,1.603777087588485,0.534590580560893,0,0,0,2026-04-05 13:34:21
911,20,31.01765660387769,72.82828545098612,84.30097964739463,13.008274101624709,80.20703200424609,0.5642250626044181,1.160369021314325,2.982550413964887,0.9414288995767262,0.3138085871636181,0,0,0,2026-04-05 13:34:24
912,1,28.622868802827316,71.9115910067985,109.55709875440172,13.05176725835756,80.13242321966398,4.020535010901504,4.525397552810496,2.302496673323496,2.1696858474070995,0.7232262050483497,0,0,0,2026-04-05 13:34:32
913,2,29.766261867809536,75.53254725966832,87.14176470622782,12.977180321877622,80.13227589045871,2.041707829090452,1.838079805802059,0.6688198170703252,0.9097214903925672,0.3032394859992358,0,0,0,2026-04-05 13:34:35
914,3,29.58336391597539,76.61780493944771,95.41497087981418,12.91577179326615,80.29722954696307,0.6387743957773289,1.9237113285085112,9.218896198264945,2.3562763845101564,0.7854228434272407,0,0,0,2026-04-05 13:34:39
915,4,31.989871117328924,65.2507205224783,99.40458035536808,12.91067326786774,80.19708472041803,1.2196134186213214,0.983222585631392,0.1796194145452396,0.4764910837595906,0.1588298318204241,0,0,0,2026-04-05 13:34:42
916,5,32.488976847283254,67.4683005084489,82.63825007624057,13.003304652985474,80.2700789801015,2.5963636038650506,2.627807906541677,1.9995829003160777,1.4447508821445612,0.4815820221081133,0,0,1,2026-04-05 13:34:45
917,6,34.653845589604934,64.52455368555165,83.24612787398839,13.00900516261316,80.2751046291091,0.1054887577364738,3.6563798289382974,1.244021717453499,1.0011780608256542,0.3337249078588585,0,0,1,2026-04-05 13:34:49
918,7,35.65244769788231,56.59734484371279,107.08498925481392,12.950434379564705,80.18920046230761,1.2508946897268487,5.0544230007625535,1.6892157565406691,1.5989066894060144,0.5329671199116051,0,0,1,2026-04-05 13:34:52
919,8,29.939637877267916,70.61284313190266,116.48530978541552,12.968658452960586,80.20780814112958,0.5592086688897915,2.768035734676692,1.1028877876322518,0.8860264382397471,0.295341161609377,0,0,0,2026-04-05 13:34:55
920,9,39.65961866074703,55.3827505360553,171.70669980397787,12.976053555595255,80.29252654936695,9.87269360035488,6.89447687271747,9.663192164451516,5.286072527504773,1.0,1,0,1,2026-04-05 13:34:59
921,10,29.557824489624544,63.19373857598626,209.75517381516735,12.963672796671956,80.15213919773149,0.9582136165043842,2.135769331150827,0.7961471804943656,0.7780260256299154,0.2593411440728249,0,0,1,2026-04-05 13:35:02
922,11,31.92718080825237,76.44587662557788,82.98153604089325,13.075836000615457,80.11380568578437,1.484146281656077,2.900531617113527,8.391719671001514,2.555279513954224,0.8517569987947452,0,0,0,2026-04-05 13:35:06
923,12,30.66979417226864,75.81134008416868,104.88180208645156,13.059609975207572,80.11845964298914,0.6961661286272474,1.4026147699613876,1.9789772694889611,0.8155516336155193,0.2718496383730452,0,0,0,2026-04-05 13:35:09
924,13,30.230823963947355,75.06628028511699,111.98620683648488,12.90513339176116,80.22369075582093,0.2631537496206846,1.5553406772460256,1.3196948037552154,0.6276378461243852,0.209211918001735,0,0,0,2026-04-05 13:35:12
925,14,30.78382710669128,77.41984504033708,97.78455118953272,12.915861920352544,80.12570381025229,1.634875385599429,1.149870622195375,1.3302500240764594,0.8229992063742526,0.274332154350903,0,0,0,2026-04-05 13:35:16
926,15,28.95042185744094,66.2372360120538,117.43258123598906,12.914730425029257,80.27439588487027,2.096101512452257,1.779205934975625,2.965284414736459,1.3681183724328685,0.456037937351165,0,0,0,2026-04-05 13:35:19
927,16,32.49024763187034,71.51353492781637,110.25674922602448,12.92213638734164,80.28274015351373,0.497151611426915,2.49468019604029,1.3376447046698523,0.8658953024274114,0.2886308053731192,0,0,1,2026-04-05 13:35:23
928,17,29.876916805419963,70.31716481956131,107.1952733502504,13.084869052686289,80.29070285874785,1.0126832570131477,2.673021986349814,0.7445900544866042,0.8860590595699133,0.2953520353498532,0,0,0,2026-04-05 13:35:26
929,18,28.118561017048737,60.47351421481569,107.51990470767936,13.058617903716105,80.23983115180314,4.925854001583371,3.730911982585457,2.388432921372406,2.2090397811082467,0.7363441392222848,0,0,0,2026-04-05 13:35:29
930,19,41.81601779209974,55.89894532824426,153.6227763668459,12.93361343715566,80.24166728536274,11.242797491626025,11.258853307680198,10.363101258025925,6.572950411466429,1.0,1,0,1,2026-04-05 13:35:33
931,20,30.661768650256185,63.59691836703756,96.04466073860353,13.008274101624709,80.20703200424609,0.9641968567574182,2.752005817940615,0.3558879536215009,0.8144181256639068,0.2714718036486234,0,0,0,2026-04-05 13:35:37
932,1,30.609660610843548,74.98656713817138,82.91829181189081,13.05176725835756,80.13242321966398,0.2727306054988574,0.7403508339559757,1.9867918080162357,0.5999746494942138,0.1999908831951272,0,0,0,2026-04-05 13:35:45
933,2,29.606154756699095,67.12400329803143,91.26281161272412,12.977180321877622,80.13227589045871,2.2578286490937884,2.424098519416649,0.1601071111104381,0.9684068559241752,0.3228012093040274,0,0,0,2026-04-05 13:35:48
934,3,28.250320963656115,61.5107632422809,117.1471660476834,12.91577179326615,80.29722954696307,1.8655035316421475,6.168574796814226,1.3330429523192748,1.8734242561551293,0.6244726704761415,0,0,0,2026-04-05 13:35:52
935,4,7.082528532933463,64.26432367971451,84.14865146393099,12.91067326786774,80.19708472041803,26.208956671324653,28.817234618376336,24.90734258439546,15.986706774819291,1.0,1,0,1,2026-04-05 13:35:56
936,5,35.14145066595339,53.87215371308914,107.3529816670776,13.003304652985474,80.2700789801015,0.2174206104895404,4.009554240015583,2.6524738186701384,1.3758897338350524,0.4586283825170757,0,0,1,2026-04-05 13:35:59
937,6,34.81322465483743,65.83332217644296,106.9734384682828,13.00900516261316,80.2751046291091,0.0711925126248971,3.9564278849380856,0.1593790652324926,0.8373998925590951,0.2791323670784748,0,0,1,2026-04-05 13:36:03
938,7,34.665952684089575,54.645441059654175,91.49616589608176,12.950434379564705,80.18920046230761,0.1958431880899596,12.472622384147604,0.9864950137927336,2.73099211720606,0.9103276713097822,0,0,1,2026-04-05 13:36:06
939,8,30.779856243008155,70.37156464417589,115.48957230458008,12.968658452960586,80.20780814112958,0.3156057329129815,5.01344852764166,0.8402183657402418,1.2338545252589763,0.4112834708080894,0,0,0,2026-04-05 13:36:10
940,9,28.171104779166985,71.04491613242396,94.4696150897139,12.976053555595255,80.29252654936695,2.046360134421665,5.977202871720068,11.488513881580044,3.9024153775443553,1.0,1,0,0,2026-04-05 13:36:13
941,10,28.701792558845664,61.59198509404439,90.62998952930052,12.963672796671956,80.15213919773149,1.7188467574718516,2.983518956980987,0.8560319307788795,1.1116795290463437,0.3705586078200885,0,0,0,2026-04-05 13:36:17
942,11,30.12126529225763,67.20449244338073,116.7949894385211,13.075836000615457,80.11380568578437,3.344924424144136,0.5173449113851541,1.8059155159947409,1.133636970304806,0.377877730509167,0,0,0,2026-04-05 13:36:20
943,12,31.19300600155224,74.30381888161236,93.24782487217377,13.059609975207572,80.11845964298914,1.227522135528055,1.0806457816188164,0.5232118292835999,0.5662759492860943,0.1887580205686295,0,0,0,2026-04-05 13:36:23
944,13,29.301145487306925,79.47444720888646,86.44133461988977,12.90513339176116,80.22369075582093,0.7129539321012359,11.69473762967742,0.9296784766404294,2.667474007683817,0.8891550387111434,0,0,0,2026-04-05 13:36:27
945,14,29.84004101813936,72.15489457877771,83.872707526226,12.915861920352544,80.12570381025229,0.697831418371031,8.043215735313284,0.9437860885519208,1.9369666484472476,0.6456533973044247,0,0,0,2026-04-05 13:36:30
946,15,29.43078407888041,73.76643058522336,86.87672832150339,12.914730425029257,80.27439588487027,1.494459242218806,5.541720127144518,0.4803622214394742,1.5033083181605598,0.5011011023831786,0,0,0,2026-04-05 13:36:34
947,16,29.55027606534921,75.79539747658292,98.5953726110918,12.92213638734164,80.28274015351373,0.754436520016057,4.561729604970808,2.939971566521127,1.6512275383015984,0.550407344742717,0,0,0,2026-04-05 13:36:37
948,17,29.25187111652949,74.61066058350657,83.21389354029368,13.084869052686289,80.29070285874785,1.723417165030341,4.194747729070865,0.6250456888904736,1.3086421165983355,0.4362125848241625,0,0,0,2026-04-05 13:36:41
949,18,30.08357567764164,65.26080379027722,118.96746684056012,13.058617903716105,80.23983115180314,2.960681379037016,2.0465155036408285,1.9650146605928995,1.3944423086541489,0.4648125535095379,0,0,0,2026-04-05 13:36:44
950,19,29.279887661590475,60.9087442374948,87.39646980834308,12.93361343715566,80.24166728536274,1.7911993613446668,0.1475142155883754,12.536130130509267,2.894968741488462,0.9649863638749412,0,0,0,2026-04-05 13:36:48
951,20,31.9453830630258,75.96966382907688,96.84414946743064,13.008274101624709,80.20703200424609,0.268448629768109,1.915967942155195,1.283614412769616,0.693606196938584,0.2312012949752114,0,0,0,2026-04-05 13:36:51
952,1,39.48380627060904,52.03150090722424,151.993726918657,13.05176725835756,80.13242321966398,9.081882437261417,9.176997587106056,8.874145659765496,5.426605136826594,1.0,1,0,1,2026-04-05 13:37:00
953,2,29.46750475363887,65.08865317813732,80.55540672731878,12.977180321877622,80.13227589045871,1.9324412452511268,2.1122321299148,0.1386500030602278,0.836664675645231,0.2788872955907583,0,0,0,2026-04-05 13:37:03
954,3,45.02025432223646,73.15430001792998,100.6889131131966,12.91577179326615,80.29722954696307,15.04865399153922,15.599938386963094,16.769933358580346,9.483705147416533,1.0,1,0,1,2026-04-05 13:37:07
955,4,29.981391789921503,68.91750753821265,87.59115495064954,12.91067326786774,80.19708472041803,2.0644324241546776,2.0221037750378934,22.898863256988044,5.397079891236123,1.0,1,0,0,2026-04-05 13:37:10
956,5,34.271021414985185,63.815277263666346,97.9348544320202,13.003304652985474,80.2700789801015,0.7231497666920461,3.609855204337997,0.8704292509682077,1.0406868443996502,0.3468944584850217,0,0,1,2026-04-05 13:37:14
957,6,33.41113170870312,73.41376129691406,115.67418542151474,13.00900516261316,80.2751046291091,1.4737900884527946,3.1424908889598933,1.40209294613431,1.2036747847093996,0.4012235908244971,0,0,1,2026-04-05 13:37:17
958,7,32.84497740620327,63.8735397207861,97.29804116319966,12.950434379564705,80.18920046230761,1.6498114802926835,3.023963875611495,1.8209752778863049,1.2989501267580967,0.4329819323129245,0,0,1,2026-04-05 13:37:21
959,8,28.80538984704592,63.47396026999971,87.02658396576598,12.968658452960586,80.20780814112958,1.7062846075878255,2.551359529893933,1.9744663959622384,1.2464221066887995,0.4154726506540976,0,0,0,2026-04-05 13:37:25
960,9,31.894134315999164,61.18688826667199,93.2560841424708,12.976053555595255,80.29252654936695,1.7374976756880611,2.0792475807799757,3.723029536832179,1.5079549586600431,0.5026499773867564,0,0,0,2026-04-05 13:37:28
961,10,37.13175292080892,66.18206738376438,142.44554076462498,12.963672796671956,80.15213919773149,6.807178877551323,6.414245194815088,8.429960361963257,4.330276886865934,1.0,1,0,1,2026-04-05 13:37:32
962,11,29.9967681730609,74.26956513561022,139.46466558158707,13.075836000615457,80.11380568578437,3.397915464244321,3.7375131151538383,0.1244971191967287,1.4519851397189778,0.4839934332615483,0,0,1,2026-04-05 13:37:35
963,12,30.69254387071772,73.50051549562258,102.44869065252476,13.059609975207572,80.11845964298914,0.5863249062883717,3.5706924048756647,0.5004621308345207,0.9314958883997116,0.3104975944745889,0,0,0,2026-04-05 13:37:39
964,13,28.647919423971103,66.83262678006483,119.82595300930387,12.90513339176116,80.22369075582093,1.323544742721122,0.916101752826362,0.653226063335822,0.5785745117766612,0.1928575277337946,0,0,0,2026-04-05 13:37:42
965,14,30.938163005148787,74.0739510434159,118.65186324798248,12.915861920352544,80.12570381025229,1.869423204550316,2.873673127465777,1.098121987009428,1.168243663805104,0.3894132565575128,0,0,0,2026-04-05 13:37:46
966,15,28.888322165358908,72.79884728869959,104.11214234142074,12.914730425029257,80.27439588487027,1.9175673107566027,5.728483851033142,0.5424619135215067,1.6377026150622505,0.5458990520239101,0,0,0,2026-04-05 13:37:49
967,16,28.257702782776956,76.64141877088011,85.35790002568768,12.92213638734164,80.28274015351373,2.050889645579119,6.138451933618328,1.2925732825722598,1.8963829723539416,0.6321255503661459,0,0,0,2026-04-05 13:37:53
968,17,31.58938690665058,61.91547079958893,86.01241419965827,13.084869052686289,80.29070285874785,0.6798334524382135,2.003063513132028,2.337515790121092,1.0040825511382667,0.3346930680691953,0,0,0,2026-04-05 13:37:57
969,18,31.68795050228431,62.6865720148526,80.42981514226943,13.058617903716105,80.23983115180314,1.2933448245233023,0.6930591209313425,1.6043748246426723,0.7181557540194634,0.2393844533916431,0,0,0,2026-04-05 13:38:00
970,19,30.72312458259579,60.589456877297785,104.82702443441444,12.93361343715566,80.24166728536274,0.2633624089870565,2.1251431252268027,1.4432369210053153,0.766348491043835,0.2554486455191266,0,0,0,2026-04-05 13:38:04
971,20,31.681613980693054,79.43412867034039,90.72666228521324,13.008274101624709,80.20703200424609,0.0047799575154598,1.348641360249535,0.2637690823327432,0.3234380800195476,0.1078123339654026,0,0,0,2026-04-05 13:38:08
972,1,29.496835606521067,70.59454308937178,108.12188523122556,13.05176725835756,80.13242321966398,1.3692627982009211,0.5749905612062278,9.986970664087975,2.386244804699025,0.7954122835253966,0,0,0,2026-04-05 13:38:16
973,2,29.947989776781103,60.38399672555157,97.4701149348528,12.977180321877622,80.13227589045871,1.476221779760298,3.69030800060589,0.4804850231422328,1.1294029607016842,0.3764663986792325,0,0,0,2026-04-05 13:38:20
974,3,28.47975232184645,71.40953120966537,98.00530785977142,12.91577179326615,80.29722954696307,2.2192675963045403,0.9579972144437648,16.54050200039001,3.943553362227664,1.0,1,0,0,2026-04-05 13:38:24
975,4,30.590797848476733,76.67218700287263,111.96787348814584,12.91067326786774,80.19708472041803,1.5362478951286604,1.4431282387837416,0.6094060585552263,0.7177564384935258,0.239251348660013,0,0,0,2026-04-05 13:38:27
976,5,33.81667463526142,58.82829743647007,113.76550264702183,13.003304652985474,80.2700789801015,1.1024484445105711,1.4856024595992243,0.4543467797237639,0.608479536766712,0.20282583616945,0,0,1,2026-04-05 13:38:31
977,6,34.02558412125435,73.53723741958736,104.14815504877132,13.00900516261316,80.2751046291091,0.6539589284525036,1.5593309700727158,0.6144524125512305,0.5655484622152901,0.1885155256866777,0,0,1,2026-04-05 13:38:35
978,7,34.13020057797097,72.93968111940342,108.11138910593192,12.950434379564705,80.18920046230761,0.3078356346826325,3.955255267752413,1.2852231717676972,1.1096628148405487,0.3698863719922762,0,0,1,2026-04-05 13:38:38
979,8,31.88084755057998,69.86169543934813,89.1088153101405,12.968658452960586,80.20780814112958,1.4262839473086864,1.2021031884206994,3.075457703534063,1.14076896785269,0.380255055100713,0,0,0,2026-04-05 13:38:42
980,9,31.211228082742945,66.46523771081141,104.544618418962,12.976053555595255,80.29252654936695,1.058619367367189,2.7911092969986235,0.6829062332562188,0.9065269795244064,0.3021746525926268,0,0,0,2026-04-05 13:38:46
981,10,31.18174957203449,63.39342391255464,193.91878204475967,12.963672796671956,80.15213919773149,0.5245171198193859,1.4752657893585226,5.95000334877443,1.589957251590468,0.5299839839168762,0,0,1,2026-04-05 13:38:49
982,11,30.519015323127626,79.96837099614152,105.36644530460038,13.075836000615457,80.11380568578437,2.8255094608937767,0.5889112701810587,0.5222471500667254,0.7873335762283122,0.2624436505972687,0,0,0,2026-04-05 13:38:53
983,12,31.81183574496821,65.12667725671078,110.94847490347269,13.059609975207572,80.11845964298914,1.715688003378773,1.823888842824945,1.1192918742504894,0.9317737440908416,0.3105902127295714,0,0,0,2026-04-05 13:38:57
984,13,31.553003320381286,77.23989643913167,81.21595344412248,12.90513339176116,80.22369075582093,1.699418597155976,1.4855884549041427,2.905083896410183,1.2180181896940605,0.4060047098823204,0,0,0,2026-04-05 13:39:00
985,14,41.43163613972956,72.64441423323798,140.25468093629695,12.915861920352544,80.12570381025229,11.092547239881196,10.858123740632118,10.493473134580777,6.488828823018817,1.0,1,0,1,2026-04-05 13:39:04
986,15,30.825657974169488,63.40684752348088,116.9374111108868,12.914730425029257,80.27439588487027,0.1115915048262898,1.6721314117630897,1.9373358088105803,0.7442117450799921,0.248069754794148,0,0,0,2026-04-05 13:39:08
987,16,31.509868477990796,61.19537854005247,88.05380682689349,12.92213638734164,80.28274015351373,1.3654638875262926,1.5003568517868828,3.25216569521384,1.223597286905403,0.4078644027537918,0,0,0,2026-04-05 13:39:12
988,17,28.827219606935717,72.30121569095523,92.38105955853452,13.084869052686289,80.29070285874785,2.1397110360467515,4.349516812664312,2.762167299714868,1.8502790296851863,0.6167576207029931,0,0,0,2026-04-05 13:39:15
989,18,30.44596105710746,68.60871873200489,82.0466013583204,13.058617903716105,80.23983115180314,2.635500023191732,2.1446724793014105,1.2419894451768485,1.204432389533998,0.4014761249242496,0,0,0,2026-04-05 13:39:19
990,19,28.99334874088084,76.91962576122255,108.3902293002659,12.93361343715566,80.24166728536274,2.0715827838345007,2.3028278499663486,1.7297758417149502,1.22083729510316,0.4069444085530248,0,0,0,2026-04-05 13:39:23
991,20,31.18861158428712,67.27444996957662,103.54635519701284,13.008274101624709,80.20703200424609,0.5594253118971508,1.4588251623854565,0.4930023964059415,0.5022505741377098,0.1674162999915699,0,0,0,2026-04-05 13:39:27
992,1,31.260314881610583,77.950781020227,102.02955365602097,13.05176725835756,80.13242321966398,0.4894458890767232,0.8683818422233548,1.763479275089516,0.6242614012779188,0.2080864401378391,0,0,0,2026-04-05 13:39:35
993,2,31.007587751480266,68.96091471480017,88.1916051310873,12.977180321877622,80.13227589045871,0.4478925214611067,4.573607678431408,1.0595979746991624,1.2162196349183354,0.405405193622133,0,0,0,2026-04-05 13:39:39
994,3,28.36880639949313,69.7378981182843,106.5250004177038,12.91577179326615,80.29722954696307,2.3360596421382667,2.0741519981872387,0.1109459223533164,0.9042315125357644,0.3014094994802565,0,0,0,2026-04-05 13:39:43
995,4,29.653677179803285,64.26073761476296,89.81484412060719,12.91067326786774,80.19708472041803,2.4906641358681973,2.345392659222709,0.9371206686734476,1.1546354927528708,0.3848772146602414,0,0,0,2026-04-05 13:39:47
996,5,33.87194320180896,52.99911594838118,111.99770985970954,13.003304652985474,80.2700789801015,0.5240173926672114,2.080112727737634,0.0552685665475394,0.531879737390477,0.1772926548213096,0,0,1,2026-04-05 13:39:51
997,6,35.50243091604524,58.26723082837944,90.80178087419768,13.00900516261316,80.2751046291091,0.7495556160514099,3.6593868021587865,1.4768467947908943,1.1771578426002185,0.3923846395846074,0,0,1,2026-04-05 13:39:54
998,7,34.297140756160736,61.95392019896771,106.31585510966846,12.950434379564705,80.18920046230761,0.0303061932137254,3.3917159886881514,0.166940178189769,0.7177924720183292,0.2392633597949104,0,0,1,2026-04-05 13:39:58
999,8,68.78923355630452,72.14160387909014,96.19332352012742,12.968658452960586,80.20780814112958,38.32364644529383,37.29619986252829,36.90838600572455,22.505646462709336,1.0,1,0,1,2026-04-05 13:40:02
1000,9,28.148256650179107,63.682180238215686,113.09907686695894,12.976053555595255,80.29252654936695,2.012548294214806,5.479824215102558,3.062971432563838,2.1110687883762407,0.7036872505012453,0,0,0,2026-04-05 13:40:06
1001,10,29.230714670977576,74.74569125973875,105.91919178151402,12.963672796671956,80.15213919773149,1.3908712944163677,6.348073544812611,1.9510349010569144,1.9379959480571785,0.6459964960307394,0,0,0,2026-04-05 13:40:10
1002,11,30.74089231366119,70.17787934114742,83.31697675894073,13.075836000615457,80.11380568578437,1.9805284874674705,0.6190204790251647,0.2218769905335627,0.5642851914052396,0.1880944368202904,0,0,0,2026-04-05 13:40:13
1003,12,30.706139671432403,75.09507950494823,112.55856748228965,13.059609975207572,80.11845964298914,0.6123769553986982,0.2967919774849423,1.1056960735358068,0.4029730012838894,0.1343238860150097,0,0,0,2026-04-05 13:40:17
1004,13,31.061532045389388,61.46287532541845,104.06302020958242,12.90513339176116,80.22369075582093,1.1365745491983184,1.2373040804381834,0.4914712749918983,0.5730699809256801,0.1910226902329259,0,0,0,2026-04-05 13:40:21
1005,14,29.833616913370864,78.75270200698537,104.39147453641768,12.915861920352544,80.12570381025229,1.015323814950314,0.6522709380234227,11.598019226358698,2.653122795866487,0.8843713173844377,0,0,0,2026-04-05 13:40:25
1006,15,28.10850025070851,75.9565814006173,110.52991831386336,12.914730425029257,80.27439588487027,2.637378769647899,1.5155076220797463,2.7171577234609785,1.374008823037725,0.4580014143411938,0,0,0,2026-04-05 13:40:29
1007,16,28.17686199743739,70.01008517626063,119.06146372259812,12.92213638734164,80.28274015351373,2.034590920264716,0.3589309640760258,3.3330064805534043,1.1453056729788291,0.3817672851019927,0,0,0,2026-04-05 13:40:33
1008,17,30.771477698877938,62.489276687691415,93.07867390350276,13.084869052686289,80.29070285874785,0.2149859134637246,2.718978453956268,1.944258091942224,0.9756444918724434,0.3252137465783258,0,0,0,2026-04-05 13:40:37
1009,18,29.696066584623185,69.8727032370598,116.49272587833828,13.058617903716105,80.23983115180314,3.354425464724596,2.791440148446913,0.7498944724842751,1.3791520171311566,0.4597158066576967,0,0,0,2026-04-05 13:40:40
1010,19,31.63087176701825,60.0607040729474,112.84214460399676,12.93361343715566,80.24166728536274,0.555464028679534,2.5152403358398203,2.6375230261374085,1.1416454781313528,0.3805472242197035,0,0,0,2026-04-05 13:40:44
1011,20,30.093609130767128,60.43038173429176,114.59881056072513,13.008274101624709,80.20703200424609,1.7899298450614225,14.43223286569165,1.0950024535199887,3.463433032854613,1.0,1,0,0,2026-04-05 13:40:48
1012,1,30.73021433915773,79.88434111803393,95.33043820247512,13.05176725835756,80.13242321966398,0.0408805021648532,0.1040420181837736,0.5301005424528533,0.135004612560296,0.0450013875154736,0,0,0,2026-04-05 13:40:57
1013,2,28.59327491258229,75.7616003219732,106.71751533996644,12.977180321877622,80.13227589045871,2.9293944770801765,2.5272158675874343,2.414312838897974,1.5741846367131171,0.5247264631494952,0,0,0,2026-04-05 13:41:01
1014,3,29.619421863362817,64.24253295728701,110.68151017880308,12.91577179326615,80.29722954696307,0.9906876937413004,1.6549771274117226,1.250615463869682,0.779256057004541,0.2597511531643364,0,0,0,2026-04-05 13:41:05
1015,4,29.678317180434647,77.25804419832681,102.73564012093348,12.91067326786774,80.19708472041803,2.4199740338211058,2.6515310090881443,0.0246400006313614,1.0192290087081224,0.339741870429806,0,0,0,2026-04-05 13:41:09
1016,5,37.39208659716911,59.40143766631954,87.69742108828831,13.003304652985474,80.2700789801015,3.00574110764871,6.276501880219933,3.520143395360151,2.560477276645759,0.8534895805833177,0,0,1,2026-04-05 13:41:13
1017,6,34.55172781270945,54.02895912586043,83.86759537417589,13.00900516261316,80.2751046291091,0.1396797404343743,4.69983039169209,0.9507031033357904,1.158042647092451,0.3860129289877204,0,0,1,2026-04-05 13:41:17
1018,7,33.937220579206944,62.29918509832723,103.24129799396928,12.950434379564705,80.18920046230761,0.3122743345377188,14.60580742803308,0.3599201769537927,3.0556003879049185,1.0,1,0,1,2026-04-05 13:41:21
1019,8,28.987157131886907,69.63446850899676,114.08059260873716,12.968658452960586,80.20780814112958,3.50555634748778,2.9000766937772,39.80207642441762,9.24154189313652,1.0,1,0,0,2026-04-05 13:41:24
1020,9,29.028708978238388,61.69061803795136,97.61721249106398,12.976053555595255,80.29252654936695,1.087440592957858,4.912747811400929,0.8804523280592811,1.3761281464836137,0.4587078531350274,0,0,0,2026-04-05 13:41:28
1021,10,31.21599100086264,61.9833596450979,103.84684906992126,12.963672796671956,80.15213919773149,0.708151109997079,2.242106584705476,1.985276329885064,0.987106804917524,0.3290345048574917,0,0,0,2026-04-05 13:41:32
1022,11,28.594238947895366,64.79689743831788,176.38491129620598,13.075836000615457,80.11380568578437,4.097931687610096,1.4162800500374917,2.1466533657658218,1.5321730206826818,0.5107226378187678,0,0,1,2026-04-05 13:41:36
1023,12,31.80294080954311,69.31262368760072,86.73341537717955,13.059609975207572,80.11845964298914,1.7106588782198102,2.497031409664647,1.096801138110706,1.0608982851990327,0.3536315829610677,0,0,0,2026-04-05 13:41:40
1024,13,28.1651967031908,79.88910761143288,118.14961357014232,12.90513339176116,80.22369075582093,1.8512271163625729,1.6784973311845297,2.89633534219859,1.2852119579491386,0.4284025579745196,0,0,0,2026-04-05 13:41:44
1025,14,28.330791803491977,61.78839879803827,102.71604322394784,12.915861920352544,80.12570381025229,2.428406642307841,1.4984025611345495,1.5028251098788878,1.0859268626642558,0.3619744143067042,0,0,0,2026-04-05 13:41:48
1026,15,29.091462145097548,60.27079449568102,85.90568370604295,12.914730425029257,80.27439588487027,1.4956374293470702,1.3273231626153763,0.9829618943890388,0.7611844972702971,0.2537273199990323,0,0,0,2026-04-05 13:41:52
1027,16,30.1023037496176,73.91905778886941,109.7249584940547,12.92213638734164,80.28274015351373,0.0811534145164429,1.0074305027251604,1.925441752180209,0.6028051338843625,0.2009343748468713,0,0,0,2026-04-05 13:41:56
1028,17,29.90901500496428,68.13964653629836,101.93531676988962,13.084869052686289,80.29070285874785,1.1170754589419758,4.112910940097032,0.8624626939136562,1.2184898185905328,0.4061619189904476,0,0,0,2026-04-05 13:42:00
1029,18,30.64400940738081,71.75954238502074,90.91105102427458,13.058617903716105,80.23983115180314,2.319643098354017,1.7310376947862842,0.947942822757625,0.9997247231795854,0.3332404635916498,0,0,0,2026-04-05 13:42:04
1030,19,83.05143293174564,66.46433705809521,113.99129815039954,12.93361343715566,80.24166728536274,51.85801466783904,53.93177873244365,51.42056116472739,31.442070913002016,1.0,1,0,1,2026-04-05 13:42:08
1031,20,29.32799672298948,65.15228678106554,97.19405310884792,13.008274101624709,80.20703200424609,2.5570202872705536,2.0886920439037886,0.7656124077776454,1.0822649477903976,0.3607537800841989,0,0,0,2026-04-05 13:42:12
1032,1,29.513265856462134,75.79348163803779,108.37572907869112,13.05176725835756,80.13242321966398,1.3435766360842436,1.3762309351758617,1.216948482695596,0.7873512107911402,0.2624495287652842,0,0,0,2026-04-05 13:42:21
1033,2,30.588306499976767,66.40401035744432,80.29589208026923,12.977180321877622,80.13227589045871,0.3323689488381269,2.0780377588669467,1.9950315873944755,0.8810876590199099,0.2936949073569454,0,0,0,2026-04-05 13:42:25
1034,3,28.294380560319222,74.43470942574227,95.7802230173764,12.91577179326615,80.29722954696307,2.34703330262116,19.1206857151677,1.3250413030435908,4.5585520641664905,1.0,1,0,0,2026-04-05 13:42:29
1035,4,28.19441099746394,71.0708577331221,83.59050584487528,12.91067326786774,80.19708472041803,3.967325976339538,20.209681936765943,1.4839061829707063,5.132182819215238,1.0,1,0,0,2026-04-05 13:42:33
1036,5,35.345652742869035,71.45548258541247,92.68931721441297,13.003304652985474,80.2700789801015,0.8987942152313906,3.937504010092818,2.0464338543000764,1.376546415924857,0.4588472758173663,0,0,1,2026-04-05 13:42:37
1037,6,34.348742960548975,70.35171225854187,93.9410022817695,13.00900516261316,80.2751046291091,0.4070200729524984,3.3405591059329374,0.2029848521604762,0.7901128062091824,0.2633700575028691,0,0,1,2026-04-05 13:42:41
1038,7,33.39573650796518,69.39130007271055,94.23453258998198,12.950434379564705,80.18920046230761,0.9457550813730292,3.929883464560687,0.5414840712417615,1.0834245234350954,0.3611403040106851,0,0,1,2026-04-05 13:42:46
1039,8,29.712419335728896,68.29790597746418,100.0776364894586,12.968658452960586,80.20780814112958,2.7429014212434595,19.13558446033081,0.7252622038419894,4.520749617083252,1.0,1,0,0,2026-04-05 13:42:50
1040,9,3.3871033532724137,79.33080464366084,101.17234239662228,12.976053555595255,80.29252654936695,26.774628167545607,29.878463131072788,25.641605624965976,16.458939384716878,1.0,1,0,1,2026-04-05 13:42:54
1041,10,29.786152412857263,71.53431782622404,101.9253471118333,12.963672796671956,80.15213919773149,0.7338619088484286,1.95569959719757,1.429838588005378,0.8238800188102753,0.2746257575175667,0,0,0,2026-04-05 13:42:58
1042,11,30.774712233656917,79.36223560641189,111.9294410994185,13.075836000615457,80.11380568578437,1.818820064092975,0.8253602289203741,2.180473285761547,0.9649307157549794,0.3216424997766605,0,0,0,2026-04-05 13:43:02
1043,12,30.05717676679914,69.69604722306704,103.5538260874186,13.059609975207572,80.11845964298914,0.0502837276747492,0.597525370124135,1.7457640427439678,0.4787146281085704,0.1595710107994875,0,0,0,2026-04-05 13:43:06
1044,13,30.25168500341577,79.50600288817105,107.89267880091408,12.90513339176116,80.22369075582093,0.4039103356351177,18.67241493086664,2.0864883002249712,4.232562713345345,1.0,1,0,0,2026-04-05 13:43:10
1045,14,28.786695972811412,78.22451533176013,99.17402189383512,12.915861920352544,80.12570381025229,1.884228587106897,1.1311173141862243,0.4559041693194388,0.6942500141225121,0.2314158999878374,0,0,0,2026-04-05 13:43:14
1046,15,29.01004399545801,75.49942464615759,115.47401165917287,12.914730425029257,80.27439588487027,1.4729657344244949,18.61643737519533,0.0814181496395356,4.034164251851872,1.0,1,0,0,2026-04-05 13:43:18
1047,16,29.665498808544847,61.99163859179349,96.21699716437648,12.92213638734164,80.28274015351373,0.5285061837078082,18.47083572817108,0.4368049410727508,3.887229370590328,1.0,1,0,0,2026-04-05 13:43:23
1048,17,28.80566214773429,76.34715298912744,91.31037625937668,13.084869052686289,80.29070285874785,2.18089636946182,4.640472889198652,1.1033528572299929,1.5849444231780931,0.5283130466825421,0,0,0,2026-04-05 13:43:27
1049,18,39.93331044816753,53.66339856190965,132.0980592304569,13.058617903716105,80.23983115180314,6.876764760790245,9.105843171076616,9.289301040786722,5.054381794530716,1.0,1,0,1,2026-04-05 13:43:31
1050,19,29.55757283060126,61.15277385803646,89.59032652751574,12.93361343715566,80.24166728536274,4.335294501718913,0.4498556619671146,53.49386010114438,11.655802052966084,1.0,1,0,0,2026-04-05 13:43:35
1051,20,30.094186364259407,79.67367574735819,114.66010345200512,13.008274101624709,80.20703200424609,1.679609837405593,4.507480418714803,0.766189641269925,1.3906559794780644,0.4635504479911948,0,0,0,2026-04-05 13:43:39
1052,1,28.04506201152258,69.01430173031984,84.42007864046809,13.05176725835756,80.13242321966398,2.850849418849005,2.4283364886216923,1.468203844939552,1.34947795048205,0.4498244840790697,0,0,0,2026-04-05 13:43:48
1053,2,29.45989884845532,63.82662118998313,92.44059566255304,12.977180321877622,80.13227589045871,1.398144618299252,1.645098033185236,1.1284076515214458,0.8343300606011868,0.278109093170085,0,0,0,2026-04-05 13:43:53
1,14,13.6,48.9,113.0,13.030954407570956,80.16155727218381,0.0,0.0,0.0,0.0,0.0,0,0,0,2004-03-10 18:00:00
2,1,13.3,47.7,92.0,13.060830422334265,80.25389767746672,0.0,0.0,0.2999999999999989,0.0599999999999997,0.0115606914141249,0,0,0,2004-03-10 19:00:00
3,4,11.9,54.0,114.0,13.099870474833589,80.18621467712353,0.0,0.0,1.4000000000000004,0.2800000000000001,0.0539498932659165,0,0,0,2004-03-10 20:00:00
4,10,11.0,60.0,122.0,13.047897655363874,80.22439709479698,0.0,0.0,0.9000000000000004,0.18,0.0346820742423749,0,0,0,2004-03-10 21:00:00
5,18,11.2,59.6,116.0,12.90567110348881,80.10540173273286,1.0,0.0,0.1999999999999993,0.5399999999999998,0.1040462227271246,0,0,0,2004-03-10 22:00:00
6,2,11.2,59.2,96.0,13.089091266928232,80.2507433929788,0.5199999999999996,0.0,0.0,0.2599999999999998,0.0500963294612081,0,0,0,2004-03-10 23:00:00
7,4,11.3,56.8,77.0,12.913764802557967,80.27083548705096,0.0199999999999995,0.0,0.1000000000000014,0.03,0.0057803457070624,0,0,0,2004-03-11 00:00:00
8,11,10.7,60.0,76.0,13.037086849861824,80.17605358062592,0.3800000000000025,0.0,0.6000000000000014,0.3100000000000015,0.0597302389729792,0,0,0,2004-03-11 01:00:00
9,7,10.7,59.7,60.0,12.977154756541754,80.10158142284821,0.3200000000000003,0.0,0.0,0.1600000000000001,0.0308285104376666,0,0,0,2004-03-11 02:00:00
10,18,11.0,56.2,28.0,12.902055473242644,80.14980879472824,0.0199999999999995,0.0,0.3000000000000007,0.0699999999999999,0.0134874733164791,0,0,0,2004-03-11 05:00:00
11,10,10.5,58.1,48.0,12.937493804945545,80.15433665062658,0.3399999999999998,0.0,0.5,0.2699999999999999,0.0520231113635623,0,0,0,2004-03-11 06:00:00
12,14,10.2,59.6,82.0,12.940010355464274,80.25615037764108,0.4199999999999999,0.0,0.3000000000000007,0.2700000000000001,0.0520231113635623,0,0,0,2004-03-11 07:00:00
13,4,10.8,57.4,112.0,13.010796020560884,80.11080702969058,0.1600000000000019,0.0,0.6000000000000014,0.2000000000000012,0.0385356380470834,0,0,0,2004-03-11 08:00:00
14,18,10.5,60.6,101.0,13.083541887215642,80.26127001885702,0.0999999999999996,0.0,0.3000000000000007,0.1099999999999999,0.0211946009258957,0,0,0,2004-03-11 09:00:00
15,4,10.8,58.4,98.0,13.096384674438276,80.2458825034678,0.240000000000002,0.0,0.3000000000000007,0.1800000000000011,0.0346820742423751,0,0,0,2004-03-11 10:00:00
16,5,10.5,57.9,92.0,12.948415813142534,80.20220459563738,0.0599999999999987,0.0,0.3000000000000007,0.0899999999999995,0.0173410371211873,0,0,0,2004-03-11 11:00:00
17,2,9.5,66.8,95.0,13.097998741841142,80.17137907796095,0.9199999999999982,0.0,1.0,0.659999999999999,0.1271676055553744,0,0,0,2004-03-11 12:00:00
18,2,8.3,76.4,112.0,12.932852562283864,80.14727358065944,1.6199999999999992,0.0,1.1999999999999993,1.0499999999999994,0.2023120997471867,0,0,0,2004-03-11 13:00:00
19,9,8.0,81.1,128.0,12.938813981250592,80.24840842542599,1.42,0.0,0.3000000000000007,0.7700000000000001,0.1483622064812704,0,0,0,2004-03-11 14:00:00
20,10,8.3,79.8,126.0,12.98912506030088,80.16500053231323,0.6199999999999974,0.0,0.3000000000000007,0.3699999999999989,0.0712909303871037,0,0,0,2004-03-11 15:00:00
21,3,9.7,71.2,131.0,12.963572379999713,80.14013204033155,0.9399999999999996,0.0,1.3999999999999986,0.7499999999999996,0.1445086426765619,0,0,0,2004-03-11 16:00:00
22,18,9.8,67.6,135.0,12.904027575044378,80.21741321394063,0.9800000000000022,0.0,0.1000000000000014,0.5100000000000013,0.0982658770200624,0,0,0,2004-03-11 17:00:00
23,19,10.3,64.2,151.0,13.05732736413341,80.27978643531092,1.08,0.0,0.5,0.64,0.1233140417506662,0,0,0,2004-03-11 18:00:00
24,6,9.7,69.3,172.0,13.076037924405965,80.25688664077583,0.1400000000000005,0.0,0.6000000000000014,0.1900000000000005,0.0366088561447291,0,0,0,2004-03-11 19:00:00
25,19,9.6,67.8,165.0,12.955784011166882,80.29170716980573,0.2200000000000006,0.0,0.0999999999999996,0.1300000000000002,0.0250481647306041,0,0,0,2004-03-11 20:00:00
26,16,9.1,64.0,136.0,13.093804612314594,80.2590360468381,0.5999999999999996,0.0,0.5,0.3999999999999998,0.0770712760941663,0,0,0,2004-03-11 21:00:00
27,5,8.2,63.4,85.0,13.082719163555028,80.1635379324753,1.1800000000000015,0.0,0.9000000000000004,0.7700000000000008,0.1483622064812705,0,0,0,2004-03-11 22:00:00
28,17,8.2,60.8,53.0,13.09105823873366,80.18667707864473,0.7599999999999998,0.0,0.0,0.3799999999999999,0.073217712289458,0,0,0,2004-03-11 23:00:00
29,11,8.3,58.5,97.0,12.992015040362189,80.19434832749202,0.3799999999999972,0.0,0.1000000000000014,0.2099999999999989,0.0404624199494371,0,0,0,2004-03-12 00:00:00
30,16,7.7,59.7,110.0,12.931298422722676,80.25943066307205,0.6000000000000005,0.0,0.6000000000000005,0.4200000000000004,0.0809248398988748,0,0,0,2004-03-12 01:00:00
31,5,7.1,61.8,91.0,13.01155654916618,80.2463691662743,0.8000000000000007,0.0,0.6000000000000005,0.5200000000000005,0.1001926589224164,0,0,0,2004-03-12 02:00:00
32,3,6.3,65.0,44.0,13.075029583583646,80.21314222323761,1.2200000000000006,0.0,0.7999999999999998,0.7700000000000002,0.1483622064812704,0,0,0,2004-03-12 05:00:00
33,1,6.8,62.9,71.0,12.916399060884851,80.12998594696877,0.4400000000000004,0.0,0.5,0.3200000000000002,0.0616570208753331,0,0,0,2004-03-12 06:00:00
34,9,6.4,65.1,104.0,12.913054630738962,80.13351932950826,0.4599999999999991,0.0,0.3999999999999994,0.3099999999999994,0.0597302389729788,0,0,0,2004-03-12 07:00:00
35,19,7.3,63.1,141.0,12.933835103115031,80.13301743939257,0.5200000000000005,0.0,0.8999999999999995,0.4400000000000001,0.0847784037035831,0,0,0,2004-03-12 08:00:00
36,3,13.2,41.7,122.0,12.936916430464237,80.28070553550542,5.199999999999999,0.0,5.9,3.78,0.7283235590898727,1,0,1,2004-03-12 10:00:00
37,10,14.3,38.4,143.0,13.026442577065524,80.15353064507487,4.700000000000001,0.0,1.1000000000000014,2.5700000000000007,0.4951829489050194,1,0,1,2004-03-12 11:00:00
38,1,15.0,36.5,113.0,13.043729553347264,80.13838096354445,3.7600000000000016,0.0,0.6999999999999993,2.0200000000000005,0.3892099442755405,1,0,1,2004-03-12 12:00:00
39,3,16.1,34.5,116.0,12.953150833905877,80.21736896672607,2.92,0.0,1.1000000000000014,1.6800000000000002,0.323699359595499,0,0,0,2004-03-12 13:00:00
40,4,16.3,35.7,123.0,13.023380158982292,80.21964675839365,1.3200000000000005,0.0,0.1999999999999993,0.7,0.1348747331647912,0,0,0,2004-03-12 14:00:00
41,1,15.8,37.0,126.0,13.05278087059228,80.27085464417115,0.3000000000000007,0.0,0.5,0.2500000000000003,0.048169547558854,0,0,0,2004-03-12 15:00:00
42,5,15.9,37.2,120.0,12.96371963213418,80.23226775246702,0.0799999999999983,0.0,0.0999999999999996,0.059999999999999,0.0115606914141247,0,0,0,2004-03-12 16:00:00
43,19,16.9,34.3,119.0,13.089118753622287,80.1438923231315,0.6999999999999993,0.0,0.9999999999999982,0.5499999999999993,0.1059730046294787,0,0,0,2004-03-12 17:00:00
44,8,15.1,39.6,149.0,12.998814446400516,80.15847929410944,0.9000000000000004,0.0,1.799999999999999,0.81,0.156069334090687,0,0,0,2004-03-12 18:00:00
45,18,14.4,43.4,145.0,12.99516804459864,80.22243557141496,1.2199999999999989,0.0,0.6999999999999993,0.7499999999999993,0.1445086426765619,0,0,0,2004-03-12 19:00:00
46,11,12.9,50.5,170.0,12.964626196386371,80.19581633193198,2.140000000000001,0.0,1.5,1.3700000000000003,0.2639691206225201,0,0,0,2004-03-12 20:00:00
47,20,12.1,53.3,149.0,12.921137396648708,80.24072586848273,2.180000000000001,0.0,0.8000000000000007,1.2500000000000009,0.2408477377942702,0,0,0,2004-03-12 21:00:00
48,3,11.0,59.1,139.0,13.025778075701789,80.23371378596502,2.1,0.0,1.0999999999999996,1.2699999999999998,0.2447013015989784,0,0,0,2004-03-12 22:00:00
49,3,9.7,64.6,134.0,12.99289735284068,80.15810653585096,2.3200000000000003,0.0,1.3000000000000007,1.4200000000000004,0.2736030301342909,0,0,0,2004-03-12 23:00:00
50,18,9.5,64.1,113.0,12.978584692135088,80.2316270445838,1.540000000000001,0.0,0.1999999999999993,0.8100000000000003,0.156069334090687,0,0,0,2004-03-13 00:00:00
51,19,9.1,63.9,97.0,12.922463601586625,80.17390705872039,1.1799999999999995,0.0,0.4000000000000003,0.6699999999999999,0.1290943874577287,0,0,0,2004-03-13 01:00:00
52,7,8.8,63.9,82.0,12.91614946970848,80.24889037648035,0.8200000000000003,0.0,0.2999999999999989,0.4699999999999999,0.0905587494106455,0,0,0,2004-03-13 02:00:00
53,13,8.3,63.6,65.0,13.004610034043148,80.16655489248976,0.7799999999999994,0.0,0.5,0.4899999999999996,0.0944123132153538,0,0,0,2004-03-13 05:00:00
54,19,7.2,67.5,60.0,12.94478976523319,80.1792104665304,1.3800000000000017,0.0,1.1000000000000003,0.9100000000000008,0.1753371531142288,0,0,0,2004-03-13 06:00:00
55,15,6.3,71.9,77.0,12.93132741602277,80.13155533637857,1.6400000000000006,0.0,0.9000000000000004,1.0000000000000004,0.1926781902354161,0,0,0,2004-03-13 07:00:00
56,5,6.5,71.6,96.0,13.047378917967777,80.11557106223441,0.92,0.0,0.2000000000000001,0.5,0.096339095117708,0,0,0,2004-03-13 08:00:00
57,20,9.6,59.7,119.0,12.956776944166032,80.27369036710853,2.02,0.0,3.1,1.63,0.3140654500837282,0,0,0,2004-03-13 09:00:00
58,4,12.4,51.2,126.0,12.985696264961875,80.23095236156689,4.0,0.0,2.8000000000000007,2.56,0.4932561670026651,1,0,1,2004-03-13 10:00:00
59,9,15.6,42.2,158.0,12.962481497587884,80.25478872652126,5.52,0.0,3.1999999999999997,3.3999999999999995,0.6551058468004146,1,0,1,2004-03-13 11:00:00
60,2,18.4,33.8,161.0,12.99324402006207,80.21093721634873,5.899999999999999,0.0,2.799999999999999,3.509999999999999,0.6763004477263103,1,0,1,2004-03-13 12:00:00
61,15,19.4,31.3,124.0,13.082669847154335,80.14961305136775,4.319999999999997,0.0,1.0,2.3599999999999985,0.4547205289555817,1,0,1,2004-03-13 13:00:00
62,12,18.0,34.8,102.0,12.998987127765767,80.18294799618532,1.2399999999999984,0.0,1.3999999999999986,0.899999999999999,0.1734103712118743,0,0,0,2004-03-13 14:00:00
63,15,18.4,33.6,116.0,12.908201332398438,80.24489529625134,0.4399999999999977,0.0,0.3999999999999986,0.2999999999999986,0.0578034570706245,0,0,0,2004-03-13 15:00:00
64,20,17.6,35.1,124.0,13.036597849472129,80.11955339097246,0.7599999999999945,0.0,0.7999999999999972,0.5399999999999967,0.104046222727124,0,0,0,2004-03-13 16:00:00
65,1,16.7,37.8,125.0,13.047830029213609,80.10201374188838,1.3200000000000005,0.0,0.9000000000000021,0.8400000000000005,0.1618496797977496,0,0,0,2004-03-13 17:00:00
66,2,16.1,41.0,148.0,13.053222392992668,80.13121170721442,1.259999999999998,0.0,0.5999999999999979,0.7499999999999986,0.1445086426765618,0,0,0,2004-03-13 18:00:00
67,11,15.8,42.4,165.0,13.051150593978836,80.21716577445375,1.120000000000001,0.0,0.3000000000000007,0.6200000000000007,0.1194604779459581,0,0,0,2004-03-13 19:00:00
68,3,15.7,44.1,161.0,13.04108567627732,80.25775067070701,0.6800000000000033,0.0,0.1000000000000014,0.3600000000000019,0.0693641484847501,0,0,0,2004-03-13 20:00:00
69,13,15.3,46.8,159.0,13.008803707631762,80.14393758006342,0.620000000000001,0.0,0.3999999999999986,0.3900000000000002,0.0751444941918123,0,0,0,2004-03-13 21:00:00
70,2,14.6,48.6,143.0,12.966802178848416,80.2415940562871,0.9000000000000004,0.0,0.7000000000000011,0.5900000000000004,0.1136801322388955,0,0,0,2004-03-13 22:00:00
71,2,14.7,49.3,130.0,12.966928539473129,80.22356557201263,0.5199999999999996,0.0,0.0999999999999996,0.2799999999999997,0.0539498932659164,0,0,0,2004-03-13 23:00:00
72,7,13.9,53.6,129.0,12.972812741621528,80.26528783362576,0.9399999999999996,0.0,0.7999999999999989,0.6299999999999996,0.121387259848312,0,0,0,2004-03-14 00:00:00
73,20,14.6,51.5,119.0,13.043824414807156,80.22857624111852,0.0199999999999995,0.0,0.6999999999999993,0.1499999999999996,0.0289017285353123,0,0,0,2004-03-14 01:00:00
74,15,12.5,58.9,104.0,13.036589940842836,80.26844705632003,1.5599999999999987,0.0,2.1,1.1999999999999993,0.2312138282824991,0,0,0,2004-03-14 02:00:00
75,3,11.5,63.1,70.0,12.90316710852708,80.14619294404977,1.9400000000000013,0.0,1.0,1.1700000000000006,0.2254334825754369,0,0,0,2004-03-14 05:00:00
76,15,11.6,62.2,63.0,13.09930195616206,80.29791041973165,1.2199999999999989,0.0,0.0999999999999996,0.6299999999999993,0.121387259848312,0,0,0,2004-03-14 06:00:00
77,3,10.4,67.6,67.0,12.974846311235416,80.26087704826952,1.7199999999999989,0.0,1.1999999999999993,1.0999999999999992,0.2119460092589575,0,0,0,2004-03-14 07:00:00
78,7,11.6,62.7,84.0,13.051586785059442,80.17274351366414,0.08,0.0,1.1999999999999993,0.2799999999999999,0.0539498932659164,0,0,0,2004-03-14 08:00:00
79,14,12.4,60.0,83.0,12.913989126505433,80.24025495556322,0.9000000000000004,0.0,0.8000000000000007,0.6100000000000003,0.1175336960436038,0,0,0,2004-03-14 09:00:00
80,6,14.5,53.1,98.0,12.90229532344254,80.20384417390326,2.4000000000000004,0.0,2.1,1.62,0.3121386681813741,0,0,0,2004-03-14 10:00:00
81,8,16.9,46.1,114.0,13.093170887223788,80.17058338595564,3.7399999999999984,0.0,2.3999999999999986,2.3499999999999988,0.4527937470532275,1,0,1,2004-03-14 11:00:00
82,5,19.3,38.3,119.0,12.9550991890675,80.15211759802355,4.359999999999999,0.0,2.400000000000002,2.66,0.5125239860262069,1,0,1,2004-03-14 12:00:00
83,3,21.2,31.4,104.0,13.086303173776132,80.20164965412918,4.34,0.0,1.8999999999999984,2.55,0.491329385100311,1,0,1,2004-03-14 13:00:00
84,9,21.4,30.2,102.0,13.057668551348112,80.29848715373004,2.740000000000002,0.0,0.1999999999999993,1.4100000000000008,0.2716762482319368,0,0,0,2004-03-14 14:00:00
85,15,21.9,29.0,107.0,12.964149548671127,80.2273283186242,1.7600000000000016,0.0,0.5,0.9800000000000008,0.1888246264307079,0,0,0,2004-03-14 15:00:00
86,1,22.2,28.4,129.0,13.031985592349038,80.26609787822406,1.0,0.0,0.3000000000000007,0.5600000000000002,0.107899786531833,0,0,0,2004-03-14 16:00:00
87,14,21.3,30.8,128.0,13.07272293598266,80.29416585957641,0.3000000000000007,0.0,0.8999999999999986,0.33,0.0635838027776873,0,0,0,2004-03-14 17:00:00
88,7,19.7,36.7,121.0,12.990735042461123,80.215531058856,1.6000000000000014,0.0,1.6000000000000014,1.120000000000001,0.2157995730636662,0,0,0,2004-03-14 18:00:00
89,8,18.4,41.7,157.0,13.001749307869453,80.19401167390787,2.299999999999997,0.0,1.3000000000000007,1.4099999999999988,0.2716762482319365,0,0,0,2004-03-14 19:00:00
90,17,17.6,46.1,173.0,13.0184968728585,80.21322476930179,2.2399999999999984,0.0,0.7999999999999972,1.2799999999999987,0.2466280835013323,0,0,0,2004-03-14 20:00:00
91,7,16.7,49.6,146.0,12.961173115304662,80.18150211476889,2.039999999999999,0.0,0.9000000000000021,1.2,0.2312138282824992,0,0,0,2004-03-14 21:00:00
92,1,16.3,51.0,121.0,12.94128048236782,80.19628816422717,1.4400000000000013,0.0,0.3999999999999986,0.8000000000000004,0.1541425521883329,0,0,0,2004-03-14 22:00:00
93,15,14.7,55.9,119.0,13.01834384021618,80.2388946691371,2.039999999999999,0.0,1.6000000000000014,1.34,0.2581887749154575,0,0,0,2004-03-14 23:00:00
94,11,14.8,54.7,99.0,12.989729951040744,80.14698068010225,1.2200000000000024,0.0,0.1000000000000014,0.6300000000000014,0.1213872598483124,0,0,0,2004-03-15 00:00:00
95,16,14.0,57.0,93.0,13.030049674652386,80.25177286665924,1.3000000000000007,0.0,0.8000000000000007,0.8100000000000005,0.1560693340906871,0,0,0,2004-03-15 01:00:00
96,3,13.4,61.3,88.0,12.95192983594825,80.17695015816533,1.2400000000000002,0.0,0.5999999999999996,0.74,0.1425818607742079,0,0,0,2004-03-15 02:00:00
97,1,11.9,67.4,74.0,12.900612418982384,80.2045658183144,1.8600000000000008,0.0,1.5,1.2300000000000006,0.2369941739895619,0,0,0,2004-03-15 05:00:00
98,10,11.4,70.5,80.0,12.904075214538528,80.20872715604317,1.6999999999999993,0.0,0.5,0.9499999999999996,0.1830442807236452,0,0,0,2004-03-15 06:00:00
99,4,11.3,70.2,89.0,13.097058099838115,80.11086518183085,1.1000000000000014,0.0,0.0999999999999996,0.5700000000000006,0.1098265684341872,0,0,0,2004-03-15 07:00:00
100,7,12.4,63.9,114.0,12.9581782459065,80.22156246545029,0.3200000000000003,0.0,1.0999999999999996,0.3800000000000001,0.0732177122894581,0,0,0,2004-03-15 08:00:00
101,17,14.8,54.3,149.0,13.09646419718122,80.2712084647119,2.4400000000000013,0.0,2.4000000000000004,1.7000000000000006,0.3275529234002075,0,0,0,2004-03-15 09:00:00
102,5,17.4,45.6,157.0,13.066359969348015,80.26767611849355,3.94,0.0,2.599999999999998,2.4899999999999998,0.4797686936861859,1,0,1,2004-03-15 10:00:00
103,13,19.8,38.5,155.0,13.002785948500511,80.23320968362103,4.66,0.0,2.400000000000002,2.8100000000000005,0.5414257145615193,1,0,1,2004-03-15 11:00:00
104,17,22.0,34.1,134.0,12.938889524554146,80.25798050789491,4.719999999999999,0.0,2.1999999999999997,2.7999999999999994,0.5394989326591649,1,0,1,2004-03-15 12:00:00
105,13,23.3,32.2,119.0,12.963019200116792,80.13171049045856,3.84,0.0,1.3000000000000007,2.18,0.4200384547132071,1,0,1,2004-03-15 13:00:00
106,16,23.9,30.0,111.0,12.924090251182289,80.18536714287337,2.619999999999997,0.0,0.5999999999999979,1.4299999999999984,0.2755298120366447,0,0,0,2004-03-15 14:00:00
107,9,24.4,28.9,104.0,12.982737290436052,80.28948180722813,1.7199999999999989,0.0,0.5,0.9599999999999994,0.1849710626259993,0,0,0,2004-03-15 15:00:00
108,2,24.4,29.4,99.0,13.091683678728252,80.2901205086815,0.7999999999999972,0.0,0.0,0.3999999999999986,0.0770712760941661,0,0,0,2004-03-15 16:00:00
109,6,23.8,31.3,110.0,12.926992934679314,80.20277037621359,0.1600000000000001,0.0,0.5999999999999979,0.1999999999999996,0.0385356380470831,0,0,0,2004-03-15 17:00:00
110,15,22.5,35.4,162.0,12.971128391331582,80.1530493883927,1.3000000000000007,0.0,1.3000000000000007,0.9100000000000006,0.1753371531142287,0,0,0,2004-03-15 18:00:00
111,1,20.4,42.5,187.0,13.03794092866691,80.18960765944512,2.700000000000003,0.0,2.1000000000000014,1.7700000000000018,0.3410403967166868,0,0,0,2004-03-15 19:00:00
112,16,18.3,52.6,165.0,13.042754809959249,80.21122340393295,3.580000000000002,0.0,2.099999999999998,2.2100000000000004,0.4258188004202696,1,0,1,2004-03-15 20:00:00
113,3,16.7,57.4,145.0,12.977088745198651,80.25532401178972,3.639999999999997,0.0,1.6000000000000014,2.139999999999999,0.4123313271037901,1,0,1,2004-03-15 21:00:00
114,11,15.7,60.2,125.0,12.978459879336684,80.18679449823392,3.02,0.0,1.0,1.7099999999999995,0.3294797053025614,0,0,0,2004-03-15 22:00:00
115,16,15.3,61.4,101.0,13.012082020335145,80.10079735149316,1.9800000000000004,0.0,0.3999999999999986,1.0699999999999998,0.2061656635518952,0,0,0,2004-03-15 23:00:00
116,10,14.1,65.7,103.0,13.058755482721804,80.12698453790844,1.92,0.0,1.200000000000001,1.2000000000000002,0.2312138282824993,0,0,0,2004-03-16 00:00:00
117,2,14.8,60.6,88.0,12.95370789804838,80.14746554510617,0.5199999999999978,0.0,0.7000000000000011,0.3999999999999991,0.0770712760941662,0,0,0,2004-03-16 01:00:00
118,3,14.8,59.2,61.0,12.900798216231037,80.11641501009369,0.1400000000000005,0.0,0.0,0.0700000000000002,0.0134874733164791,0,0,0,2004-03-16 02:00:00
119,18,12.8,63.2,52.0,12.930728553403974,80.187198337445,1.5599999999999987,0.0,2.0,1.1799999999999993,0.2273602644777908,0,0,0,2004-03-16 05:00:00
120,6,11.2,68.5,64.0,13.039695700059678,80.13875981265068,2.3400000000000016,0.0,1.6000000000000014,1.490000000000001,0.2870905034507702,0,0,0,2004-03-16 06:00:00
121,16,11.0,66.5,70.0,12.976908980705556,80.1650417430803,1.9199999999999984,0.0,0.1999999999999993,0.9999999999999988,0.1926781902354158,0,0,0,2004-03-16 07:00:00
122,1,11.7,63.7,97.0,13.026298298460157,80.2814769510015,0.6000000000000014,0.0,0.6999999999999993,0.4400000000000006,0.0847784037035832,0,0,0,2004-03-16 08:00:00
123,19,13.6,56.3,95.0,12.916930337362327,80.16146031015954,1.540000000000001,0.0,1.9000000000000004,1.1500000000000006,0.2215799187707286,0,0,0,2004-03-16 09:00:00
124,8,17.8,42.9,150.0,12.98639557810215,80.12389067085617,4.740000000000002,0.0,4.200000000000001,3.2100000000000013,0.6184969906556859,1,0,1,2004-03-16 10:00:00
125,4,21.4,33.3,162.0,12.960504107880972,80.22399272312921,6.299999999999999,0.0,3.599999999999998,3.869999999999999,0.7456645962110601,1,0,1,2004-03-16 11:00:00
126,11,24.4,27.4,154.0,13.09845876290809,80.29616364252531,6.620000000000001,0.0,3.0,3.9100000000000006,0.753371723820477,1,0,1,2004-03-16 12:00:00
127,20,25.3,26.1,161.0,13.060901349497623,80.24151049219911,4.800000000000001,0.0,0.9000000000000021,2.580000000000001,0.4971097308073737,1,0,1,2004-03-16 13:00:00
128,3,25.8,23.2,161.0,13.004071957644811,80.23181696581184,2.8599999999999994,0.0,0.5,1.5299999999999998,0.2947976310601866,0,0,0,2004-03-16 14:00:00
129,1,27.0,20.2,128.0,13.051871270727483,80.25263957716214,2.219999999999999,0.0,1.1999999999999993,1.3499999999999992,0.2601155568178115,0,0,0,2004-03-16 15:00:00
130,10,28.2,18.6,129.0,12.95526312502746,80.10336359004857,2.0600000000000023,0.0,1.1999999999999993,1.270000000000001,0.2447013015989786,0,0,0,2004-03-16 16:00:00
131,1,28.0,19.1,133.0,12.93099375814056,80.11463377120845,1.139999999999997,0.0,0.1999999999999993,0.6099999999999983,0.1175336960436034,0,0,0,2004-03-16 17:00:00
132,5,23.9,25.7,139.0,12.919875290182524,80.2659861154542,2.679999999999996,0.0,4.100000000000001,2.1599999999999984,0.4161848909084984,1,0,1,2004-03-16 18:00:00
133,13,21.3,34.8,137.0,12.939649083306149,80.25811812824907,4.379999999999999,0.0,2.599999999999998,2.709999999999999,0.5221578955379774,1,0,1,2004-03-16 19:00:00
134,20,20.4,36.7,143.0,13.01202794870292,80.18414151959223,3.960000000000001,0.0,0.9000000000000021,2.160000000000001,0.416184890908499,1,0,1,2004-03-16 20:00:00
135,4,19.0,41.3,177.0,12.924990508072757,80.21336405277555,3.52,0.0,1.3999999999999986,2.04,0.3930635080802487,1,0,1,2004-03-16 21:00:00
136,14,17.9,45.9,138.0,13.035756857629178,80.2357409273632,2.599999999999998,0.0,1.1000000000000014,1.5199999999999991,0.2928708491578323,0,0,0,2004-03-16 22:00:00
137,2,16.7,48.9,117.0,12.901355810337666,80.10004584116136,2.3599999999999994,0.0,1.1999999999999993,1.4199999999999997,0.2736030301342907,0,0,0,2004-03-16 23:00:00
138,17,15.5,52.9,107.0,13.030301321202796,80.17834734974328,2.3999999999999986,0.0,1.1999999999999993,1.439999999999999,0.2774565939389989,0,0,0,2004-03-17 00:00:00
139,18,15.5,51.9,90.0,13.037617822335871,80.27742890085078,1.4199999999999982,0.0,0.0,0.7099999999999991,0.1368015150671452,0,0,0,2004-03-17 01:00:00
140,14,14.1,55.6,79.0,12.911777531799835,80.25374379458525,1.839999999999998,0.0,1.4000000000000004,1.199999999999999,0.2312138282824991,0,0,0,2004-03-17 02:00:00
141,14,11.8,58.0,40.0,12.979909080881349,80.2775064593666,2.9200000000000017,0.0,2.299999999999999,1.9200000000000008,0.369942125251999,0,0,0,2004-03-17 05:00:00
142,15,11.9,57.4,53.0,12.962258731870552,80.24075688074066,1.8599999999999997,0.0,0.0999999999999996,0.9499999999999996,0.1830442807236452,0,0,0,2004-03-17 06:00:00
143,16,9.9,65.2,84.0,12.911355553795484,80.11959865142076,2.74,0.0,2.0,1.77,0.3410403967166864,0,0,0,2004-03-17 07:00:00
144,15,11.1,60.2,108.0,12.96191125169134,80.1885019173069,0.6600000000000001,0.0,1.1999999999999993,0.57,0.1098265684341871,0,0,0,2004-03-17 08:00:00
145,9,14.1,50.0,127.0,13.045491996873354,80.2732963416792,2.34,0.0,3.0,1.77,0.3410403967166864,0,0,0,2004-03-17 09:00:00
146,5,17.7,40.1,134.0,13.010253606917315,80.16896611065275,4.759999999999998,0.0,3.6,3.0999999999999988,0.5973023897297897,1,0,1,2004-03-17 10:00:00
147,20,21.1,33.4,135.0,12.978345448873082,80.2458858804903,6.32,0.0,3.400000000000002,3.8400000000000007,0.7398842505039979,1,0,1,2004-03-17 11:00:00
148,11,24.3,28.3,142.0,12.976411640271756,80.26378627010159,6.639999999999997,0.0,3.1999999999999997,3.959999999999998,0.7630056333322474,1,0,1,2004-03-17 12:00:00
149,8,25.6,25.6,153.0,13.02981886353612,80.10769928876446,5.040000000000003,0.0,1.3000000000000007,2.7800000000000016,0.535645368854457,1,0,1,2004-03-17 13:00:00
150,18,25.9,25.9,123.0,13.097544103677976,80.15052669008503,2.979999999999997,0.0,0.2999999999999971,1.5499999999999978,0.2986511948648945,0,0,0,2004-03-17 14:00:00
151,7,26.8,18.7,104.0,12.961030067409204,80.14165888160358,2.0599999999999987,0.0,0.9000000000000021,1.2099999999999995,0.2331406101848534,0,0,0,2004-03-17 15:00:00
152,16,29.3,15.8,129.0,13.092246171851102,80.2247218824027,2.919999999999998,0.0,2.5,1.959999999999999,0.3776492528614154,0,0,0,2004-03-17 16:00:00
153,18,28.5,14.9,114.0,13.096630649961298,80.2368309859229,1.2800000000000011,0.0,0.8000000000000007,0.8000000000000007,0.154142552188333,0,0,0,2004-03-17 17:00:00
154,17,25.9,16.0,158.0,12.944729904296334,80.14728535853128,1.3800000000000026,0.0,2.6000000000000014,1.2100000000000015,0.2331406101848538,0,0,0,2004-03-17 18:00:00
155,8,23.1,26.5,194.0,12.963608431760564,80.24241586543806,3.619999999999997,0.0,2.799999999999997,2.3699999999999983,0.4566473108579358,1,0,1,2004-03-17 19:00:00
156,8,20.5,38.2,182.0,13.092912799831218,80.17572432741879,4.960000000000001,0.0,2.6000000000000014,3.000000000000001,0.5780345707062484,1,0,1,2004-03-17 20:00:00
157,6,19.1,42.6,180.0,12.977155772450695,80.27320948867725,4.32,0.0,1.3999999999999986,2.44,0.4701347841744152,1,0,1,2004-03-17 21:00:00
158,13,17.2,44.1,136.0,12.916999549082696,80.26333530998923,3.960000000000005,0.0,1.900000000000002,2.3600000000000025,0.4547205289555824,1,0,1,2004-03-17 22:00:00
159,5,16.0,50.9,127.0,12.908833325587745,80.18322651700346,3.18,0.0,1.1999999999999993,1.83,0.3526010881308113,0,0,0,2004-03-17 23:00:00
160,19,14.8,53.9,116.0,12.97602366384148,80.14129731633453,2.7200000000000024,0.0,1.1999999999999993,1.600000000000001,0.3082851043766659,0,0,0,2004-03-18 00:00:00
161,13,14.3,55.4,107.0,13.082062595539998,80.25766829135254,1.9800000000000004,0.0,0.5,1.0900000000000003,0.2100192273566035,0,0,0,2004-03-18 01:00:00
162,12,14.8,52.1,88.0,13.026928908737409,80.25239943555519,0.6199999999999974,0.0,0.5,0.4099999999999987,0.0789980579965203,0,0,0,2004-03-18 02:00:00
163,20,12.0,58.9,57.0,13.004115329616436,80.1807178861036,2.380000000000001,0.0,2.8000000000000007,1.7500000000000004,0.3371868329119782,0,0,0,2004-03-18 05:00:00
164,14,10.9,62.1,71.0,13.0239940209039,80.10837649442806,2.459999999999999,0.0,1.0999999999999996,1.4499999999999995,0.2793833758413532,0,0,0,2004-03-18 06:00:00
165,5,10.6,63.3,85.0,13.05237633046691,80.28298167402006,1.9200000000000017,0.0,0.3000000000000007,1.020000000000001,0.1965317540401245,0,0,0,2004-03-18 07:00:00
166,17,11.5,60.0,124.0,13.081129160402996,80.13256312015118,0.4599999999999991,0.0,0.9000000000000004,0.4099999999999996,0.0789980579965205,0,0,0,2004-03-18 08:00:00
167,14,14.3,50.6,151.0,12.981155423961212,80.1823640951898,2.4399999999999995,0.0,2.8000000000000007,1.7799999999999998,0.3429671786190406,0,0,0,2004-03-18 09:00:00
168,18,21.3,24.2,101.0,12.915313206376442,80.22158954004097,7.580000000000002,0.0,7.0,5.190000000000001,0.9999998073218096,1,0,1,2004-03-22 16:00:00
169,11,20.2,28.5,103.0,12.962319056919137,80.25903472248194,4.619999999999997,0.0,1.1000000000000014,2.529999999999999,0.4874758212956025,1,0,1,2004-03-22 17:00:00
170,14,17.0,43.1,129.0,13.083539080365686,80.22676681173124,0.139999999999997,0.0,3.1999999999999997,0.7099999999999984,0.1368015150671451,0,0,0,2004-03-22 18:00:00
171,20,15.6,47.4,143.0,12.982529368397945,80.27463093311162,2.08,0.0,1.4000000000000004,1.32,0.2543352111107492,0,0,0,2004-03-22 19:00:00
172,15,15.3,47.4,146.0,13.07887104116023,80.14130338724084,2.5799999999999983,0.0,0.2999999999999989,1.349999999999999,0.2601155568178115,0,0,0,2004-03-22 20:00:00
173,3,14.5,49.7,124.0,12.976215389176495,80.18239381913531,2.02,0.0,0.8000000000000007,1.17,0.2254334825754368,0,0,0,2004-03-22 21:00:00
174,13,13.9,52.0,113.0,12.92227245455343,80.16203843061055,1.3599999999999994,0.0,0.5999999999999996,0.7999999999999996,0.1541425521883327,0,0,0,2004-03-22 22:00:00
175,19,14.5,49.4,80.0,13.009110532751023,80.16800167219408,0.2599999999999998,0.0,0.5999999999999996,0.2499999999999998,0.0481695475588539,0,0,0,2004-03-22 23:00:00
176,7,13.8,51.4,72.0,12.965781178946717,80.24327559025305,0.5999999999999996,0.0,0.6999999999999993,0.4399999999999997,0.084778403703583,0,0,0,2004-03-23 00:00:00
177,13,14.0,51.3,64.0,13.027691689977331,80.24628347413733,0.1400000000000005,0.0,0.1999999999999993,0.1100000000000001,0.0211946009258958,0,0,0,2004-03-23 01:00:00
178,14,13.0,56.8,70.0,13.076562872700784,80.19883326581873,0.8399999999999999,0.0,1.0,0.6199999999999999,0.1194604779459579,0,0,0,2004-03-23 02:00:00
179,18,8.8,80.5,22.0,13.064153659057691,80.28700066361351,4.019999999999998,0.0,4.199999999999999,2.8499999999999988,0.5491328421709356,1,0,1,2004-03-23 05:00:00
180,14,9.6,75.4,47.0,12.973441806293762,80.19973619103428,2.24,0.0,0.7999999999999989,1.2799999999999998,0.2466280835013325,0,0,0,2004-03-23 06:00:00
181,3,9.8,75.0,88.0,13.084696143151447,80.18102458750718,1.2400000000000002,0.0,0.200000000000001,0.6600000000000004,0.1271676055553746,0,0,0,2004-03-23 07:00:00
182,11,10.0,74.2,130.0,13.025203423536068,80.22910427499797,0.2400000000000002,0.0,0.1999999999999993,0.1599999999999999,0.0308285104376665,0,0,0,2004-03-23 08:00:00
183,13,11.2,69.7,132.0,13.08409287881092,80.14973305781808,1.3200000000000005,0.0,1.1999999999999993,0.9,0.1734103712118744,0,0,0,2004-03-23 09:00:00
184,14,12.0,62.9,132.0,13.06697669336242,80.12109524540605,1.4800000000000004,0.0,0.8000000000000007,0.9000000000000004,0.1734103712118745,0,0,0,2004-03-23 10:00:00
185,12,12.8,55.8,131.0,12.969449337689896,80.13617648763662,1.6400000000000006,0.0,0.8000000000000007,0.9800000000000004,0.1888246264307078,0,0,0,2004-03-23 11:00:00
186,1,13.1,54.8,129.0,12.93815014064634,80.13998758710261,1.2800000000000011,0.0,0.2999999999999989,0.7000000000000004,0.1348747331647913,0,0,0,2004-03-23 12:00:00
187,8,13.8,53.4,132.0,12.91920716086008,80.27698887897274,1.2200000000000006,0.0,0.7000000000000011,0.7500000000000006,0.1445086426765621,0,0,0,2004-03-23 13:00:00
188,10,16.0,42.4,110.0,13.061853829061732,80.15142269225989,2.459999999999999,0.0,2.1999999999999997,1.6699999999999997,0.3217725776931447,0,0,0,2004-03-23 14:00:00
189,19,14.1,49.8,99.0,12.962585854851644,80.10023202875009,0.1400000000000005,0.0,1.9000000000000004,0.4500000000000004,0.0867051856059373,0,0,0,2004-03-23 15:00:00
190,9,12.0,61.1,100.0,12.920253468619348,80.11150435165355,1.8000000000000007,0.0,2.1,1.3200000000000005,0.2543352111107493,0,0,0,2004-03-23 16:00:00
191,18,13.6,54.6,122.0,12.92485869993046,80.2683899650701,0.3000000000000007,0.0,1.5999999999999996,0.4700000000000003,0.0905587494106456,0,0,0,2004-03-23 17:00:00
192,9,13.7,49.5,97.0,13.096555631581456,80.20452965391993,0.1800000000000015,0.0,0.0999999999999996,0.1100000000000006,0.0211946009258959,0,0,0,2004-03-23 18:00:00
193,16,11.7,57.1,112.0,12.98020600736971,80.16545585955858,1.3200000000000005,0.0,2.0,1.06,0.204238881649541,0,0,0,2004-03-23 19:00:00
194,13,11.5,58.2,128.0,13.055283003159373,80.21784706992023,1.0,0.0,0.1999999999999993,0.5399999999999998,0.1040462227271246,0,0,0,2004-03-23 20:00:00
195,2,12.6,54.2,101.0,12.917207336217247,80.2790538197665,0.0199999999999995,0.0,1.0999999999999996,0.2299999999999997,0.0443159837541456,0,0,0,2004-03-23 21:00:00
196,5,12.0,54.9,96.0,12.94529951442258,80.20649952867676,0.3000000000000007,0.0,0.5999999999999996,0.2700000000000003,0.0520231113635624,0,0,0,2004-03-23 22:00:00
197,12,11.0,61.4,86.0,13.099415737545556,80.12144504612431,0.7599999999999998,0.0,1.0,0.5799999999999998,0.1117533503365413,0,0,0,2004-03-23 23:00:00
198,15,11.1,62.2,85.0,12.99671838334185,80.27111137738837,0.5399999999999991,0.0,0.0999999999999996,0.2899999999999995,0.0558766751682705,0,0,0,2004-03-24 00:00:00
199,18,10.8,62.5,79.0,13.05013840444899,80.13857463542142,0.6999999999999993,0.0,0.2999999999999989,0.4099999999999994,0.0789980579965204,0,0,0,2004-03-24 01:00:00
200,15,11.3,60.0,61.0,12.954363322900106,80.16668101109725,0.0600000000000005,0.0,0.5,0.1300000000000002,0.0250481647306041,0,0,0,2004-03-24 02:00:00
201,12,10.9,58.6,54.0,12.947746379548413,80.27968052048429,0.1199999999999992,0.0,0.4000000000000003,0.1399999999999996,0.0269749466329581,0,0,0,2004-03-24 05:00:00
202,14,10.8,57.2,57.0,12.963686285317582,80.23650609829738,0.1799999999999997,0.0,0.0999999999999996,0.1099999999999997,0.0211946009258957,0,0,0,2004-03-24 06:00:00
203,20,10.4,59.2,75.0,13.072137148793566,80.10547881952007,0.4399999999999995,0.0,0.4000000000000003,0.2999999999999998,0.0578034570706247,0,0,0,2004-03-24 07:00:00
204,2,11.0,57.3,97.0,13.015786279358124,80.21007602571964,0.1199999999999992,0.0,0.5999999999999996,0.1799999999999995,0.0346820742423748,0,0,0,2004-03-24 08:00:00
205,18,11.2,56.9,110.0,13.079870910065411,80.10083809888866,0.3399999999999998,0.0,0.1999999999999993,0.2099999999999998,0.0404624199494373,0,0,0,2004-03-24 09:00:00
206,10,12.1,54.9,113.0,13.0805630766282,80.25061748866199,1.0,0.0,0.9000000000000004,0.68,0.1310211693600829,0,0,0,2004-03-24 10:00:00
207,6,15.1,44.3,88.0,13.056980380442168,80.25557626594724,3.140000000000001,0.0,3.0,2.1700000000000004,0.418111672810853,1,0,1,2004-03-24 11:00:00
208,9,15.6,40.6,85.0,13.053048930300864,80.2542551863608,2.6,0.0,0.5,1.4,0.2697494663295825,0,0,0,2004-03-24 12:00:00
209,7,16.9,34.6,96.0,12.965866673062004,80.14066152547302,2.719999999999997,0.0,1.299999999999999,1.6199999999999983,0.3121386681813737,0,0,0,2004-03-24 13:00:00
210,15,16.6,35.6,106.0,12.987573012988994,80.13828840863916,1.3400000000000016,0.0,0.2999999999999971,0.7300000000000002,0.1406550788718537,0,0,0,2004-03-24 14:00:00
211,7,9.6,81.1,126.0,13.090625110871978,80.25412785854314,5.16,0.0,7.000000000000002,3.98,0.7668591971369562,1,0,1,2004-03-24 16:00:00
212,20,11.7,69.1,130.0,12.92247488606666,80.2754778556173,2.3800000000000026,0.0,2.1,1.6100000000000012,0.3102118862790201,0,0,0,2004-03-24 17:00:00
213,2,10.7,68.5,111.0,13.075273110661964,80.1916307629983,2.4000000000000004,0.0,1.0,1.4,0.2697494663295825,0,0,0,2004-03-24 18:00:00
214,18,10.7,67.3,134.0,12.941878224578856,80.1131150666912,1.16,0.0,0.0,0.5800000000000001,0.1117533503365413,0,0,0,2004-03-24 19:00:00
215,4,10.8,65.7,136.0,13.019649959914936,80.18268884516256,0.1000000000000014,0.0,0.1000000000000014,0.0700000000000009,0.0134874733164793,0,0,0,2004-03-24 20:00:00
216,2,10.3,66.3,125.0,13.000010155665258,80.17793500934633,0.5399999999999991,0.0,0.5,0.3699999999999995,0.0712909303871038,0,0,0,2004-03-24 21:00:00
217,15,10.1,66.9,108.0,13.02862772204232,80.27573767794172,0.4199999999999999,0.0,0.200000000000001,0.2500000000000001,0.048169547558854,0,0,0,2004-03-24 22:00:00
218,11,10.4,61.1,87.0,12.926790299114408,80.20884870982864,0.0599999999999987,0.0,0.3000000000000007,0.0899999999999995,0.0173410371211873,0,0,0,2004-03-24 23:00:00
219,12,10.3,59.9,89.0,13.003064102148324,80.16473288314704,0.08,0.0,0.0999999999999996,0.0599999999999999,0.0115606914141249,0,0,0,2004-03-25 00:00:00
220,6,11.0,58.4,58.0,13.089989677104812,80.187646289485,0.5800000000000001,0.0,0.6999999999999993,0.4299999999999999,0.0828516218012289,0,0,0,2004-03-25 01:00:00
221,3,9.1,68.1,54.0,12.972371119325544,80.18615565099799,1.0800000000000018,0.0,1.9000000000000004,0.920000000000001,0.177263935016583,0,0,0,2004-03-25 02:00:00
222,8,9.3,72.3,28.0,12.951970076674703,80.17135766363094,0.7199999999999989,0.0,0.200000000000001,0.3999999999999996,0.0770712760941663,0,0,0,2004-03-25 04:00:00
223,20,9.9,66.8,20.0,13.073084361207526,80.16257669647506,0.0199999999999995,0.0,0.5999999999999996,0.1299999999999997,0.025048164730604,0,0,0,2004-03-25 05:00:00
224,18,7.6,83.2,51.0,13.09737098715555,80.23757542472917,1.7799999999999994,0.0,2.3000000000000007,1.35,0.2601155568178117,0,0,0,2004-03-25 06:00:00
225,16,8.1,79.0,82.0,12.955132997718076,80.1984338585456,0.7000000000000011,0.0,0.5,0.4500000000000005,0.0867051856059373,0,0,0,2004-03-25 07:00:00
226,8,8.7,74.6,112.0,13.080946276212345,80.17481576278242,0.0200000000000013,0.0,0.5999999999999996,0.1300000000000006,0.0250481647306042,0,0,0,2004-03-25 08:00:00
227,19,8.6,75.1,119.0,13.000374864647362,80.16223546029528,0.0199999999999995,0.0,0.0999999999999996,0.0299999999999997,0.0057803457070624,0,0,0,2004-03-25 09:00:00
228,12,9.7,69.7,99.0,13.097623279250309,80.22995580814631,1.1599999999999984,0.0,1.0999999999999996,0.7999999999999992,0.1541425521883327,0,0,0,2004-03-25 10:00:00
229,6,11.0,64.4,98.0,12.911942554060492,80.18570149933694,1.7800000000000011,0.0,1.3000000000000007,1.1500000000000008,0.2215799187707286,0,0,0,2004-03-25 11:00:00
230,17,13.6,53.0,88.0,12.942553133628785,80.13774750469096,3.280000000000001,0.0,2.6,2.1600000000000006,0.4161848909084988,1,0,1,2004-03-25 12:00:00
231,6,14.2,48.4,96.0,13.040750656484526,80.24684872096839,2.78,0.0,0.5999999999999996,1.5099999999999996,0.2909440672554782,0,0,0,2004-03-25 13:00:00
232,6,14.2,46.3,81.0,12.971508637864112,80.19868642958588,1.66,0.0,0.0,0.8300000000000001,0.1599228978953953,0,0,0,2004-03-25 14:00:00
233,1,16.0,41.3,92.0,13.075001501635198,80.27410916304878,2.1999999999999997,0.0,1.8000000000000007,1.4599999999999995,0.2813101577437074,0,0,0,2004-03-25 15:00:00
234,8,17.7,35.4,105.0,12.962780516399812,80.1907872247478,2.5599999999999987,0.0,1.6999999999999993,1.6199999999999992,0.3121386681813739,0,0,0,2004-03-25 16:00:00
235,15,17.1,37.4,88.0,12.98056678522174,80.15593905663489,1.2600000000000016,0.0,0.5999999999999979,0.7500000000000003,0.1445086426765621,0,0,0,2004-03-25 17:00:00
236,6,14.9,40.5,103.0,13.082083476872224,80.2188964229327,1.0799999999999983,0.0,2.200000000000001,0.9799999999999992,0.1888246264307076,0,0,0,2004-03-25 18:00:00
237,13,13.4,47.8,141.0,12.943786881072462,80.19010113065845,2.419999999999998,0.0,1.5,1.5099999999999991,0.2909440672554781,0,0,0,2004-03-25 19:00:00
238,11,12.6,52.5,133.0,12.995190676636554,80.18558946395976,2.540000000000001,0.0,0.8000000000000007,1.4300000000000006,0.2755298120366451,0,0,0,2004-03-25 20:00:00
239,4,12.2,53.2,119.0,13.045684632189754,80.13558500700258,1.8400000000000016,0.0,0.4000000000000003,1.0000000000000009,0.1926781902354162,0,0,0,2004-03-25 21:00:00
240,15,10.6,56.1,106.0,13.011075892551588,80.23813801731966,2.139999999999999,0.0,1.5999999999999996,1.3899999999999992,0.2678226844272282,0,0,0,2004-03-25 22:00:00
241,19,9.9,59.5,92.0,12.939015070951683,80.23907422890932,1.839999999999998,0.0,0.6999999999999993,1.059999999999999,0.2042388816495408,0,0,0,2004-03-25 23:00:00
242,8,9.6,61.1,97.0,13.015337712741996,80.28769236611032,1.3800000000000008,0.0,0.3000000000000007,0.7500000000000006,0.1445086426765621,0,0,0,2004-03-26 00:00:00
243,20,9.7,61.6,91.0,13.085875106094525,80.20788458856829,0.7000000000000011,0.0,0.0999999999999996,0.3700000000000004,0.071290930387104,0,0,0,2004-03-26 01:00:00
244,12,9.4,62.6,83.0,12.93630765629446,80.15065048925341,0.4399999999999995,0.0,0.2999999999999989,0.2799999999999995,0.0539498932659164,0,0,0,2004-03-26 02:00:00
245,16,8.0,69.4,59.0,13.034722451207928,80.25759584059745,1.3199999999999985,0.0,1.4000000000000004,0.9399999999999992,0.181117498821291,0,0,0,2004-03-26 04:00:00
246,10,7.7,72.4,73.0,13.028970123459247,80.21355961522877,1.1799999999999988,0.0,0.2999999999999998,0.6499999999999994,0.1252408236530203,0,0,0,2004-03-26 05:00:00
247,8,8.0,71.8,78.0,13.002657751646618,80.25663075193039,0.5599999999999987,0.0,0.2999999999999998,0.3399999999999993,0.0655105846800413,0,0,0,2004-03-26 06:00:00
248,16,8.5,66.3,90.0,12.98999807129339,80.12797967859838,0.1800000000000015,0.0,0.5,0.1900000000000007,0.0366088561447292,0,0,0,2004-03-26 07:00:00
249,8,9.8,59.6,110.0,13.004809029694291,80.14463569563982,1.4000000000000004,0.0,1.3000000000000007,0.9600000000000004,0.1849710626259995,0,0,0,2004-03-26 08:00:00
250,12,11.2,57.0,114.0,12.928353947375212,80.2866240231525,2.1599999999999984,0.0,1.3999999999999986,1.359999999999999,0.2620423387201657,0,0,0,2004-03-26 09:00:00
251,9,14.8,44.1,119.0,12.995698274435588,80.2742738903751,4.340000000000002,0.0,3.6000000000000014,2.890000000000001,0.5568399697803527,1,0,1,2004-03-26 10:00:00
252,17,16.8,35.3,121.0,13.000300208963216,80.2146586149371,4.580000000000002,0.0,2.0,2.690000000000001,0.5183043317332694,1,0,1,2004-03-26 11:00:00
253,7,19.2,27.1,97.0,13.081441305032014,80.16204707504222,4.84,0.0,2.3999999999999986,2.8999999999999995,0.5587667516827065,1,0,1,2004-03-26 12:00:00
254,7,19.1,26.2,99.0,12.980948032022315,80.20621075179362,2.8800000000000026,0.0,0.0999999999999978,1.4600000000000009,0.2813101577437076,0,0,0,2004-03-26 13:00:00
255,6,16.3,30.8,85.0,12.986660520738935,80.18016901977342,0.9400000000000012,0.0,2.8000000000000007,1.0300000000000007,0.1984585359424787,0,0,0,2004-03-26 14:00:00
256,14,14.2,36.8,75.0,12.988577753197658,80.20919335758673,2.919999999999998,0.0,2.1000000000000014,1.8799999999999997,0.3622349976425821,0,0,0,2004-03-26 15:00:00
257,6,13.4,41.0,87.0,13.069773017566352,80.1086566019774,3.0399999999999974,0.0,0.7999999999999989,1.6799999999999984,0.3236993595954987,0,0,0,2004-03-26 16:00:00
258,14,14.2,43.3,102.0,13.00278357172384,80.25307787363396,1.240000000000002,0.0,0.7999999999999989,0.7800000000000008,0.1502889883836247,0,0,0,2004-03-26 17:00:00
259,9,12.1,45.6,105.0,13.051172973619286,80.19714237192422,1.9399999999999975,0.0,2.1,1.3899999999999988,0.2678226844272281,0,0,0,2004-03-26 18:00:00
260,8,10.4,48.0,98.0,13.021145171230042,80.10175300591371,2.459999999999999,0.0,1.6999999999999993,1.5699999999999994,0.3025047586696031,0,0,0,2004-03-26 19:00:00
261,14,10.0,51.1,93.0,13.060565345080647,80.14434350598897,2.02,0.0,0.4000000000000003,1.09,0.2100192273566035,0,0,0,2004-03-26 20:00:00
262,3,9.8,50.8,91.0,13.034801138726436,80.12053285475736,1.4999999999999982,0.0,0.1999999999999993,0.7899999999999989,0.1522157702859785,0,0,0,2004-03-26 21:00:00
263,5,9.7,50.4,85.0,12.950848109615247,80.27084611290815,0.7000000000000011,0.0,0.1000000000000014,0.3700000000000008,0.0712909303871041,0,0,0,2004-03-26 22:00:00
264,18,9.9,50.2,74.0,13.02835284300317,80.17091439056523,0.0599999999999987,0.0,0.200000000000001,0.0699999999999995,0.013487473316479,0,0,0,2004-03-26 23:00:00
265,18,9.4,53.4,87.0,12.98987753354232,80.21622183477966,0.3599999999999994,0.0,0.5,0.2799999999999997,0.0539498932659164,0,0,0,2004-03-27 00:00:00
266,20,8.6,57.8,79.0,12.913450853874034,80.13681213532769,0.8800000000000008,0.0,0.8000000000000007,0.6000000000000005,0.1156069141412497,0,0,0,2004-03-27 01:00:00
267,13,8.1,62.1,78.0,13.070900950812463,80.16856808152235,1.0399999999999991,0.0,0.5,0.6199999999999996,0.1194604779459578,0,0,0,2004-03-27 02:00:00
268,1,8.2,58.9,48.0,13.048854062251277,80.2326979678649,0.6400000000000006,0.0,0.0999999999999996,0.3400000000000002,0.0655105846800415,0,0,0,2004-03-27 05:00:00
269,17,6.3,66.6,59.0,12.934426056129087,80.15155374479178,1.8200000000000007,0.0,1.8999999999999997,1.2900000000000005,0.2485548654036868,0,0,0,2004-03-27 06:00:00
270,3,7.2,62.9,65.0,13.0221131533914,80.26764506595698,0.4799999999999977,0.0,0.9000000000000004,0.4199999999999989,0.0809248398988745,0,0,0,2004-03-27 07:00:00
271,14,7.2,63.9,71.0,13.09210325758298,80.22695180003426,0.1999999999999984,0.0,0.0,0.0999999999999992,0.0192678190235414,0,0,0,2004-03-27 08:00:00
272,15,11.1,50.5,84.0,13.025836772896154,80.28311670608213,3.1000000000000014,0.0,3.9,2.3300000000000005,0.4489401832485196,1,0,1,2004-03-27 09:00:00
273,18,15.5,36.1,93.0,13.081833396624894,80.27663819739192,6.040000000000001,0.0,4.4,3.9,0.7514449419181228,1,0,1,2004-03-27 10:00:00
274,18,17.8,29.2,99.0,12.989220990361575,80.25630017880046,6.040000000000001,0.0,2.3000000000000007,3.4800000000000004,0.670520102019248,1,0,1,2004-03-27 11:00:00
275,13,17.6,30.1,93.0,13.080944869330448,80.21224921658052,3.7600000000000016,0.0,0.1999999999999993,1.9200000000000008,0.369942125251999,0,0,0,2004-03-27 12:00:00
276,11,19.1,26.8,96.0,12.992405080083708,80.29097340634777,2.8800000000000026,0.0,1.5,1.740000000000001,0.3352600510096242,0,0,0,2004-03-27 13:00:00
277,17,17.7,28.6,114.0,13.02499999899394,80.14422646696461,0.1600000000000001,0.0,1.400000000000002,0.3600000000000005,0.0693641484847498,0,0,0,2004-03-27 14:00:00
278,2,17.8,28.4,101.0,13.072455934476206,80.17532171555604,0.1999999999999993,0.0,0.1000000000000014,0.1199999999999999,0.0231213828282499,0,0,0,2004-03-27 15:00:00
279,12,18.7,26.0,108.0,12.911369040525942,80.21238810280855,0.5199999999999996,0.0,0.8999999999999986,0.4399999999999995,0.0847784037035829,0,0,0,2004-03-27 16:00:00
280,12,17.1,31.3,117.0,12.9441889404863,80.23598077719481,0.9800000000000004,0.0,1.599999999999998,0.8099999999999998,0.156069334090687,0,0,0,2004-03-27 17:00:00
281,7,15.8,36.1,125.0,12.983696026863194,80.17579832889558,1.620000000000001,0.0,1.3000000000000007,1.0700000000000007,0.2061656635518953,0,0,0,2004-03-27 18:00:00
282,14,14.7,40.1,133.0,12.957734120271358,80.11311456445324,2.120000000000001,0.0,1.1000000000000014,1.2800000000000007,0.2466280835013327,0,0,0,2004-03-27 19:00:00
283,9,13.6,44.9,119.0,12.996896208451489,80.10575847488849,2.379999999999999,0.0,1.0999999999999996,1.4099999999999997,0.2716762482319366,0,0,0,2004-03-27 20:00:00
284,9,12.5,48.1,107.0,12.919941425766748,80.224038924262,2.24,0.0,1.0999999999999996,1.34,0.2581887749154575,0,0,0,2004-03-27 21:00:00
285,10,11.8,50.8,96.0,13.08177930726793,80.23158557188324,1.8799999999999968,0.0,0.6999999999999993,1.0799999999999983,0.2080924454542491,0,0,0,2004-03-27 22:00:00
286,8,10.9,56.1,105.0,13.044491409436842,80.10858385890528,1.799999999999999,0.0,0.9000000000000004,1.0799999999999996,0.2080924454542493,0,0,0,2004-03-27 23:00:00
287,18,10.9,55.9,102.0,13.068179770249996,80.1968358116178,1.0399999999999991,0.0,0.0,0.5199999999999996,0.1001926589224162,0,0,0,2004-03-28 00:00:00
288,13,10.3,58.1,97.0,13.026192265001333,80.12377685053102,0.9799999999999986,0.0,0.5999999999999996,0.6099999999999992,0.1175336960436036,0,0,0,2004-03-28 01:00:00
289,19,9.3,62.2,79.0,12.962208049011956,80.16050239873641,1.34,0.0,1.0,0.8699999999999999,0.1676300255048119,0,0,0,2004-03-28 02:00:00
290,14,8.3,64.9,69.0,12.997034598594912,80.29303012594103,1.6399999999999988,0.0,1.0,1.0199999999999994,0.1965317540401243,0,0,0,2004-03-28 04:00:00
291,19,9.6,58.5,52.0,12.96496282711634,80.11812237014657,0.08,0.0,1.299999999999999,0.2999999999999998,0.0578034570706247,0,0,0,2004-03-28 05:00:00
292,14,7.7,66.4,62.0,13.003623468025616,80.13066657870746,1.3400000000000007,0.0,1.8999999999999997,1.0500000000000005,0.2023120997471869,0,0,0,2004-03-28 06:00:00
293,14,7.4,68.0,69.0,13.014002801605868,80.21611296353518,1.0599999999999987,0.0,0.2999999999999998,0.5899999999999993,0.1136801322388953,0,0,0,2004-03-28 07:00:00
294,2,9.7,58.6,75.0,12.95054528987907,80.27254688307,1.1599999999999984,0.0,2.299999999999999,1.039999999999999,0.2003853178448325,0,0,0,2004-03-28 08:00:00
295,12,12.5,50.1,83.0,12.979356401828262,80.21532239865269,3.120000000000001,0.0,2.8000000000000007,2.120000000000001,0.4084777632990822,1,0,1,2004-03-28 09:00:00
296,19,16.8,36.9,94.0,12.967700958809717,80.24860328717116,5.98,0.0,4.300000000000001,3.850000000000001,0.741811032406352,1,0,1,2004-03-28 10:00:00
297,8,19.2,31.3,96.0,13.040116213754883,80.13856351043016,6.08,0.0,2.3999999999999986,3.52,0.6782272296286646,1,0,1,2004-03-28 11:00:00
298,9,21.3,26.4,86.0,13.064323765161696,80.12689925035538,5.4,0.0,2.1000000000000014,3.120000000000001,0.6011559535344982,1,0,1,2004-03-28 12:00:00
299,11,21.2,23.1,72.0,12.97750706251808,80.22014113249377,3.0,0.0,0.1000000000000014,1.5200000000000002,0.2928708491578325,0,0,0,2004-03-28 13:00:00
300,6,18.6,25.0,53.0,13.005143815248132,80.16518355316624,0.8199999999999967,0.0,2.599999999999998,0.929999999999998,0.1791907169189365,0,0,0,2004-03-28 14:00:00
301,9,18.0,27.3,65.0,13.075623946868998,80.19780943483113,1.66,0.0,0.6000000000000014,0.9500000000000004,0.1830442807236453,0,0,0,2004-03-28 15:00:00
302,16,18.2,28.3,70.0,12.994036236336983,80.23855363921828,1.2600000000000016,0.0,0.1999999999999993,0.6700000000000006,0.1290943874577289,0,0,0,2004-03-28 16:00:00
303,8,17.0,31.4,75.0,13.02015099989942,80.19054017684941,1.6000000000000014,0.0,1.1999999999999993,1.0400000000000005,0.2003853178448328,0,0,0,2004-03-28 17:00:00
304,9,15.6,35.0,86.0,13.0506924010699,80.26269872642484,1.8799999999999968,0.0,1.4000000000000004,1.2199999999999986,0.2350673920872073,0,0,0,2004-03-28 18:00:00
305,14,14.1,40.2,94.0,12.940409043861845,80.2215959452328,2.479999999999998,0.0,1.5,1.5399999999999994,0.2967244129625406,0,0,0,2004-03-28 19:00:00
306,3,13.4,43.2,103.0,12.924914611169395,80.27764980276743,2.26,0.0,0.6999999999999993,1.2699999999999998,0.2447013015989784,0,0,0,2004-03-28 20:00:00
307,16,12.3,46.8,81.0,12.96044920073212,80.11930696931293,2.18,0.0,1.0999999999999996,1.3099999999999998,0.252408429208395,0,0,0,2004-03-28 21:00:00
308,19,11.9,46.5,80.0,13.086128511944851,80.12283447535113,1.5599999999999987,0.0,0.4000000000000003,0.8599999999999994,0.1657032436024577,0,0,0,2004-03-28 22:00:00
309,13,11.5,46.6,77.0,12.91732753692266,80.23917292377696,1.1400000000000006,0.0,0.4000000000000003,0.6500000000000004,0.1252408236530205,0,0,0,2004-03-28 23:00:00
310,20,10.6,48.0,58.0,13.071865303114471,80.10181402960811,1.34,0.0,0.9000000000000004,0.85,0.1637764617001036,0,0,0,2004-03-29 00:00:00
311,15,10.7,45.8,31.0,13.008825778477776,80.28102925878872,0.7000000000000011,0.0,0.0999999999999996,0.3700000000000004,0.071290930387104,0,0,0,2004-03-29 01:00:00
312,10,10.4,46.6,38.0,13.053635183242733,80.1420275636002,0.6199999999999992,0.0,0.2999999999999989,0.3699999999999994,0.0712909303871038,0,0,0,2004-03-29 02:00:00
313,19,11.3,46.9,59.0,12.962146169281496,80.28642805278564,0.4000000000000003,0.0,0.9000000000000004,0.3800000000000002,0.0732177122894581,0,0,0,2004-03-29 04:00:00
314,2,10.1,51.2,70.0,13.015017835844011,80.26243589065143,0.5199999999999996,0.0,1.200000000000001,0.5,0.096339095117708,0,0,0,2004-03-29 05:00:00
315,15,9.9,50.7,75.0,12.973803555469622,80.12495148086306,0.5799999999999983,0.0,0.1999999999999993,0.329999999999999,0.0635838027776871,0,0,0,2004-03-29 06:00:00
316,12,8.1,56.8,103.0,12.928004410440453,80.12416245362583,1.8599999999999997,0.0,1.8000000000000007,1.2899999999999998,0.2485548654036867,0,0,0,2004-03-29 07:00:00
317,14,10.9,44.1,134.0,12.97106536656381,80.2722227063376,0.8400000000000016,0.0,2.8000000000000007,0.980000000000001,0.1888246264307079,0,0,0,2004-03-29 08:00:00
318,7,11.8,37.6,98.0,12.919890306412196,80.13607972259292,1.6400000000000006,0.0,0.9000000000000004,1.0000000000000004,0.1926781902354161,0,0,0,2004-03-29 09:00:00
319,17,13.9,33.2,97.0,13.083431869145503,80.23101592614165,2.980000000000002,0.0,2.1,1.910000000000001,0.3680153433496449,0,0,0,2004-03-29 10:00:00
320,5,15.6,30.1,98.0,12.984544114062162,80.17857070384221,3.540000000000001,0.0,1.6999999999999993,2.1100000000000003,0.406550981396728,1,0,1,2004-03-29 11:00:00
321,2,16.5,29.0,78.0,13.08057509608772,80.28490540915573,2.7600000000000016,0.0,0.9000000000000004,1.560000000000001,0.3005779767672493,0,0,0,2004-03-29 12:00:00
322,16,17.5,27.9,83.0,12.98359211909236,80.11002597931767,2.4400000000000013,0.0,1.0,1.4200000000000006,0.2736030301342909,0,0,0,2004-03-29 13:00:00
323,3,17.9,26.8,92.0,12.937109258081,80.11053477558782,1.6199999999999974,0.0,0.3999999999999986,0.8899999999999985,0.17148358930952,0,0,0,2004-03-29 14:00:00
324,12,18.2,26.1,81.0,13.092568566574249,80.14066130089869,1.0600000000000025,0.0,0.3000000000000007,0.5900000000000013,0.1136801322388957,0,0,0,2004-03-29 15:00:00
325,14,18.0,27.1,90.0,13.06337283283846,80.2580304987992,0.3800000000000025,0.0,0.1999999999999993,0.2300000000000011,0.0443159837541459,0,0,0,2004-03-29 16:00:00
326,1,17.0,28.9,95.0,12.97557472229466,80.21295015805711,0.7199999999999989,0.0,1.0,0.5599999999999994,0.1078997865318329,0,0,0,2004-03-29 17:00:00
327,20,16.1,31.3,114.0,13.029371890543384,80.20342014148122,1.34,0.0,0.8999999999999986,0.8499999999999996,0.1637764617001036,0,0,0,2004-03-29 18:00:00
328,5,14.5,35.4,106.0,12.90097785990805,80.12626372357202,2.259999999999998,0.0,1.6000000000000014,1.4499999999999993,0.2793833758413532,0,0,0,2004-03-29 19:00:00
329,3,13.2,37.9,99.0,13.078657075598676,80.26078488407731,2.559999999999997,0.0,1.3000000000000007,1.5399999999999987,0.2967244129625405,0,0,0,2004-03-29 20:00:00
330,15,13.1,34.4,90.0,12.97906188166748,80.1607301671583,1.679999999999998,0.0,0.0999999999999996,0.8599999999999989,0.1657032436024576,0,0,0,2004-03-29 21:00:00
331,14,13.5,28.5,82.0,13.021659942590256,80.10702510265983,0.5799999999999983,0.0,0.4000000000000003,0.3699999999999992,0.0712909303871038,0,0,0,2004-03-29 22:00:00
332,17,12.4,31.9,74.0,13.004869602511013,80.24257820945722,0.9399999999999976,0.0,1.0999999999999996,0.6899999999999988,0.1329479512624369,0,0,0,2004-03-29 23:00:00
333,14,13.1,26.8,76.0,13.041044751344064,80.26739318667418,0.0400000000000009,0.0,0.6999999999999993,0.1600000000000003,0.0308285104376666,0,0,0,2004-03-30 00:00:00
334,8,11.6,33.6,66.0,13.03648933221792,80.13663080161439,1.1399999999999988,0.0,1.5,0.8699999999999994,0.1676300255048118,0,0,0,2004-03-30 01:00:00
335,9,10.5,42.9,73.0,12.948979983539784,80.21245132268868,1.7199999999999989,0.0,1.0999999999999996,1.0799999999999994,0.2080924454542492,0,0,0,2004-03-30 02:00:00
336,12,12.9,33.9,71.0,13.087211601057842,80.23353467397668,0.8000000000000007,0.0,2.4000000000000004,0.8800000000000004,0.1695568074071662,0,0,0,2004-03-30 05:00:00
337,17,11.3,40.3,98.0,12.95883053175646,80.25284573428497,0.5799999999999983,0.0,1.5999999999999996,0.6099999999999991,0.1175336960436036,0,0,0,2004-03-30 06:00:00
338,19,11.9,38.4,115.0,13.084650093392328,80.16372452483985,0.2599999999999998,0.0,0.5999999999999996,0.2499999999999998,0.0481695475588539,0,0,0,2004-03-30 07:00:00
339,19,13.3,35.6,130.0,13.014350883246992,80.14581197229309,1.3200000000000005,0.0,1.4000000000000004,0.9400000000000002,0.1811174988212911,0,0,0,2004-03-30 08:00:00
340,8,16.3,28.8,150.0,13.042651221146397,80.1034308872207,3.16,0.0,3.0,2.18,0.4200384547132071,1,0,1,2004-03-30 09:00:00
341,8,17.9,28.2,159.0,13.062193742353076,80.11087097680314,3.759999999999998,0.0,1.599999999999998,2.1999999999999984,0.4238920185179151,1,0,1,2004-03-30 10:00:00
342,18,18.3,26.6,146.0,13.091685762997756,80.19895597650329,2.760000000000004,0.0,0.4000000000000021,1.4600000000000022,0.2813101577437079,0,0,0,2004-03-30 11:00:00
343,8,20.8,22.5,138.0,13.066497573312873,80.26028132817349,3.4800000000000004,0.0,2.5,2.24,0.4315991461273321,1,0,1,2004-03-30 12:00:00
344,1,22.4,20.0,128.0,12.976737689409026,80.26641151467442,3.2600000000000016,0.0,1.599999999999998,1.9500000000000004,0.3757224709590614,0,0,0,2004-03-30 13:00:00
345,17,20.9,21.7,97.0,12.99624002783538,80.28561891214338,0.8399999999999999,0.0,1.5,0.72,0.1387282969694995,0,0,0,2004-03-30 14:00:00
346,5,19.1,26.5,91.0,13.09977928961048,80.25863853253506,1.1999999999999993,0.0,1.7999999999999972,0.9599999999999992,0.1849710626259992,0,0,0,2004-03-30 15:00:00
347,6,18.1,30.6,81.0,12.975933886224944,80.17715620811705,2.1599999999999966,0.0,1.0,1.2799999999999985,0.2466280835013322,0,0,0,2004-03-30 16:00:00
348,8,17.3,34.7,99.0,13.0181556632227,80.29219042524538,2.259999999999998,0.0,0.8000000000000007,1.2899999999999991,0.2485548654036866,0,0,0,2004-03-30 17:00:00
349,11,15.8,40.4,101.0,12.982617932396035,80.20356162516073,2.4400000000000013,0.0,1.5,1.520000000000001,0.2928708491578325,0,0,0,2004-03-30 18:00:00
350,17,15.9,42.0,106.0,12.905788095691817,80.20362215643311,1.3400000000000016,0.0,0.0999999999999996,0.6900000000000007,0.1329479512624372,0,0,0,2004-03-30 19:00:00
351,3,15.9,43.5,102.0,12.956935330916108,80.22799294779007,0.7000000000000011,0.0,0.0,0.3500000000000005,0.0674373665823957,0,0,0,2004-03-30 20:00:00
352,11,15.0,46.1,84.0,12.929304273377232,80.16623097448965,0.9800000000000004,0.0,0.9000000000000004,0.6700000000000003,0.1290943874577288,0,0,0,2004-03-30 21:00:00
353,15,15.1,44.6,81.0,13.085661772410193,80.29804759399546,0.4400000000000013,0.0,0.0999999999999996,0.2400000000000005,0.0462427656564999,0,0,0,2004-03-30 22:00:00
354,20,14.9,43.5,91.0,13.023074441887104,80.11857995315529,0.4599999999999991,0.0,0.1999999999999993,0.2699999999999994,0.0520231113635622,0,0,0,2004-03-30 23:00:00
355,12,14.8,41.0,82.0,13.053578135219611,80.22016033959407,0.3399999999999998,0.0,0.0999999999999996,0.1899999999999998,0.036608856144729,0,0,0,2004-03-31 00:00:00
356,7,14.8,40.8,64.0,13.095800612513152,80.25323673657643,0.1199999999999974,0.0,0.0,0.0599999999999987,0.0115606914141247,0,0,0,2004-03-31 01:00:00
357,5,14.8,40.8,70.0,12.967828276493975,80.11795520201633,0.0799999999999983,0.0,0.0,0.0399999999999991,0.0077071276094164,0,0,0,2004-03-31 02:00:00
358,16,14.5,36.1,26.0,12.998620895688248,80.21722582380406,0.2599999999999998,0.0,0.3000000000000007,0.19,0.036608856144729,0,0,0,2004-03-31 04:00:00
359,11,14.6,36.0,58.0,12.911363911273426,80.11420615155457,0.0999999999999996,0.0,0.0999999999999996,0.0699999999999997,0.013487473316479,0,0,0,2004-03-31 05:00:00
360,11,14.4,38.5,93.0,13.05967293378126,80.26955027997245,0.2199999999999988,0.0,0.1999999999999993,0.1499999999999993,0.0289017285353122,0,0,0,2004-03-31 06:00:00
361,13,13.8,58.2,110.0,13.0199746528111,80.21284329751495,0.6199999999999974,0.0,0.5999999999999996,0.4299999999999986,0.0828516218012286,0,0,0,2004-03-31 07:00:00
362,11,13.2,61.1,115.0,12.98026185002231,80.28557876923689,0.9000000000000004,0.0,0.6000000000000014,0.5700000000000005,0.1098265684341872,0,0,0,2004-03-31 08:00:00
363,15,10.4,74.4,125.0,12.912633676204566,80.29999135199628,2.879999999999997,0.0,2.799999999999999,1.9999999999999984,0.3853563804708318,1,0,1,2004-03-31 09:00:00
364,4,11.5,71.0,118.0,13.052247124169863,80.27001712292059,1.16,0.0,1.0999999999999996,0.8,0.1541425521883328,0,0,0,2004-03-31 10:00:00
365,19,12.2,70.0,109.0,12.90440811394254,80.2156780919461,0.0199999999999995,0.0,0.6999999999999993,0.1499999999999996,0.0289017285353123,0,0,0,2004-03-31 11:00:00
366,1,12.3,73.3,123.0,13.063468605778436,80.2996992206494,0.3800000000000008,0.0,0.1000000000000014,0.2100000000000006,0.0404624199494375,0,0,0,2004-03-31 12:00:00
367,13,11.3,78.1,114.0,12.932702781064387,80.2833379473548,0.2399999999999984,0.0,1.0,0.3199999999999992,0.061657020875333,0,0,0,2004-03-31 13:00:00
368,2,13.6,69.2,114.0,13.017791048159465,80.2972383667402,1.42,0.0,2.299999999999999,1.1699999999999997,0.2254334825754367,0,0,0,2004-03-31 14:00:00
369,1,14.9,59.3,119.0,12.90181155171418,80.25706203359991,2.040000000000001,0.0,1.3000000000000007,1.2800000000000007,0.2466280835013327,0,0,0,2004-03-31 15:00:00
370,15,15.7,50.9,111.0,12.950466283085143,80.10784549931529,2.140000000000001,0.0,0.7999999999999989,1.23,0.2369941739895618,0,0,0,2004-03-31 16:00:00
371,9,15.2,52.9,103.0,13.080975105702713,80.19272228991024,1.0599999999999987,0.0,0.5,0.6299999999999993,0.121387259848312,0,0,0,2004-03-31 17:00:00
372,11,15.5,50.8,103.0,13.083025396824455,80.17174894830784,0.5200000000000014,0.0,0.3000000000000007,0.3200000000000008,0.0616570208753333,0,0,0,2004-03-31 18:00:00
373,12,14.3,52.9,107.0,12.941419218007114,80.15686358776742,0.8199999999999985,0.0,1.1999999999999993,0.6499999999999991,0.1252408236530202,0,0,0,2004-03-31 19:00:00
374,1,13.2,56.0,105.0,13.060085328852734,80.10546758893892,1.5799999999999983,0.0,1.1000000000000014,1.0099999999999991,0.1946049721377701,0,0,0,2004-03-31 20:00:00
375,13,12.6,57.0,91.0,13.092570036736149,80.2476722178897,1.5600000000000005,0.0,0.5999999999999996,0.9000000000000001,0.1734103712118745,0,0,0,2004-03-31 21:00:00
376,15,12.3,57.8,79.0,13.024570653697072,80.13093407114381,1.2799999999999976,0.0,0.2999999999999989,0.6999999999999986,0.1348747331647909,0,0,0,2004-03-31 22:00:00
377,10,12.0,58.4,79.0,12.989122493099709,80.28658103274019,0.879999999999999,0.0,0.3000000000000007,0.4999999999999996,0.0963390951177079,0,0,0,2004-03-31 23:00:00
378,5,12.0,61.6,86.0,12.979007089303984,80.2166163161206,0.4199999999999981,0.0,0.0,0.209999999999999,0.0404624199494372,0,0,0,2004-04-01 00:00:00
379,15,11.5,63.9,70.0,12.969997737107578,80.18316891117139,0.5799999999999983,0.0,0.5,0.3899999999999991,0.0751444941918121,0,0,0,2004-04-01 01:00:00
380,20,10.7,67.2,55.0,12.989793941932149,80.20649415065894,1.0,0.0,0.8000000000000007,0.6600000000000001,0.1271676055553746,0,0,0,2004-04-01 02:00:00
381,10,10.2,66.6,49.0,13.094206257434232,80.12929435057819,1.0799999999999983,0.0,0.5,0.6399999999999991,0.1233140417506661,0,0,0,2004-04-01 04:00:00
382,17,11.0,63.7,50.0,12.948734233133392,80.10496190265388,0.0799999999999983,0.0,0.8000000000000007,0.1999999999999993,0.038535638047083,0,0,0,2004-04-01 05:00:00
383,11,9.6,68.8,67.0,12.975878470564393,80.17093712783144,0.9999999999999982,0.0,1.4000000000000004,0.7799999999999991,0.1502889883836244,0,0,0,2004-04-01 06:00:00
384,9,9.5,69.6,94.0,13.039871677672988,80.24257717071255,0.6999999999999993,0.0,0.0999999999999996,0.3699999999999995,0.0712909303871038,0,0,0,2004-04-01 07:00:00
385,16,11.9,60.9,119.0,12.914529265616704,80.27917974084257,1.459999999999999,0.0,2.4000000000000004,1.2099999999999995,0.2331406101848533,0,0,0,2004-04-01 08:00:00
386,18,16.2,48.6,139.0,12.974969837551898,80.1927659418855,4.5600000000000005,0.0,4.299999999999999,3.14,0.6050095173392065,1,0,1,2004-04-01 09:00:00
387,9,19.2,39.6,113.0,13.077449974322978,80.18090223592728,5.920000000000002,0.0,3.0,3.560000000000001,0.6859343572380815,1,0,1,2004-04-01 10:00:00
388,9,19.7,38.4,88.0,13.0901842010923,80.18803186051899,4.399999999999999,0.0,0.5,2.2999999999999994,0.4431598375414569,1,0,1,2004-04-01 11:00:00
389,18,20.6,36.7,73.0,12.922765766780364,80.17511729405112,3.080000000000002,0.0,0.9000000000000021,1.7200000000000013,0.3314064872049159,0,0,0,2004-04-01 12:00:00
390,6,21.8,33.9,73.0,13.040317957189108,80.17210657476596,2.3000000000000043,0.0,1.1999999999999993,1.390000000000002,0.2678226844272287,0,0,0,2004-04-01 13:00:00
391,3,23.6,27.5,106.0,13.077025455072434,80.19287867545555,2.620000000000001,0.0,1.8000000000000007,1.6700000000000006,0.321772577693145,0,0,0,2004-04-01 17:00:00
392,12,22.8,32.1,132.0,13.060357403280063,80.13411031399365,1.1000000000000014,0.0,0.8000000000000007,0.7100000000000009,0.1368015150671455,0,0,0,2004-04-01 18:00:00
393,9,20.8,36.7,164.0,13.099929496032976,80.11370450123881,1.1199999999999974,0.0,2.0,0.9599999999999989,0.1849710626259992,0,0,0,2004-04-01 19:00:00
394,13,18.3,40.9,161.0,13.047768299991098,80.15929247677742,3.16,0.0,2.5,2.08,0.4007706356896655,1,0,1,2004-04-01 20:00:00
395,18,16.8,44.0,124.0,12.923386431903252,80.20514112348414,3.66,0.0,1.5,2.13,0.4104045452014362,1,0,1,2004-04-01 21:00:00
396,10,15.8,48.0,113.0,12.980615986535954,80.17349103569035,3.099999999999998,0.0,1.0,1.749999999999999,0.3371868329119779,0,0,0,2004-04-01 22:00:00
397,20,14.9,52.0,103.0,13.047527470195392,80.13683199880825,2.42,0.0,0.9000000000000004,1.39,0.2678226844272284,0,0,0,2004-04-01 23:00:00
398,18,14.1,54.4,104.0,13.09327355929725,80.13860803085574,1.8800000000000008,0.0,0.8000000000000007,1.1000000000000003,0.2119460092589578,0,0,0,2004-04-02 00:00:00
399,17,13.3,58.8,93.0,12.922437623922656,80.14179321263858,1.679999999999998,0.0,0.7999999999999989,0.9999999999999988,0.1926781902354158,0,0,0,2004-04-02 01:00:00
400,2,13.3,60.9,60.0,12.970610906649894,80.14027723896153,0.9800000000000004,0.0,0.0,0.4900000000000002,0.0944123132153539,0,0,0,2004-04-02 02:00:00
401,19,11.3,72.9,66.0,12.944422108827968,80.27658892224144,2.08,0.0,2.0,1.44,0.2774565939389991,0,0,0,2004-04-02 05:00:00
402,19,11.4,71.8,82.0,13.019462434798276,80.25315314858172,1.2799999999999994,0.0,0.0999999999999996,0.6599999999999996,0.1271676055553745,0,0,0,2004-04-02 06:00:00
403,9,11.9,73.7,109.0,13.061712115270003,80.2349700898527,0.3399999999999981,0.0,0.5,0.269999999999999,0.0520231113635621,0,0,0,2004-04-02 07:00:00
404,5,12.6,70.2,114.0,12.93621270509256,80.26529686533682,0.5,0.0,0.6999999999999993,0.3899999999999999,0.0751444941918122,0,0,0,2004-04-02 08:00:00
405,5,13.6,65.3,139.0,12.938670548478791,80.22512153692317,1.4399999999999995,0.0,1.0,0.9199999999999996,0.1772639350165827,0,0,0,2004-04-02 09:00:00
406,18,16.9,52.3,127.0,12.97955517946843,80.11228460554717,3.620000000000001,0.0,3.299999999999999,2.47,0.4759151298814777,1,0,1,2004-04-02 10:00:00
407,6,19.4,44.1,127.0,13.023829132660389,80.22872328952074,4.52,0.0,2.5,2.76,0.5317918050497483,1,0,1,2004-04-02 11:00:00
408,8,22.9,33.8,135.0,12.941696014146563,80.21668278465239,5.82,0.0,3.5,3.61,0.6955682667498522,1,0,1,2004-04-02 12:00:00
409,5,23.6,31.3,130.0,13.068282899524618,80.13501009198683,4.320000000000004,0.0,0.7000000000000028,2.3000000000000025,0.4431598375414575,1,0,1,2004-04-02 13:00:00
410,8,24.7,30.5,126.0,12.99449679187159,80.16437140229574,3.200000000000003,0.0,1.099999999999998,1.820000000000001,0.3506743062284574,0,0,0,2004-04-02 14:00:00
411,7,26.1,27.3,121.0,13.02956061366348,80.24465892153536,2.760000000000005,0.0,1.400000000000002,1.660000000000003,0.3198457957907913,0,0,0,2004-04-02 15:00:00
412,11,27.6,22.8,122.0,13.043729875857805,80.2522987410046,2.6200000000000045,0.0,1.5,1.6100000000000023,0.3102118862790203,0,0,0,2004-04-02 16:00:00
413,7,26.9,22.3,138.0,13.015294247559432,80.11209551945666,1.1199999999999974,0.0,0.7000000000000028,0.6999999999999993,0.1348747331647911,0,0,0,2004-04-02 17:00:00
414,3,24.3,30.1,165.0,12.933940523333511,80.23049842676139,1.6199999999999974,0.0,2.599999999999998,1.3299999999999983,0.256261993013103,0,0,0,2004-04-02 18:00:00
415,2,21.2,40.1,154.0,12.997778548920424,80.10454121049304,4.02,0.0,3.1000000000000014,2.63,0.5067436403191443,1,0,1,2004-04-02 19:00:00
416,9,19.4,42.5,168.0,12.977066104163336,80.133374039709,4.48,0.0,1.8000000000000007,2.6000000000000005,0.5009632946120819,1,0,1,2004-04-02 20:00:00
417,17,18.5,43.0,146.0,13.07161835375836,80.23963458130508,3.5599999999999987,0.0,0.8999999999999986,1.959999999999999,0.3776492528614154,0,0,0,2004-04-02 21:00:00
418,2,17.8,47.0,124.0,12.985545674850677,80.11001965419429,2.4399999999999977,0.0,0.6999999999999993,1.3599999999999988,0.2620423387201656,0,0,0,2004-04-02 22:00:00
419,3,16.8,53.2,124.0,12.980379850050236,80.17556272584208,1.9399999999999975,0.0,1.0,1.1699999999999988,0.2254334825754366,0,0,0,2004-04-02 23:00:00
420,13,17.1,51.8,106.0,12.953753397776651,80.1850839389619,0.8199999999999967,0.0,0.3000000000000007,0.4699999999999985,0.0905587494106452,0,0,0,2004-04-03 00:00:00
421,4,16.2,54.2,88.0,12.957347623539414,80.16694237010168,1.0800000000000018,0.0,0.9000000000000021,0.7200000000000013,0.1387282969694998,0,0,0,2004-04-03 01:00:00
422,15,15.1,58.2,83.0,13.05240147583019,80.20702406507584,1.5000000000000018,0.0,1.0999999999999996,0.9700000000000008,0.1868978445283537,0,0,0,2004-04-03 02:00:00
423,12,14.5,58.0,74.0,12.907002923919524,80.29760137207028,1.4399999999999975,0.0,0.5999999999999996,0.8399999999999987,0.1618496797977492,0,0,0,2004-04-03 04:00:00
424,8,13.7,61.6,64.0,13.004200727654824,80.16400692968472,1.6199999999999992,0.0,0.8000000000000007,0.9699999999999998,0.1868978445283535,0,0,0,2004-04-03 05:00:00
425,20,13.9,59.6,69.0,13.05866230314434,80.22981760974655,0.7800000000000011,0.0,0.200000000000001,0.4300000000000007,0.082851621801229,0,0,0,2004-04-03 06:00:00
426,12,13.3,61.7,91.0,13.053941050547964,80.23271924461488,0.7999999999999989,0.0,0.5999999999999996,0.5199999999999994,0.1001926589224162,0,0,0,2004-04-03 07:00:00
427,10,15.1,55.8,96.0,12.927741259881536,80.16992606785855,1.0,0.0,1.799999999999999,0.8599999999999999,0.1657032436024578,0,0,0,2004-04-03 08:00:00
428,16,17.0,50.5,106.0,12.973019250813657,80.11450253822156,2.4000000000000004,0.0,1.9000000000000004,1.5800000000000003,0.3044315405719575,0,0,0,2004-04-03 09:00:00
429,10,15.6,57.4,124.0,12.974288468890448,80.27473074876553,0.620000000000001,0.0,1.4000000000000004,0.5900000000000005,0.1136801322388955,0,0,0,2004-04-05 10:00:00
430,19,16.6,55.2,121.0,13.097244201327568,80.27741354525735,1.0800000000000018,0.0,1.0000000000000018,0.7400000000000013,0.1425818607742081,0,0,0,2004-04-05 11:00:00
431,6,17.0,54.3,114.0,12.997770661905069,80.24204424839662,0.740000000000002,0.0,0.3999999999999986,0.4500000000000007,0.0867051856059373,0,0,0,2004-04-05 12:00:00
432,4,18.0,51.5,114.0,13.066371023649342,80.25333808358832,1.16,0.0,1.0,0.78,0.1502889883836245,0,0,0,2004-04-05 13:00:00
433,20,19.5,47.5,106.0,13.097531110797709,80.20890717676207,2.160000000000004,0.0,1.5,1.380000000000002,0.2658959025248745,0,0,0,2004-04-05 14:00:00
434,16,21.6,41.7,89.0,12.937040662809954,80.19149910827575,3.0600000000000023,0.0,2.1000000000000014,1.9500000000000013,0.3757224709590616,0,0,0,2004-04-05 15:00:00
435,7,22.2,38.3,82.0,13.054856577360374,80.26540472953695,2.539999999999999,0.0,0.5999999999999979,1.3899999999999992,0.2678226844272282,0,0,0,2004-04-05 16:00:00
436,7,20.3,42.8,111.0,12.909363041609764,80.10504804149626,0.0199999999999995,0.0,1.8999999999999984,0.3899999999999995,0.0751444941918121,0,0,0,2004-04-05 17:00:00
437,19,19.7,45.4,132.0,13.090658959547582,80.13252535477822,0.9599999999999972,0.0,0.6000000000000014,0.599999999999999,0.1156069141412494,0,0,0,2004-04-05 18:00:00
438,17,18.8,47.5,121.0,12.910913988356784,80.10212425670372,1.7199999999999989,0.0,0.8999999999999986,1.0399999999999991,0.2003853178448325,0,0,0,2004-04-05 19:00:00
439,3,17.9,49.4,116.0,12.923904351110284,80.2867261610405,1.879999999999999,0.0,0.9000000000000021,1.12,0.2157995730636659,0,0,0,2004-04-05 20:00:00
440,20,17.5,50.9,100.0,13.029002731726605,80.27679998501647,1.3399999999999963,0.0,0.3999999999999986,0.7499999999999979,0.1445086426765616,0,0,0,2004-04-05 21:00:00
441,4,17.4,51.8,89.0,12.908737654683623,80.299702740574,0.8599999999999994,0.0,0.1000000000000014,0.45,0.0867051856059372,0,0,0,2004-04-05 22:00:00
442,2,17.0,53.9,92.0,13.07694003048643,80.27620936940427,0.7199999999999989,0.0,0.3999999999999986,0.4399999999999991,0.0847784037035829,0,0,0,2004-04-05 23:00:00
443,13,16.6,55.4,71.0,13.054991044478864,80.28134441355022,0.6799999999999962,0.0,0.3999999999999986,0.4199999999999978,0.0809248398988743,0,0,0,2004-04-06 00:00:00
444,3,15.9,57.0,51.0,13.038955893815604,80.11805046596756,0.9800000000000022,0.0,0.7000000000000011,0.6300000000000013,0.1213872598483123,0,0,0,2004-04-06 01:00:00
445,13,15.0,59.2,39.0,12.997487883426516,80.26901747399607,1.3800000000000026,0.0,0.9000000000000004,0.8700000000000013,0.1676300255048122,0,0,0,2004-04-06 02:00:00
446,16,14.1,61.6,35.0,12.975611036178154,80.18017583762591,1.6199999999999992,0.0,0.9000000000000004,0.9899999999999995,0.1907514083330618,0,0,0,2004-04-06 04:00:00
447,12,14.6,58.8,64.0,13.093718094331146,80.2569408753291,0.6399999999999988,0.0,0.5,0.4199999999999994,0.0809248398988746,0,0,0,2004-04-06 05:00:00
448,3,14.4,58.9,94.0,12.947563071041474,80.10218216052432,0.4000000000000003,0.0,0.1999999999999993,0.24,0.0462427656564998,0,0,0,2004-04-06 06:00:00
449,19,15.3,55.2,134.0,13.048771669341198,80.16793396844233,0.6200000000000028,0.0,0.9000000000000004,0.4900000000000014,0.0944123132153541,0,0,0,2004-04-06 07:00:00
450,6,16.2,52.5,129.0,12.97593802150862,80.26962633081453,1.2800000000000011,0.0,0.8999999999999986,0.8200000000000003,0.1579961159930412,0,0,0,2004-04-06 08:00:00
451,16,18.4,46.3,125.0,12.987953474909675,80.12841399917424,2.620000000000001,0.0,2.1999999999999997,1.7500000000000004,0.3371868329119782,0,0,0,2004-04-06 09:00:00
452,17,19.6,41.8,107.0,13.012597837372184,80.1987882907042,2.8200000000000003,0.0,1.2000000000000028,1.6500000000000008,0.3179190138884367,0,0,0,2004-04-06 10:00:00
453,17,20.2,40.1,78.0,13.084276020040823,80.25580815059675,2.2600000000000016,0.0,0.5999999999999979,1.2500000000000004,0.2408477377942701,0,0,0,2004-04-06 11:00:00
454,18,20.9,36.6,91.0,13.027076290952174,80.22269055218733,1.84,0.0,0.6999999999999993,1.0599999999999998,0.204238881649541,0,0,0,2004-04-06 12:00:00
455,1,20.4,34.7,116.0,13.002851455519895,80.13740404409704,0.5,0.0,0.5,0.35,0.0674373665823956,0,0,0,2004-04-06 13:00:00
456,5,19.3,35.4,131.0,12.923881281272156,80.13066451141383,0.7800000000000011,0.0,1.099999999999998,0.6100000000000001,0.1175336960436038,0,0,0,2004-04-06 14:00:00
457,16,18.6,36.9,113.0,13.044916204710375,80.2008222257103,1.2799999999999976,0.0,0.6999999999999993,0.7799999999999987,0.1502889883836242,0,0,0,2004-04-06 15:00:00
458,15,18.8,36.8,98.0,13.073422686238963,80.25164110235856,0.7999999999999972,0.0,0.1999999999999993,0.4399999999999984,0.0847784037035827,0,0,0,2004-04-06 16:00:00
459,8,17.5,40.6,116.0,12.998878024568576,80.26476596441712,1.4199999999999982,0.0,1.3000000000000007,0.9699999999999992,0.1868978445283534,0,0,0,2004-04-06 17:00:00
460,9,16.8,44.3,120.0,13.07124422972364,80.15632126223507,1.3999999999999986,0.0,0.6999999999999993,0.8399999999999992,0.1618496797977493,0,0,0,2004-04-06 18:00:00
461,3,16.3,47.7,126.0,13.008603226111331,80.26527965801279,1.3000000000000007,0.0,0.5,0.7500000000000003,0.1445086426765621,0,0,0,2004-04-06 19:00:00
462,4,15.6,50.7,126.0,12.93376103384767,80.17584154303644,1.4000000000000004,0.0,0.7000000000000011,0.8400000000000004,0.1618496797977495,0,0,0,2004-04-06 20:00:00
463,5,15.7,49.4,90.0,13.03700901823261,80.15681386878607,0.6799999999999997,0.0,0.0999999999999996,0.3599999999999997,0.0693641484847497,0,0,0,2004-04-06 21:00:00
464,6,15.8,48.6,81.0,12.98444153958495,80.27865246789317,0.2399999999999984,0.0,0.1000000000000014,0.1399999999999995,0.0269749466329581,0,0,0,2004-04-06 22:00:00
465,19,15.7,47.0,74.0,13.054796999589485,80.22470890229191,0.1199999999999992,0.0,0.1000000000000014,0.0799999999999998,0.0154142552188332,0,0,0,2004-04-06 23:00:00
466,1,15.7,45.9,67.0,13.063819869490828,80.16818084635199,0.0,0.0,0.0,0.0,0.0,0,0,0,2004-04-07 00:00:00
467,7,15.6,44.9,46.0,12.932834911579368,80.13079200496331,0.0999999999999996,0.0,0.0999999999999996,0.0699999999999997,0.013487473316479,0,0,0,2004-04-07 01:00:00
468,13,15.6,44.4,30.0,13.039807394170364,80.1656393116346,0.0799999999999983,0.0,0.0,0.0399999999999991,0.0077071276094164,0,0,0,2004-04-07 02:00:00
469,18,15.7,45.4,19.0,12.908661496424024,80.18753265328499,0.0399999999999991,0.0,0.0999999999999996,0.0399999999999995,0.0077071276094165,0,0,0,2004-04-07 04:00:00
470,10,15.3,50.1,32.0,13.090988330207644,80.13306735860208,0.2799999999999976,0.0,0.3999999999999986,0.2199999999999985,0.0423892018517912,0,0,0,2004-04-07 05:00:00
471,16,14.2,58.6,61.0,13.029318878701448,80.11500189502857,1.0799999999999983,0.0,1.1000000000000014,0.7599999999999995,0.1464354245789161,0,0,0,2004-04-07 06:00:00
472,5,14.3,58.2,111.0,13.013419994365671,80.13005304158612,0.7199999999999989,0.0,0.1000000000000014,0.3799999999999997,0.073217712289458,0,0,0,2004-04-07 07:00:00
473,2,15.0,52.0,102.0,12.911499013354875,80.14498592240268,0.1000000000000032,0.0,0.6999999999999993,0.1900000000000014,0.0366088561447293,0,0,0,2004-04-07 08:00:00
474,11,13.6,61.4,116.0,13.01699715673998,80.27950139770586,0.879999999999999,0.0,1.4000000000000004,0.7199999999999995,0.1387282969694994,0,0,0,2004-04-07 09:00:00
475,10,16.1,53.1,96.0,12.97578216983387,80.10428049190158,1.4600000000000044,0.0,2.5000000000000018,1.2300000000000026,0.2369941739895623,0,0,0,2004-04-07 10:00:00
476,6,16.6,44.3,97.0,12.998362636884735,80.26292624680252,1.4800000000000022,0.0,0.5,0.8400000000000011,0.1618496797977497,0,0,0,2004-04-07 11:00:00
477,11,17.4,40.3,110.0,13.02293058942136,80.10372316616524,1.66,0.0,0.7999999999999972,0.9899999999999995,0.1907514083330618,0,0,0,2004-04-07 12:00:00
478,2,18.1,42.2,103.0,12.962603757047264,80.18299462697979,1.740000000000002,0.0,0.7000000000000028,1.0100000000000016,0.1946049721377705,0,0,0,2004-04-07 13:00:00
479,14,14.4,51.8,79.0,12.950782123292486,80.12943789582549,2.119999999999999,0.0,3.700000000000001,1.7999999999999998,0.3468207424237489,0,0,0,2004-04-07 14:00:00
480,12,10.9,76.4,104.0,12.922723950487272,80.12949911306092,4.579999999999998,0.0,3.5,2.9899999999999998,0.576107788803894,1,0,1,2004-04-07 15:00:00
481,19,16.4,47.7,69.0,12.969660613963775,80.10596364452611,0.9600000000000009,0.0,5.499999999999998,1.58,0.3044315405719574,0,0,0,2004-04-07 16:00:00
482,18,18.0,37.1,96.0,13.069472745179096,80.266564131724,2.440000000000003,0.0,1.6000000000000014,1.5400000000000018,0.2967244129625411,0,0,0,2004-04-07 17:00:00
483,3,14.7,48.7,121.0,12.960304355783991,80.26136063101255,0.1799999999999997,0.0,3.3000000000000007,0.75,0.144508642676562,0,0,0,2004-04-07 18:00:00
484,8,11.3,71.3,129.0,13.067700084752277,80.13187601363951,2.9599999999999955,0.0,3.3999999999999986,2.159999999999997,0.4161848909084982,1,0,1,2004-04-07 19:00:00
485,18,10.0,74.0,116.0,13.009972024240152,80.1212938214102,4.079999999999998,0.0,1.3000000000000007,2.2999999999999994,0.4431598375414569,1,0,1,2004-04-07 20:00:00
486,20,9.8,71.8,71.0,13.041781525077006,80.26986966281498,2.959999999999999,0.0,0.1999999999999993,1.5199999999999994,0.2928708491578323,0,0,0,2004-04-07 21:00:00
487,9,9.3,75.2,85.0,13.046276189507209,80.13274016895272,1.7199999999999989,0.0,0.5,0.9599999999999994,0.1849710626259993,0,0,0,2004-04-07 22:00:00
488,1,9.6,76.0,101.0,13.086999997580625,80.26177135613963,0.3999999999999986,0.0,0.2999999999999989,0.259999999999999,0.050096329461208,0,0,0,2004-04-07 23:00:00
489,4,9.3,75.0,97.0,12.923953990411771,80.16506142242622,0.2999999999999971,0.0,0.2999999999999989,0.2099999999999983,0.040462419949437,0,0,0,2004-04-08 00:00:00
490,17,9.0,76.7,89.0,13.05272043304125,80.20088250106424,0.3999999999999986,0.0,0.3000000000000007,0.2599999999999994,0.050096329461208,0,0,0,2004-04-08 01:00:00
491,10,8.2,79.6,72.0,13.0141831092464,80.29674367854066,0.879999999999999,0.0,0.8000000000000007,0.5999999999999996,0.1156069141412495,0,0,0,2004-04-08 02:00:00
492,10,8.1,72.1,62.0,13.015970376554163,80.27387714193824,0.7399999999999984,0.0,0.0999999999999996,0.3899999999999991,0.0751444941918121,0,0,0,2004-04-08 05:00:00
493,16,8.1,70.4,64.0,12.93494054158182,80.24541984165485,0.4399999999999977,0.0,0.0,0.2199999999999988,0.0423892018517913,0,0,0,2004-04-08 06:00:00
494,13,8.1,70.5,80.0,13.08019435502158,80.18114906709076,0.1999999999999993,0.0,0.0,0.0999999999999996,0.0192678190235415,0,0,0,2004-04-08 07:00:00
495,10,9.9,64.3,118.0,13.067469509851549,80.13375070670875,1.4200000000000017,0.0,1.8000000000000007,1.070000000000001,0.2061656635518954,0,0,0,2004-04-08 08:00:00
496,10,13.0,54.2,130.0,12.941644518845791,80.13875198892309,3.5600000000000023,0.0,3.1,2.400000000000001,0.4624276565649988,1,0,1,2004-04-08 09:00:00
497,4,16.5,42.6,113.0,12.95628341509494,80.277612980075,5.380000000000001,0.0,3.5,3.390000000000001,0.6531790648980607,1,0,1,2004-04-08 10:00:00
498,8,19.3,34.2,112.0,12.98145497122604,80.25626068944852,5.940000000000001,0.0,2.8000000000000007,3.5300000000000007,0.680154011531019,1,0,1,2004-04-08 11:00:00
499,2,21.5,27.4,96.0,13.021590295142117,80.20250791083252,5.460000000000001,0.0,2.1999999999999997,3.1700000000000004,0.610789863046269,1,0,1,2004-04-08 12:00:00
500,8,20.4,26.7,125.0,13.05987027954493,80.15138257996365,2.2600000000000016,0.0,1.1000000000000014,1.350000000000001,0.2601155568178119,0,0,0,2004-04-08 13:00:00
501,3,20.6,22.6,128.0,12.905375173409908,80.22756987301713,0.9400000000000048,0.0,0.2000000000000028,0.510000000000003,0.0982658770200627,0,0,0,2004-04-08 14:00:00
502,12,20.6,24.8,101.0,13.039991693694576,80.1928967076952,0.1200000000000045,0.0,0.0,0.0600000000000022,0.0115606914141254,0,0,0,2004-04-08 15:00:00
503,11,21.0,25.4,95.0,13.061490450255986,80.28519746643464,0.1799999999999997,0.0,0.3999999999999986,0.1699999999999996,0.0327552923400206,0,0,0,2004-04-08 16:00:00
504,19,21.5,24.5,138.0,12.980032333799326,80.10082867518553,0.6799999999999997,0.0,0.5,0.4399999999999998,0.084778403703583,0,0,0,2004-04-08 17:00:00
505,9,19.3,28.6,154.0,12.985562115129682,80.20509855919725,1.3000000000000007,0.0,2.1999999999999997,1.0900000000000003,0.2100192273566035,0,0,0,2004-04-08 18:00:00
506,14,18.0,32.9,171.0,13.005132353833648,80.13913217887192,2.0799999999999983,0.0,1.3000000000000007,1.2999999999999994,0.2504816473060408,0,0,0,2004-04-08 19:00:00
507,13,15.8,39.8,136.0,13.024896328318654,80.19139496644814,3.3199999999999967,0.0,2.1999999999999997,2.0999999999999983,0.4046241994943734,1,0,1,2004-04-08 20:00:00
508,10,15.3,41.5,93.0,13.02883771072062,80.1166384803447,2.68,0.0,0.5,1.44,0.2774565939389991,0,0,0,2004-04-08 21:00:00
509,14,14.1,46.0,99.0,13.09164727573681,80.17936768776205,2.4000000000000004,0.0,1.200000000000001,1.4400000000000004,0.2774565939389992,0,0,0,2004-04-08 22:00:00
510,12,12.0,67.9,95.0,12.96647271957053,80.26915481872824,3.0399999999999974,0.0,2.1,1.9399999999999984,0.3737956890567069,0,0,0,2004-04-09 23:00:00
511,16,12.0,66.9,79.0,13.06946829198493,80.22588208286841,1.839999999999998,0.0,0.0,0.919999999999999,0.1772639350165826,0,0,0,2004-04-10 00:00:00
512,8,11.5,70.1,78.0,13.023672296518296,80.12959274399348,1.4799999999999986,0.0,0.5,0.8399999999999993,0.1618496797977494,0,0,0,2004-04-10 01:00:00
513,12,11.4,69.8,75.0,12.981878563282809,80.14501671510487,0.7999999999999989,0.0,0.0999999999999996,0.4199999999999994,0.0809248398988746,0,0,0,2004-04-10 02:00:00
514,5,10.8,70.3,52.0,13.056720806110834,80.10020946697188,0.7399999999999967,0.0,0.5999999999999996,0.4899999999999982,0.0944123132153535,0,0,0,2004-04-10 04:00:00
515,9,10.2,73.4,55.0,12.928056803787266,80.16844828653711,0.9799999999999986,0.0,0.6000000000000014,0.6099999999999997,0.1175336960436037,0,0,0,2004-04-10 05:00:00
516,8,10.8,70.5,65.0,13.032127336484796,80.28323219573515,0.139999999999997,0.0,0.6000000000000014,0.1899999999999987,0.0366088561447288,0,0,0,2004-04-10 06:00:00
517,9,11.0,71.0,72.0,12.919260965132894,80.15806794849694,0.1600000000000019,0.0,0.1999999999999993,0.1200000000000008,0.02312138282825,0,0,0,2004-04-10 07:00:00
518,13,12.4,64.0,76.0,13.018269882712952,80.19128636697006,1.3600000000000012,0.0,1.4000000000000004,0.9600000000000006,0.1849710626259995,0,0,0,2004-04-10 08:00:00
519,15,15.0,53.1,84.0,12.95614965092223,80.15078442383346,3.120000000000001,0.0,2.6,2.0800000000000005,0.4007706356896655,1,0,1,2004-04-10 09:00:00
520,16,16.6,44.4,90.0,13.0424394446323,80.25510675387787,3.4400000000000013,0.0,1.6000000000000014,2.040000000000001,0.393063508080249,1,0,1,2004-04-10 10:00:00
521,5,18.0,38.4,89.0,13.014807417565494,80.18348717431759,3.4000000000000004,0.0,1.3999999999999986,1.98,0.3815028166661238,1,0,1,2004-04-10 11:00:00
522,18,20.6,30.0,87.0,12.931931698065751,80.17692221587471,4.080000000000002,0.0,2.6000000000000014,2.5600000000000014,0.4932561670026654,1,0,1,2004-04-10 12:00:00
523,7,19.9,26.7,88.0,12.988407135416756,80.13846271518184,1.879999999999999,0.0,0.7000000000000028,1.08,0.2080924454542493,0,0,0,2004-04-10 13:00:00
524,8,19.8,23.1,81.0,13.095922531284913,80.20721385935038,0.8200000000000038,0.0,0.0999999999999978,0.4300000000000015,0.0828516218012292,0,0,0,2004-04-10 14:00:00
525,1,21.4,22.7,89.0,12.924072399660202,80.29073727181014,1.4600000000000009,0.0,1.599999999999998,1.05,0.2023120997471869,0,0,0,2004-04-10 15:00:00
526,18,22.1,21.3,91.0,12.90919866114407,80.12735967432887,1.3400000000000034,0.0,0.7000000000000028,0.8100000000000023,0.1560693340906874,0,0,0,2004-04-10 16:00:00
527,5,21.1,24.5,104.0,12.93784547923896,80.1518353389226,0.240000000000002,0.0,1.0,0.320000000000001,0.0616570208753333,0,0,0,2004-04-10 17:00:00
528,9,18.3,31.6,111.0,13.084550771305349,80.27131645045442,2.2399999999999984,0.0,2.8000000000000007,1.6799999999999993,0.3236993595954989,0,0,0,2004-04-10 18:00:00
529,20,16.1,35.0,129.0,12.905854638495883,80.19394467866205,3.6999999999999993,0.0,2.1999999999999997,2.29,0.4412330556391027,1,0,1,2004-04-10 19:00:00
530,9,14.8,41.5,133.0,12.9205922001499,80.19727304379452,3.68,0.0,1.3000000000000007,2.1,0.4046241994943738,1,0,1,2004-04-10 20:00:00
531,17,13.2,50.3,115.0,12.96748275157975,80.27265221940509,3.5,0.0,1.6000000000000014,2.0700000000000003,0.3988438537873113,1,0,1,2004-04-10 21:00:00
532,5,12.3,55.5,125.0,12.902075061770788,80.18717988032212,2.640000000000001,0.0,0.8999999999999986,1.5,0.2890172853531241,0,0,0,2004-04-10 22:00:00
533,15,11.8,56.6,117.0,12.995924548118335,80.29102472028079,1.8399999999999963,0.0,0.5,1.0199999999999982,0.196531754040124,0,0,0,2004-04-10 23:00:00
534,20,11.2,56.2,84.0,13.075257697733536,80.17032824726083,1.4600000000000009,0.0,0.6000000000000014,0.8500000000000008,0.1637764617001038,0,0,0,2004-04-11 00:00:00
535,17,11.0,56.6,63.0,13.005603341986422,80.10571630740777,0.9000000000000004,0.0,0.1999999999999993,0.49,0.0944123132153538,0,0,0,2004-04-11 01:00:00
536,2,9.3,64.3,68.0,12.90479483248343,80.25236185453004,1.8199999999999985,0.0,1.6999999999999993,1.2499999999999991,0.2408477377942699,0,0,0,2004-04-11 02:00:00
537,5,7.7,70.7,49.0,13.036527718408562,80.16914226156277,2.499999999999999,0.0,1.6000000000000003,1.5699999999999996,0.3025047586696032,0,0,0,2004-04-11 05:00:00
538,6,7.4,71.0,49.0,12.92893861908482,80.14996170334283,1.9199999999999984,0.0,0.2999999999999998,1.0199999999999991,0.1965317540401242,0,0,0,2004-04-11 06:00:00
539,15,8.2,66.6,52.0,12.97890561042847,80.10728154384854,0.5199999999999996,0.0,0.7999999999999989,0.4199999999999996,0.0809248398988746,0,0,0,2004-04-11 07:00:00
540,17,8.7,64.3,58.0,13.049504903184616,80.16702232560259,0.4400000000000013,0.0,0.5,0.3200000000000006,0.0616570208753332,0,0,0,2004-04-11 08:00:00
541,14,13.0,47.9,51.0,13.070733479444788,80.29711592287569,4.000000000000002,0.0,4.300000000000001,2.860000000000001,0.5510596240732902,1,0,1,2004-04-11 09:00:00
542,13,17.4,35.4,77.0,13.055858150898295,80.20172317314898,6.460000000000001,0.0,4.399999999999999,4.11,0.7919073618675602,1,0,1,2004-04-11 10:00:00
543,3,20.2,29.2,90.0,12.942379650139827,80.10139641692712,6.700000000000003,0.0,2.8000000000000007,3.9100000000000015,0.7533717238204772,1,0,1,2004-04-11 11:00:00
544,6,22.7,22.9,118.0,12.936737074886874,80.10954742854115,6.300000000000001,0.0,2.5,3.65,0.7032753943592688,1,0,1,2004-04-11 12:00:00
545,9,22.3,22.4,70.0,13.088915765065115,80.29550973305072,3.1800000000000037,0.0,0.3999999999999986,1.6700000000000013,0.3217725776931451,0,0,0,2004-04-11 13:00:00
546,3,22.2,18.9,35.0,13.042506535272787,80.224939785993,1.2399999999999984,0.0,0.1000000000000014,0.6399999999999995,0.1233140417506662,0,0,0,2004-04-11 14:00:00
547,15,22.0,19.0,46.0,13.036581989384452,80.1426873091057,0.120000000000001,0.0,0.1999999999999993,0.1000000000000003,0.0192678190235416,0,0,0,2004-04-11 15:00:00
548,14,21.0,23.6,58.0,12.945642731145217,80.15159138309976,1.0399999999999991,0.0,1.0,0.7199999999999995,0.1387282969694994,0,0,0,2004-04-11 16:00:00
549,4,19.6,27.4,61.0,13.053643298138724,80.27705374089103,1.8199999999999967,0.0,1.3999999999999986,1.1899999999999982,0.2292870463801448,0,0,0,2004-04-11 17:00:00
550,18,17.9,30.8,80.0,12.944698737817838,80.15943056661982,2.640000000000001,0.0,1.7000000000000028,1.6600000000000008,0.3198457957907908,0,0,0,2004-04-11 18:00:00
551,13,16.4,35.3,93.0,13.047327425368737,80.26283716313608,2.980000000000004,0.0,1.5,1.790000000000002,0.3448939605213952,0,0,0,2004-04-11 19:00:00
552,6,15.6,37.5,78.0,12.96663057627714,80.20023298258981,2.5000000000000018,0.0,0.7999999999999989,1.4100000000000006,0.2716762482319368,0,0,0,2004-04-11 20:00:00
553,8,15.5,36.7,76.0,13.09096754822907,80.12308954328904,1.5,0.0,0.0999999999999996,0.7699999999999999,0.1483622064812703,0,0,0,2004-04-11 21:00:00
554,4,14.5,39.0,74.0,13.085859651065412,80.19353862743034,1.4799999999999986,0.0,1.0,0.9399999999999992,0.181117498821291,0,0,0,2004-04-11 22:00:00
555,11,14.2,38.2,81.0,12.987609018983534,80.12949420178701,1.0399999999999991,0.0,0.3000000000000007,0.5799999999999997,0.1117533503365412,0,0,0,2004-04-11 23:00:00
556,12,13.7,38.3,58.0,12.910282133056716,80.28542049512912,0.9999999999999982,0.0,0.5,0.5999999999999991,0.1156069141412494,0,0,0,2004-04-12 00:00:00
557,17,14.1,34.0,59.0,12.982525858473172,80.14804065844238,0.2999999999999971,0.0,0.4000000000000003,0.2299999999999986,0.0443159837541454,0,0,0,2004-04-12 01:00:00
558,14,14.6,34.0,54.0,12.902097034933025,80.2311758275371,0.3800000000000008,0.0,0.5,0.2900000000000003,0.0558766751682707,0,0,0,2004-04-12 02:00:00
559,4,13.9,30.9,25.0,12.93369383487156,80.2801115898974,0.1999999999999975,0.0,0.6999999999999993,0.2399999999999986,0.0462427656564995,0,0,0,2004-04-12 04:00:00
560,6,13.5,37.9,26.0,13.010200601532828,80.20665674261465,0.4599999999999991,0.0,0.4000000000000003,0.3099999999999996,0.0597302389729789,0,0,0,2004-04-12 05:00:00
561,12,13.9,43.6,49.0,13.029268923463226,80.19624234207161,0.099999999999996,0.0,0.4000000000000003,0.1299999999999981,0.0250481647306037,0,0,0,2004-04-12 06:00:00
562,11,13.5,50.1,53.0,12.99491695615716,80.1381826959623,0.379999999999999,0.0,0.4000000000000003,0.2699999999999996,0.0520231113635622,0,0,0,2004-04-12 07:00:00
563,19,13.3,53.6,57.0,13.089665845819788,80.18710061237343,0.3199999999999985,0.0,0.1999999999999993,0.1999999999999991,0.038535638047083,0,0,0,2004-04-12 08:00:00
564,2,13.4,56.0,73.0,13.02077762374423,80.23648265288715,0.1199999999999992,0.0,0.0999999999999996,0.0799999999999995,0.0154142552188332,0,0,0,2004-04-12 09:00:00
565,6,13.0,59.6,78.0,12.949949980552,80.2130878577074,0.4199999999999981,0.0,0.4000000000000003,0.2899999999999991,0.0558766751682705,0,0,0,2004-04-12 10:00:00
566,16,12.7,62.7,93.0,12.920658111113204,80.10199946208925,0.4799999999999986,0.0,0.3000000000000007,0.2999999999999995,0.0578034570706247,0,0,0,2004-04-12 11:00:00
567,3,12.1,60.5,71.0,12.924031569771028,80.20558165957316,0.7999999999999972,0.0,0.5999999999999996,0.5199999999999985,0.100192658922416,0,0,0,2004-04-12 12:00:00
568,18,11.2,64.4,56.0,12.90702650596004,80.26731053851238,1.2799999999999994,0.0,0.9000000000000004,0.8199999999999997,0.1579961159930411,0,0,0,2004-04-12 13:00:00
569,9,10.7,67.6,60.0,12.948145296187596,80.2154988998915,1.2399999999999984,0.0,0.5,0.7199999999999992,0.1387282969694994,0,0,0,2004-04-12 14:00:00
570,14,11.4,61.2,77.0,12.98923656129039,80.15184852136001,0.2199999999999971,0.0,0.7000000000000011,0.2499999999999987,0.0481695475588537,0,0,0,2004-04-12 15:00:00
571,8,9.9,70.5,82.0,12.944286733655186,80.25440577555017,1.1599999999999984,0.0,1.5,0.8799999999999992,0.169556807407166,0,0,0,2004-04-12 16:00:00
572,13,10.3,65.2,77.0,13.084470998002589,80.1821505779193,0.3999999999999986,0.0,0.4000000000000003,0.2799999999999993,0.0539498932659163,0,0,0,2004-04-12 17:00:00
573,6,11.0,58.9,91.0,12.99197641233478,80.20803343338561,0.3399999999999998,0.0,0.6999999999999993,0.3099999999999998,0.0597302389729789,0,0,0,2004-04-12 18:00:00
574,11,10.6,59.5,93.0,13.078995774927966,80.21890331746518,0.0399999999999973,0.0,0.4000000000000003,0.0999999999999987,0.0192678190235413,0,0,0,2004-04-12 19:00:00
575,7,10.6,57.7,82.0,12.912114498150434,80.22329174805996,0.120000000000001,0.0,0.0,0.0600000000000005,0.011560691414125,0,0,0,2004-04-12 20:00:00
576,4,10.6,56.1,74.0,12.950795219556564,80.23950052449325,0.0199999999999995,0.0,0.0,0.0099999999999997,0.0019267819023541,0,0,0,2004-04-12 21:00:00
577,10,10.3,58.0,68.0,13.064529540425507,80.25562898817607,0.3199999999999985,0.0,0.2999999999999989,0.219999999999999,0.0423892018517913,0,0,0,2004-04-12 22:00:00
578,5,10.4,58.4,65.0,12.932098786411544,80.15158068044717,0.0999999999999978,0.0,0.0999999999999996,0.0699999999999988,0.0134874733164789,0,0,0,2004-04-12 23:00:00
579,6,10.7,58.2,58.0,13.0878365733933,80.17049714919219,0.1800000000000015,0.0,0.2999999999999989,0.1500000000000005,0.0289017285353125,0,0,0,2004-04-13 00:00:00
580,2,10.5,59.9,36.0,13.0976013864538,80.1570049756988,1.7763568394002505e-15,0.0,0.1999999999999993,0.0400000000000007,0.0077071276094167,0,0,0,2004-04-13 01:00:00
581,18,10.5,60.8,29.0,12.966350359853822,80.16470342719285,0.0200000000000013,0.0,0.0,0.0100000000000006,0.0019267819023542,0,0,0,2004-04-13 02:00:00
582,19,11.1,60.1,28.0,13.092058414984736,80.2809522173592,0.4600000000000008,0.0,0.5999999999999996,0.3500000000000003,0.0674373665823957,0,0,0,2004-04-13 04:00:00
583,13,10.1,68.4,68.0,13.039418688220335,80.23798381008721,0.4799999999999986,0.0,1.0,0.4399999999999993,0.0847784037035829,0,0,0,2004-04-13 05:00:00
584,6,10.0,68.7,99.0,12.999121517238256,80.14084352840891,0.4399999999999995,0.0,0.0999999999999996,0.2399999999999996,0.0462427656564998,0,0,0,2004-04-13 06:00:00
585,5,11.0,64.2,130.0,13.02320050745116,80.26213100399133,0.4600000000000008,0.0,1.0,0.4300000000000004,0.082851621801229,0,0,0,2004-04-13 07:00:00
586,10,12.0,58.1,128.0,13.03172419884465,80.1469742644709,1.16,0.0,1.0,0.78,0.1502889883836245,0,0,0,2004-04-13 08:00:00
587,4,12.8,52.0,120.0,12.990422255385376,80.16672918294312,1.6200000000000028,0.0,0.8000000000000007,0.9700000000000016,0.1868978445283539,0,0,0,2004-04-13 09:00:00
588,5,12.6,50.8,93.0,12.944908953204944,80.28375225209474,0.9200000000000016,0.0,0.200000000000001,0.5000000000000011,0.0963390951177082,0,0,0,2004-04-13 10:00:00
589,15,13.8,47.4,96.0,12.966204030644304,80.19538536183961,1.360000000000003,0.0,1.200000000000001,0.9200000000000016,0.1772639350165831,0,0,0,2004-04-13 11:00:00
590,17,15.1,42.7,84.0,13.0167587603527,80.27810969106223,1.84,0.0,1.299999999999999,1.1799999999999995,0.2273602644777909,0,0,0,2004-04-13 12:00:00
591,11,16.3,38.1,87.0,13.02846128455228,80.19858291782771,2.180000000000001,0.0,1.200000000000001,1.330000000000001,0.2562619930131036,0,0,0,2004-04-13 13:00:00
592,20,16.6,36.7,87.0,12.911215934001214,80.13552483179602,1.7200000000000006,0.0,0.3000000000000007,0.9200000000000004,0.1772639350165828,0,0,0,2004-04-13 14:00:00
593,12,15.8,40.5,103.0,12.984962823743382,80.27008576608154,0.2800000000000011,0.0,0.8000000000000007,0.3000000000000007,0.0578034570706249,0,0,0,2004-04-13 15:00:00
594,4,16.3,41.8,88.0,13.071637687439376,80.22484972508502,0.2800000000000011,0.0,0.5,0.2400000000000005,0.0462427656564999,0,0,0,2004-04-13 16:00:00
595,17,16.1,42.8,118.0,12.90013636162701,80.10336612699996,0.1199999999999974,0.0,0.1999999999999993,0.0999999999999985,0.0192678190235413,0,0,0,2004-04-13 17:00:00
596,8,15.3,46.8,134.0,13.048892665856773,80.25678883329181,0.7199999999999989,0.0,0.8000000000000007,0.5199999999999996,0.1001926589224162,0,0,0,2004-04-13 18:00:00
597,9,14.7,47.0,144.0,13.09959995902325,80.13277168092449,0.9399999999999976,0.0,0.6000000000000014,0.5899999999999992,0.1136801322388953,0,0,0,2004-04-13 19:00:00
598,6,14.1,49.6,129.0,12.901969970013152,80.2888761401752,1.200000000000001,0.0,0.5999999999999996,0.7200000000000004,0.1387282969694996,0,0,0,2004-04-13 20:00:00
599,19,13.5,54.1,108.0,12.965344704170224,80.2003422254467,1.2399999999999984,0.0,0.5999999999999996,0.7399999999999991,0.1425818607742077,0,0,0,2004-04-13 21:00:00
600,8,12.3,59.2,104.0,12.96341929788975,80.11019458241528,1.679999999999998,0.0,1.1999999999999993,1.0799999999999987,0.2080924454542491,0,0,0,2004-04-13 22:00:00
601,19,11.6,62.2,90.0,13.032984649217346,80.12899618833086,1.6399999999999988,0.0,0.7000000000000011,0.9599999999999996,0.1849710626259993,0,0,0,2004-04-13 23:00:00
602,17,11.5,61.4,74.0,12.978145537065544,80.11184635478304,1.099999999999998,0.0,0.0999999999999996,0.5699999999999988,0.1098265684341869,0,0,0,2004-04-14 00:00:00
603,13,10.9,64.6,73.0,13.0182837865248,80.1922489569163,1.059999999999997,0.0,0.5999999999999996,0.6499999999999984,0.1252408236530201,0,0,0,2004-04-14 01:00:00
604,1,11.1,63.2,60.0,13.015543307869525,80.24120871190932,0.379999999999999,0.0,0.1999999999999993,0.2299999999999993,0.0443159837541455,0,0,0,2004-04-14 02:00:00
605,16,10.2,65.8,62.0,12.996350448225384,80.29868102067023,0.8599999999999994,0.0,0.9000000000000004,0.6099999999999998,0.1175336960436037,0,0,0,2004-04-14 05:00:00
606,14,10.3,65.6,71.0,13.002063524867385,80.1394247074237,0.4999999999999982,0.0,0.1000000000000014,0.2699999999999994,0.0520231113635622,0,0,0,2004-04-14 06:00:00
607,15,10.8,64.0,94.0,12.980679011221277,80.18873193270792,0.1400000000000005,0.0,0.5,0.1700000000000003,0.0327552923400207,0,0,0,2004-04-14 07:00:00
608,9,13.3,55.6,99.0,13.029361720986406,80.25590874069448,2.160000000000002,0.0,2.5,1.580000000000001,0.3044315405719576,0,0,0,2004-04-14 08:00:00
609,10,15.8,46.8,119.0,13.091208246692467,80.1246519012239,3.7200000000000015,0.0,2.5,2.360000000000001,0.4547205289555822,1,0,1,2004-04-14 09:00:00
610,17,19.5,34.4,103.0,12.954207488761329,80.29860481510936,5.560000000000002,0.0,3.6999999999999993,3.520000000000001,0.6782272296286648,1,0,1,2004-04-14 10:00:00
611,3,21.1,30.2,95.0,12.935522248369072,80.13999645881809,5.0,0.0,1.6000000000000014,2.8200000000000003,0.5433524964638734,1,0,1,2004-04-14 11:00:00
612,16,18.4,34.2,95.0,12.970643549210678,80.16642985587214,0.7800000000000011,0.0,2.700000000000003,0.9300000000000012,0.1791907169189371,0,0,0,2004-04-14 12:00:00
613,9,13.5,53.4,114.0,13.003889388465495,80.2469283492469,4.159999999999997,0.0,4.899999999999999,3.059999999999998,0.5895952621203728,1,0,1,2004-04-15 09:00:00
614,4,15.0,49.3,127.0,12.929995681833637,80.18428837514361,2.4999999999999964,0.0,1.5,1.5499999999999985,0.2986511948648946,0,0,0,2004-04-15 10:00:00
615,16,17.1,42.1,135.0,12.967206375363665,80.2956358403873,0.0800000000000018,0.0,2.1000000000000014,0.4600000000000012,0.0886319675082916,0,0,0,2004-04-15 11:00:00
616,5,18.4,36.9,135.0,12.917778700907537,80.19486506032129,1.9200000000000017,0.0,1.2999999999999972,1.2200000000000002,0.2350673920872076,0,0,0,2004-04-15 12:00:00
617,11,19.3,35.4,120.0,13.024701322830328,80.18561369878714,2.640000000000004,0.0,0.9000000000000021,1.5000000000000024,0.2890172853531246,0,0,0,2004-04-15 13:00:00
618,17,19.2,35.7,129.0,13.054248348049434,80.12105408079289,1.400000000000002,0.0,0.1000000000000014,0.7200000000000013,0.1387282969694998,0,0,0,2004-04-15 14:00:00
619,7,21.5,30.4,114.0,12.955373671393758,80.27733954281702,2.400000000000002,0.0,2.3000000000000007,1.6600000000000013,0.3198457957907909,0,0,0,2004-04-15 15:00:00
620,14,19.6,34.6,129.0,13.055320266110884,80.2107323018967,0.0,0.0,1.8999999999999984,0.3799999999999997,0.073217712289458,0,0,0,2004-04-15 16:00:00
621,9,19.6,35.5,149.0,12.942931387135197,80.29229249999884,0.2399999999999948,0.0,0.0,0.1199999999999974,0.0231213828282494,0,0,0,2004-04-15 17:00:00
622,7,18.3,44.1,149.0,13.020118671570945,80.14264636665831,1.3399999999999963,0.0,1.3000000000000007,0.9299999999999984,0.1791907169189366,0,0,0,2004-04-15 18:00:00
623,10,17.4,47.8,158.0,13.046848485287558,80.20050892313398,1.879999999999999,0.0,0.9000000000000021,1.12,0.2157995730636659,0,0,0,2004-04-15 19:00:00
624,5,16.8,49.8,148.0,12.947793990256876,80.20516324796823,1.5399999999999956,0.0,0.5999999999999979,0.8899999999999973,0.1714835893095198,0,0,0,2004-04-15 20:00:00
625,7,16.2,53.2,134.0,13.027384958137686,80.18118623863289,1.4600000000000009,0.0,0.6000000000000014,0.8500000000000008,0.1637764617001038,0,0,0,2004-04-15 21:00:00
626,13,14.9,59.1,111.0,13.04465180060996,80.15509013775542,1.8199999999999985,0.0,1.299999999999999,1.169999999999999,0.2254334825754366,0,0,0,2004-04-15 22:00:00
627,14,13.9,64.0,106.0,13.049777715711988,80.27245846860359,1.9399999999999975,0.0,1.0,1.1699999999999988,0.2254334825754366,0,0,0,2004-04-15 23:00:00
628,16,13.7,66.8,108.0,13.000524929747998,80.29753336073917,1.4000000000000004,0.0,0.200000000000001,0.7400000000000004,0.1425818607742079,0,0,0,2004-04-16 00:00:00
629,2,13.4,69.6,93.0,13.030287600768355,80.2247966699177,1.0199999999999978,0.0,0.2999999999999989,0.5699999999999987,0.1098265684341869,0,0,0,2004-04-16 01:00:00
630,8,12.8,71.9,83.0,13.089686730198874,80.1436297613618,0.9399999999999976,0.0,0.5999999999999996,0.5899999999999987,0.1136801322388952,0,0,0,2004-04-16 02:00:00
631,18,11.9,74.8,69.0,12.955255420757284,80.24348829325523,1.2399999999999969,0.0,0.9000000000000004,0.7999999999999984,0.1541425521883325,0,0,0,2004-04-16 04:00:00
632,17,11.6,76.4,77.0,13.052840841647392,80.28041538847619,1.0799999999999983,0.0,0.3000000000000007,0.5999999999999993,0.1156069141412495,0,0,0,2004-04-16 05:00:00
633,19,11.7,75.3,87.0,12.98803710938295,80.13981625228845,0.5799999999999983,0.0,0.0999999999999996,0.309999999999999,0.0597302389729788,0,0,0,2004-04-16 06:00:00
634,12,12.8,71.0,109.0,12.997942698813,80.144424326633,0.6400000000000006,0.0,1.1000000000000014,0.5400000000000006,0.1040462227271248,0,0,0,2004-04-16 07:00:00
635,8,13.8,61.1,116.0,13.074789230648603,80.21087205760035,1.440000000000003,0.0,1.0,0.9200000000000016,0.177263935016583,0,0,0,2004-04-16 08:00:00
636,11,15.3,51.4,105.0,13.0901683329765,80.2664471989944,2.260000000000004,0.0,1.5,1.4300000000000015,0.2755298120366453,0,0,0,2004-04-16 09:00:00
637,17,16.6,48.7,106.0,13.094655088370866,80.23000988260895,2.560000000000004,0.0,1.3000000000000007,1.5400000000000025,0.2967244129625412,0,0,0,2004-04-16 10:00:00
638,2,17.6,46.7,108.0,12.938994819762703,80.29337827569927,2.3800000000000026,0.0,1.0,1.3900000000000012,0.2678226844272286,0,0,0,2004-04-16 11:00:00
639,15,19.2,42.7,100.0,12.959173965955166,80.16934955625572,2.6999999999999997,0.0,1.599999999999998,1.6699999999999993,0.3217725776931447,0,0,0,2004-04-16 12:00:00
640,6,15.7,62.5,149.0,13.09299350908755,80.11603286865362,1.1800000000000033,0.0,3.5,1.2900000000000018,0.2485548654036871,0,0,0,2004-04-16 13:00:00
641,12,14.5,75.7,148.0,13.045806123328337,80.18941647395626,2.219999999999999,0.0,1.1999999999999993,1.3499999999999992,0.2601155568178115,0,0,0,2004-04-16 14:00:00
642,12,14.4,77.4,126.0,13.09773125657814,80.26642583643675,1.8799999999999968,0.0,0.0999999999999996,0.9599999999999984,0.1849710626259991,0,0,0,2004-04-16 15:00:00
643,5,14.6,74.9,140.0,12.90724035863065,80.10642579797712,1.0799999999999983,0.0,0.1999999999999993,0.579999999999999,0.1117533503365411,0,0,0,2004-04-16 16:00:00
644,6,14.6,76.0,142.0,12.92246266089506,80.2467368886119,0.1599999999999966,0.0,0.0,0.0799999999999983,0.0154142552188329,0,0,0,2004-04-16 17:00:00
645,5,14.0,76.3,141.0,12.95227027143689,80.26750393233127,0.4199999999999981,0.0,0.5999999999999996,0.329999999999999,0.0635838027776871,0,0,0,2004-04-16 18:00:00
646,10,13.9,78.0,149.0,12.954209424351555,80.18377960809852,0.4000000000000003,0.0,0.0999999999999996,0.2200000000000001,0.0423892018517915,0,0,0,2004-04-16 19:00:00
647,5,13.8,78.0,140.0,12.920222857485127,80.20048683915373,0.3799999999999972,0.0,0.0999999999999996,0.2099999999999985,0.0404624199494371,0,0,0,2004-04-16 20:00:00
648,11,13.5,79.4,117.0,12.964906174299536,80.23932619503708,0.4599999999999991,0.0,0.3000000000000007,0.2899999999999997,0.0558766751682706,0,0,0,2004-04-16 21:00:00
649,20,13.1,80.1,103.0,13.021287766952655,80.29781137539959,0.5600000000000005,0.0,0.4000000000000003,0.3600000000000003,0.0693641484847498,0,0,0,2004-04-16 22:00:00
650,18,12.8,81.0,99.0,13.033635160919673,80.2268540606321,0.6199999999999974,0.0,0.2999999999999989,0.3699999999999985,0.0712909303871036,0,0,0,2004-04-16 23:00:00
651,4,12.7,80.6,100.0,12.946321745316542,80.2597973480291,0.4799999999999986,0.0,0.1000000000000014,0.2599999999999996,0.0500963294612081,0,0,0,2004-04-17 00:00:00
652,11,12.5,81.8,88.0,12.94165505491078,80.16175255621687,0.4199999999999981,0.0,0.1999999999999993,0.2499999999999989,0.0481695475588538,0,0,0,2004-04-17 01:00:00
653,17,12.7,81.2,83.0,13.030073756239128,80.1444468351066,0.0600000000000005,0.0,0.1999999999999993,0.0700000000000001,0.0134874733164791,0,0,0,2004-04-17 02:00:00
654,19,14.2,52.2,59.0,12.989074408907696,80.29359966355837,1.2200000000000006,0.0,1.5,0.9100000000000004,0.1753371531142287,0,0,0,2004-04-23 05:00:00
655,13,14.3,55.4,67.0,13.05997598656196,80.18876493864744,1.0200000000000031,0.0,0.1000000000000014,0.5300000000000018,0.1021194408247708,0,0,0,2004-04-23 06:00:00
656,19,14.0,58.0,95.0,13.060350306130209,80.23335781963274,0.4600000000000026,0.0,0.3000000000000007,0.2900000000000015,0.0558766751682709,0,0,0,2004-04-23 07:00:00
657,8,15.4,53.3,123.0,13.08107778203901,80.29432296507761,1.2800000000000011,0.0,1.4000000000000004,0.9200000000000006,0.1772639350165829,0,0,0,2004-04-23 08:00:00
658,6,19.1,42.1,142.0,13.068280134424477,80.10522368519639,3.700000000000001,0.0,3.700000000000001,2.5900000000000007,0.4990365127097278,1,0,1,2004-04-23 09:00:00
659,13,23.7,31.0,142.0,12.914491143332388,80.29332543214652,6.399999999999999,0.0,4.599999999999998,4.119999999999999,0.7938341437699141,1,0,1,2004-04-23 10:00:00
660,18,26.9,25.7,169.0,13.024045858514317,80.18233792257833,7.079999999999998,0.0,3.1999999999999997,4.179999999999999,0.805394835184039,1,0,1,2004-04-23 11:00:00
661,16,29.7,20.6,142.0,13.040543517520748,80.10322497025832,6.739999999999998,0.0,2.8000000000000007,3.9299999999999993,0.757225287625185,1,0,1,2004-04-23 12:00:00
662,5,29.2,21.5,136.0,13.040203522885308,80.10350174260364,3.4800000000000004,0.0,0.5,1.8400000000000003,0.3545278700331656,0,0,0,2004-04-23 13:00:00
663,13,29.6,20.1,147.0,13.072133604370295,80.15969477898118,1.7800000000000011,0.0,0.4000000000000021,0.970000000000001,0.1868978445283537,0,0,0,2004-04-23 14:00:00
664,16,30.0,19.4,196.0,12.955387910216771,80.14159407177146,0.9199999999999982,0.0,0.3999999999999986,0.5399999999999988,0.1040462227271244,0,0,0,2004-04-23 15:00:00
665,12,29.5,20.1,186.0,12.97988418683136,80.18842345497711,0.1000000000000014,0.0,0.5,0.1500000000000007,0.0289017285353125,0,0,0,2004-04-23 16:00:00
666,20,27.0,26.8,177.0,12.974243652685956,80.25586502410624,2.0600000000000023,0.0,2.5,1.5300000000000011,0.2947976310601868,0,0,0,2004-04-23 17:00:00
667,19,24.9,30.8,164.0,13.087815739718035,80.10924352536455,3.3000000000000007,0.0,2.1000000000000014,2.0700000000000007,0.3988438537873114,1,0,1,2004-04-23 18:00:00
668,11,23.1,36.7,161.0,13.096185191552308,80.18414262350326,3.799999999999997,0.0,1.7999999999999972,2.259999999999998,0.43545270993204,1,0,1,2004-04-23 19:00:00
669,15,21.5,40.8,146.0,12.951831439823344,80.28024315649036,3.699999999999996,0.0,1.6000000000000014,2.169999999999998,0.4181116728108525,1,0,1,2004-04-23 20:00:00
670,3,20.5,41.5,98.0,12.9799021790581,80.24843823809091,2.8999999999999986,0.0,1.0,1.6499999999999992,0.3179190138884364,0,0,0,2004-04-23 21:00:00
671,3,19.2,44.9,108.0,12.98791885916226,80.12097258685806,2.639999999999997,0.0,1.3000000000000007,1.5799999999999987,0.3044315405719571,0,0,0,2004-04-23 22:00:00
672,13,18.8,47.7,107.0,12.906161973085132,80.13140219199425,1.8199999999999967,0.0,0.3999999999999986,0.989999999999998,0.1907514083330615,0,0,0,2004-04-23 23:00:00
673,2,18.2,49.7,113.0,12.981763494768742,80.22652000571401,1.4399999999999975,0.0,0.6000000000000014,0.8399999999999992,0.1618496797977493,0,0,0,2004-04-24 00:00:00
674,10,16.1,57.4,100.0,12.968956272751653,80.16715228776944,2.4599999999999937,0.0,2.099999999999998,1.6499999999999964,0.3179190138884358,0,0,0,2004-04-24 01:00:00
675,20,16.3,55.3,87.0,13.061549988106236,80.19445970701761,1.4199999999999982,0.0,0.1999999999999993,0.7499999999999989,0.1445086426765618,0,0,0,2004-04-24 02:00:00
676,14,14.8,57.7,65.0,13.045815143120404,80.18674069248107,2.039999999999999,0.0,1.5,1.3199999999999996,0.2543352111107491,0,0,0,2004-04-24 05:00:00
677,12,14.0,59.7,64.0,12.984472482613365,80.10850424709898,1.879999999999999,0.0,0.8000000000000007,1.0999999999999996,0.2119460092589576,0,0,0,2004-04-24 06:00:00
678,17,14.6,56.8,73.0,12.952378265129337,80.106420680529,0.5600000000000005,0.0,0.5999999999999996,0.4000000000000002,0.0770712760941664,0,0,0,2004-04-24 07:00:00
679,8,16.7,51.9,86.0,12.92287957633452,80.22816884043826,1.4200000000000017,0.0,2.1,1.1300000000000008,0.2177263549660203,0,0,0,2004-04-24 08:00:00
680,16,20.0,45.0,105.0,12.98551263789584,80.28994631719183,3.98,0.0,3.3000000000000007,2.6500000000000004,0.5105972041238527,1,0,1,2004-04-24 09:00:00
681,16,23.9,33.7,107.0,13.032050972302024,80.22513173733866,6.060000000000002,0.0,3.899999999999999,3.810000000000001,0.7341039047969354,1,0,1,2004-04-24 10:00:00
682,6,26.8,29.5,114.0,13.001203685854302,80.26806474027201,6.400000000000002,0.0,2.900000000000002,3.7800000000000016,0.7283235590898731,1,0,1,2004-04-24 11:00:00
683,4,27.2,32.4,105.0,13.051547427136653,80.27841935033892,4.280000000000001,0.0,0.3999999999999986,2.22,0.4277455823226238,1,0,1,2004-04-24 12:00:00
684,19,26.9,32.1,74.0,12.98214520625208,80.12974799441174,1.9399999999999975,0.0,0.3000000000000007,1.029999999999999,0.1984585359424783,0,0,0,2004-04-24 13:00:00
685,3,24.3,41.8,95.0,13.042845753156378,80.11670057237619,1.5199999999999996,0.0,2.599999999999998,1.2799999999999994,0.2466280835013324,0,0,0,2004-04-24 14:00:00
686,19,25.6,36.0,89.0,12.97342917178631,80.23489696881022,0.5599999999999952,0.0,1.3000000000000007,0.5399999999999978,0.1040462227271242,0,0,0,2004-04-24 15:00:00
687,19,27.0,31.8,95.0,13.065381971224085,80.10070064788404,0.8000000000000007,0.0,1.3999999999999986,0.6800000000000002,0.1310211693600829,0,0,0,2004-04-24 16:00:00
688,2,27.5,31.6,93.0,12.976408394044244,80.23650036378088,1.240000000000002,0.0,0.5,0.720000000000001,0.1387282969694997,0,0,0,2004-04-24 17:00:00
689,8,24.9,38.1,123.0,12.9536427240387,80.2685812068269,0.9599999999999972,0.0,2.6000000000000014,0.999999999999999,0.1926781902354159,0,0,0,2004-04-24 18:00:00
690,20,23.4,39.7,134.0,13.076901505311843,80.24115148911467,2.2799999999999976,0.0,1.5,1.4399999999999988,0.2774565939389989,0,0,0,2004-04-24 19:00:00
691,2,21.2,50.8,126.0,13.065284982114605,80.16290757357851,3.6000000000000014,0.0,2.1999999999999997,2.2400000000000007,0.4315991461273321,1,0,1,2004-04-24 20:00:00
692,19,15.6,73.5,79.0,13.079786774441708,80.15617738475763,6.92,0.0,5.6,4.58,0.8824661112782057,1,0,1,2004-04-24 21:00:00
693,3,12.9,79.7,54.0,13.097701608837912,80.1062226841263,6.700000000000001,0.0,2.6999999999999997,3.890000000000001,0.7495181600157687,1,0,1,2004-04-24 22:00:00
694,7,11.5,76.9,69.0,13.032735084130378,80.11940793284373,5.419999999999998,0.0,1.4000000000000004,2.9899999999999998,0.576107788803894,1,0,1,2004-04-24 23:00:00
695,17,12.2,66.8,67.0,13.046989625103308,80.15790741536674,2.479999999999998,0.0,0.6999999999999993,1.3799999999999992,0.265895902524874,0,0,0,2004-04-25 00:00:00
696,11,12.4,64.1,73.0,13.072110012274916,80.23006737201662,0.5199999999999978,0.0,0.200000000000001,0.2999999999999991,0.0578034570706246,0,0,0,2004-04-25 01:00:00
697,9,12.7,58.7,73.0,12.975986700143157,80.18764330311872,0.3600000000000012,0.0,0.2999999999999989,0.2400000000000003,0.0462427656564999,0,0,0,2004-04-25 02:00:00
698,18,12.5,50.9,20.0,12.976219053913498,80.23505484675346,0.240000000000002,0.0,0.1999999999999993,0.1600000000000008,0.0308285104376667,0,0,0,2004-04-25 05:00:00
699,12,12.8,49.3,37.0,12.910653178708117,80.1094643437789,0.2800000000000011,0.0,0.3000000000000007,0.2000000000000007,0.0385356380470833,0,0,0,2004-04-25 06:00:00
700,3,13.5,48.6,50.0,13.064012584950005,80.16196483346246,0.7200000000000024,0.0,0.6999999999999993,0.5000000000000011,0.0963390951177082,0,0,0,2004-04-25 07:00:00
701,6,14.4,45.9,45.0,13.064277150481027,80.18707984139225,1.2200000000000024,0.0,0.9000000000000004,0.7900000000000013,0.1522157702859789,0,0,0,2004-04-25 08:00:00
702,2,15.1,43.9,48.0,13.020759113334565,80.27522734887408,1.4399999999999995,0.0,0.6999999999999993,0.8599999999999997,0.1657032436024577,0,0,0,2004-04-25 09:00:00
703,13,16.6,38.6,56.0,12.967339236491748,80.24598650200458,2.120000000000001,0.0,1.5000000000000018,1.3600000000000008,0.262042338720166,0,0,0,2004-04-25 10:00:00
704,9,17.2,35.0,58.0,13.091088564047396,80.15159426457197,1.84,0.0,0.5999999999999979,1.0399999999999996,0.2003853178448326,0,0,0,2004-04-25 11:00:00
705,8,17.4,33.9,52.0,13.011605002227444,80.17725456498901,1.2600000000000016,0.0,0.1999999999999993,0.6700000000000006,0.1290943874577289,0,0,0,2004-04-25 12:00:00
706,2,17.9,30.7,52.0,13.03731192233528,80.1588761084093,1.0600000000000025,0.0,0.5,0.6300000000000011,0.1213872598483123,0,0,0,2004-04-25 13:00:00
707,14,18.3,27.2,44.0,12.914303146262004,80.23666596507798,0.8200000000000038,0.0,0.4000000000000021,0.4900000000000023,0.0944123132153543,0,0,0,2004-04-25 14:00:00
708,9,19.4,25.7,59.0,13.059475579981028,80.21362830685165,1.3599999999999994,0.0,1.099999999999998,0.8999999999999992,0.1734103712118743,0,0,0,2004-04-25 15:00:00
709,6,20.2,24.1,74.0,13.013997139915404,80.23855441583014,1.5600000000000025,0.0,0.8000000000000007,0.9400000000000012,0.1811174988212913,0,0,0,2004-04-25 16:00:00
710,19,19.6,24.9,76.0,13.09752664385266,80.20631314553785,0.5200000000000031,0.0,0.5999999999999979,0.3800000000000011,0.0732177122894583,0,0,0,2004-04-25 17:00:00
711,18,18.5,27.8,83.0,13.063450318983213,80.17493342908286,0.6999999999999993,0.0,1.1000000000000014,0.57,0.1098265684341871,0,0,0,2004-04-25 18:00:00
712,4,17.8,30.3,100.0,13.009086290005916,80.1818296042561,1.2999999999999972,0.0,0.6999999999999993,0.7899999999999985,0.1522157702859784,0,0,0,2004-04-25 19:00:00
713,10,16.6,34.0,101.0,13.043985569171928,80.10358694992375,1.9399999999999975,0.0,1.1999999999999993,1.2099999999999986,0.2331406101848532,0,0,0,2004-04-25 20:00:00
714,20,15.5,37.0,90.0,13.008091747990797,80.27552677999034,2.1000000000000014,0.0,1.1000000000000014,1.270000000000001,0.2447013015989786,0,0,0,2004-04-25 21:00:00
715,7,14.8,39.5,93.0,12.929154022258956,80.21986873833971,1.84,0.0,0.6999999999999993,1.0599999999999998,0.204238881649541,0,0,0,2004-04-25 22:00:00
716,20,14.5,42.0,79.0,13.087420627817236,80.18205752273599,1.34,0.0,0.3000000000000007,0.7300000000000001,0.1406550788718537,0,0,0,2004-04-25 23:00:00
717,8,14.1,44.9,57.0,13.074780551603972,80.15025172191837,1.0,0.0,0.4000000000000003,0.5800000000000001,0.1117533503365413,0,0,0,2004-04-26 00:00:00
718,19,14.2,45.5,43.0,13.057267502772545,80.14024490576824,0.4199999999999999,0.0,0.0999999999999996,0.2299999999999999,0.0443159837541456,0,0,0,2004-04-26 01:00:00
719,9,14.1,45.3,25.0,12.905463736342757,80.21153346612677,0.2399999999999984,0.0,0.0999999999999996,0.1399999999999991,0.026974946632958,0,0,0,2004-04-26 02:00:00
720,4,13.9,43.9,44.0,12.937009288604145,80.10475860314428,0.2599999999999998,0.0,0.1999999999999993,0.1699999999999997,0.0327552923400206,0,0,0,2004-04-26 05:00:00
721,16,14.0,43.8,72.0,13.089188510822895,80.1591905549775,0.0599999999999987,0.0,0.0999999999999996,0.0499999999999992,0.0096339095117706,0,0,0,2004-04-26 06:00:00
722,18,14.4,43.6,91.0,13.05739911973568,80.14451715674439,0.2800000000000011,0.0,0.4000000000000003,0.2200000000000006,0.0423892018517916,0,0,0,2004-04-26 07:00:00
723,8,15.0,41.7,89.0,13.069815089325337,80.18694133279722,0.7200000000000024,0.0,0.5999999999999996,0.4800000000000011,0.0924855313129999,0,0,0,2004-04-26 08:00:00
724,12,16.3,38.4,84.0,13.075031463786608,80.12064964367183,1.5800000000000018,0.0,1.3000000000000007,1.0500000000000012,0.2023120997471871,0,0,0,2004-04-26 09:00:00
725,6,18.3,32.3,83.0,13.02363725057851,80.21225002645404,2.700000000000001,0.0,2.0,1.7500000000000004,0.3371868329119782,0,0,0,2004-04-26 10:00:00
726,8,18.8,31.7,78.0,12.965902582098725,80.21237371667603,2.240000000000002,0.0,0.5,1.220000000000001,0.2350673920872078,0,0,0,2004-04-26 11:00:00
727,1,19.6,30.9,80.0,12.946661925808051,80.22647137756434,2.0,0.0,0.8000000000000007,1.16,0.2235067006730826,0,0,0,2004-04-26 12:00:00
728,11,20.2,30.7,75.0,13.0488165418569,80.17770408662587,1.5599999999999987,0.0,0.5999999999999979,0.8999999999999989,0.1734103712118742,0,0,0,2004-04-26 13:00:00
729,4,19.7,32.5,77.0,13.011663296759124,80.26945129937603,0.379999999999999,0.0,0.5,0.2899999999999995,0.0558766751682705,0,0,0,2004-04-26 14:00:00
730,15,20.7,31.6,77.0,12.995831604745833,80.25642629101142,0.8999999999999986,0.0,1.0,0.6499999999999992,0.1252408236530203,0,0,0,2004-04-26 15:00:00
731,15,20.0,32.7,81.0,12.9331010692506,80.16403943230696,0.0399999999999991,0.0,0.6999999999999993,0.1599999999999994,0.0308285104376664,0,0,0,2004-04-26 16:00:00
732,5,18.6,35.4,101.0,13.032515233539684,80.13729316598972,1.2399999999999949,0.0,1.3999999999999986,0.8999999999999972,0.1734103712118739,0,0,0,2004-04-26 17:00:00
733,6,18.3,35.9,119.0,13.079182578447218,80.17199041314738,1.16,0.0,0.3000000000000007,0.6400000000000002,0.1233140417506663,0,0,0,2004-04-26 18:00:00
734,6,17.8,37.5,111.0,12.93055851300949,80.25669556914343,1.2800000000000011,0.0,0.5,0.7400000000000005,0.142581860774208,0,0,0,2004-04-26 19:00:00
735,20,17.3,38.8,109.0,12.92228880092609,80.25070284065926,1.099999999999998,0.0,0.5,0.6499999999999989,0.1252408236530202,0,0,0,2004-04-26 20:00:00
736,5,17.3,38.8,101.0,12.926640651352834,80.19416674087347,0.5599999999999987,0.0,0.0,0.2799999999999993,0.0539498932659163,0,0,0,2004-04-26 21:00:00
737,18,16.4,40.8,89.0,12.955801364489746,80.2849559161491,1.0199999999999996,0.0,0.9000000000000021,0.6900000000000002,0.1329479512624371,0,0,0,2004-04-26 22:00:00
738,2,16.0,41.4,75.0,13.094762758241606,80.19288216285511,0.9599999999999972,0.0,0.3999999999999986,0.5599999999999984,0.1078997865318327,0,0,0,2004-04-26 23:00:00
739,11,15.4,43.0,51.0,12.998379301073674,80.15396845891742,1.0799999999999963,0.0,0.5999999999999996,0.6599999999999981,0.1271676055553742,0,0,0,2004-04-27 00:00:00
740,3,15.7,42.5,39.0,12.907828235708916,80.13025044555758,0.4600000000000008,0.0,0.2999999999999989,0.2900000000000002,0.0558766751682707,0,0,0,2004-04-27 01:00:00
741,6,15.6,43.4,32.0,13.065431850069311,80.13230903384914,0.2199999999999988,0.0,0.0999999999999996,0.1299999999999993,0.0250481647306039,0,0,0,2004-04-27 02:00:00
742,20,15.5,47.3,68.0,13.028985010294896,80.15897035773109,0.139999999999997,0.0,0.0999999999999996,0.0899999999999984,0.0173410371211871,0,0,0,2004-04-27 05:00:00
743,20,14.4,53.1,76.0,12.969141651549464,80.28218520160267,0.9199999999999982,0.0,1.0999999999999996,0.679999999999999,0.1310211693600827,0,0,0,2004-04-27 06:00:00
744,6,15.9,48.5,122.0,13.049178262864578,80.23021825963684,0.4800000000000022,0.0,1.5,0.5400000000000011,0.1040462227271249,0,0,0,2004-04-27 07:00:00
745,16,18.1,40.3,129.0,13.050467672031369,80.19706307555083,2.200000000000001,0.0,2.200000000000001,1.5400000000000007,0.2967244129625409,0,0,0,2004-04-27 08:00:00
746,9,19.6,35.9,94.0,13.034118860451358,80.29626607211227,2.900000000000002,0.0,1.5,1.750000000000001,0.3371868329119784,0,0,0,2004-04-27 09:00:00
747,20,22.8,29.1,99.0,13.048318771551994,80.1188342814819,4.640000000000001,0.0,3.1999999999999997,2.96,0.5703274430968316,1,0,1,2004-04-27 10:00:00
748,17,24.8,25.3,81.0,12.957825649394428,80.23009817465461,4.560000000000002,0.0,2.0,2.680000000000001,0.5163775498309153,1,0,1,2004-04-27 11:00:00
749,16,27.2,22.0,87.0,12.91917735946726,80.25659426867838,4.700000000000003,0.0,2.3999999999999986,2.830000000000001,0.5452792783662277,1,0,1,2004-04-27 12:00:00
750,9,28.2,20.4,107.0,13.055572976277736,80.19232000680198,3.68,0.0,1.0,2.04,0.3930635080802488,1,0,1,2004-04-27 13:00:00
751,3,25.4,24.2,95.0,12.976031498859856,80.28458686446596,0.2800000000000011,0.0,2.8000000000000007,0.7000000000000007,0.1348747331647914,0,0,0,2004-04-27 14:00:00
752,13,25.7,23.8,110.0,13.08975581773943,80.1567963981335,0.5599999999999987,0.0,0.3000000000000007,0.3399999999999995,0.0655105846800413,0,0,0,2004-04-27 15:00:00
753,10,27.2,22.1,99.0,12.917661362453297,80.20365830308037,0.4600000000000008,0.0,1.5,0.5300000000000005,0.1021194408247706,0,0,0,2004-04-27 16:00:00
754,4,27.0,22.3,113.0,13.055516122939084,80.17859490338239,0.3000000000000007,0.0,0.1999999999999993,0.1900000000000002,0.0366088561447291,0,0,0,2004-04-27 17:00:00
755,20,24.5,27.8,127.0,12.96622773061526,80.21963943853017,1.4600000000000009,0.0,2.5,1.2300000000000004,0.2369941739895618,0,0,0,2004-04-27 18:00:00
756,6,23.7,30.2,131.0,12.946157672457534,80.19252648898056,1.9199999999999984,0.0,0.8000000000000007,1.1199999999999992,0.2157995730636658,0,0,0,2004-04-27 19:00:00
757,15,21.5,34.5,137.0,13.051670396857409,80.24751975957247,3.2799999999999976,0.0,2.1999999999999997,2.0799999999999987,0.4007706356896652,1,0,1,2004-04-27 20:00:00
758,13,19.9,37.8,122.0,13.075234181312611,80.29868514341632,3.419999999999998,0.0,1.6000000000000014,2.03,0.3911367261778945,1,0,1,2004-04-27 21:00:00
759,8,18.9,40.6,100.0,12.994755691705585,80.23588204116427,2.8000000000000007,0.0,1.0,1.6000000000000003,0.3082851043766658,0,0,0,2004-04-27 22:00:00
760,10,17.9,43.5,108.0,13.0888424639784,80.20004548576183,2.4800000000000004,0.0,1.0,1.4400000000000002,0.2774565939389992,0,0,0,2004-04-27 23:00:00
761,12,17.4,46.3,83.0,13.004885065772346,80.11574664512429,1.7199999999999989,0.0,0.5,0.9599999999999994,0.1849710626259993,0,0,0,2004-04-28 00:00:00
762,7,18.1,44.7,74.0,12.92201422433032,80.2349128932545,0.3399999999999963,0.0,0.7000000000000028,0.3099999999999987,0.0597302389729787,0,0,0,2004-04-28 01:00:00
763,12,16.5,50.1,64.0,13.068068870836877,80.26271213730192,1.259999999999998,0.0,1.6000000000000014,0.9499999999999992,0.1830442807236451,0,0,0,2004-04-28 02:00:00
764,11,16.3,52.8,39.0,13.032988325784403,80.22601388712735,0.9399999999999976,0.0,0.1999999999999993,0.5099999999999987,0.0982658770200619,0,0,0,2004-04-28 05:00:00
765,19,13.9,60.7,69.0,12.928171190714531,80.23684028086059,2.5399999999999974,0.0,2.4000000000000004,1.749999999999999,0.3371868329119779,0,0,0,2004-04-28 06:00:00
766,4,15.0,58.3,104.0,12.940317448310152,80.2154493781734,0.9599999999999992,0.0,1.0999999999999996,0.6999999999999995,0.1348747331647911,0,0,0,2004-04-28 07:00:00
767,8,16.1,54.8,100.0,13.032680015725134,80.24344892846219,0.5400000000000045,0.0,1.1000000000000014,0.4900000000000025,0.0944123132153543,0,0,0,2004-04-28 08:00:00
768,11,19.3,46.4,146.0,12.904301321472715,80.1273092344526,3.1800000000000037,0.0,3.1999999999999997,2.2300000000000013,0.4296723642249781,1,0,1,2004-04-28 09:00:00
769,7,24.2,33.8,155.0,13.091473901705942,80.19649094819064,6.5,0.0,4.899999999999999,4.23,0.81502874469581,1,0,1,2004-04-28 10:00:00
770,11,26.7,28.7,139.0,13.079330806829114,80.21490650440214,6.440000000000001,0.0,2.5,3.7200000000000006,0.7167628676757479,1,0,1,2004-04-28 11:00:00
771,11,27.4,28.2,121.0,13.015361178839926,80.10698798033285,4.66,0.0,0.6999999999999993,2.47,0.4759151298814776,1,0,1,2004-04-28 12:00:00
772,3,28.1,26.9,108.0,12.995050852189006,80.27014093107597,2.9600000000000044,0.0,0.7000000000000028,1.6200000000000028,0.3121386681813746,0,0,0,2004-04-28 13:00:00
773,4,27.7,26.5,126.0,13.005367594401216,80.13923508854593,0.879999999999999,0.0,0.4000000000000021,0.5199999999999999,0.1001926589224163,0,0,0,2004-04-28 14:00:00
774,16,28.4,23.4,145.0,12.9565088481887,80.21609302661908,0.740000000000002,0.0,0.6999999999999993,0.5100000000000009,0.0982658770200623,0,0,0,2004-04-28 15:00:00
775,19,28.4,26.0,121.0,12.920401521001644,80.27894507956545,0.3999999999999986,0.0,0.0,0.1999999999999993,0.038535638047083,0,0,0,2004-04-28 16:00:00
776,8,27.3,30.0,145.0,13.042950396924253,80.16162489811124,0.6799999999999997,0.0,1.099999999999998,0.5599999999999994,0.1078997865318329,0,0,0,2004-04-28 17:00:00
777,2,24.3,37.3,160.0,13.051043869344635,80.24361511814504,2.919999999999998,0.0,3.0,2.059999999999999,0.3969170718849569,1,0,1,2004-04-28 18:00:00
778,17,23.1,42.2,155.0,12.902372561721126,80.2585130233651,3.1999999999999997,0.0,1.1999999999999993,1.8399999999999996,0.3545278700331655,0,0,0,2004-04-28 19:00:00
779,13,21.8,43.6,162.0,13.06609532308548,80.13557414571704,3.179999999999996,0.0,1.3000000000000007,1.8499999999999983,0.3564546519355194,0,0,0,2004-04-28 20:00:00
780,13,19.8,46.8,129.0,12.91419081727317,80.131143906536,3.460000000000001,0.0,2.0,2.1300000000000003,0.4104045452014363,1,0,1,2004-04-28 21:00:00
781,3,19.6,49.8,96.0,12.947181823560047,80.2809407716286,2.119999999999997,0.0,0.1999999999999993,1.0999999999999983,0.2119460092589574,0,0,0,2004-04-28 22:00:00
782,10,17.9,56.2,92.0,13.043298183357871,80.2682425541963,2.539999999999999,0.0,1.7000000000000028,1.61,0.3102118862790199,0,0,0,2004-04-28 23:00:00
783,15,17.4,55.6,89.0,13.017710346185163,80.19314998185448,1.900000000000002,0.0,0.5,1.0500000000000012,0.2023120997471871,0,0,0,2004-04-29 00:00:00
784,9,16.8,59.5,61.0,13.045190208047991,80.15719167364588,1.4999999999999964,0.0,0.5999999999999979,0.8699999999999978,0.1676300255048115,0,0,0,2004-04-29 01:00:00
785,9,15.9,60.1,54.0,12.92896867008582,80.26090450660408,1.6199999999999992,0.0,0.9000000000000004,0.9899999999999995,0.1907514083330618,0,0,0,2004-04-29 02:00:00
786,19,13.3,67.0,57.0,12.963626698250144,80.2070598071549,2.9599999999999973,0.0,2.6,1.999999999999999,0.3853563804708319,1,0,1,2004-04-29 05:00:00
787,4,12.9,66.5,68.0,12.926066572566732,80.2581242356845,2.3599999999999994,0.0,0.4000000000000003,1.2599999999999998,0.2427745196966242,0,0,0,2004-04-29 06:00:00
788,17,14.8,61.3,95.0,13.077109316371237,80.25349918723481,0.0600000000000022,0.0,1.9000000000000004,0.4100000000000012,0.0789980579965208,0,0,0,2004-04-29 07:00:00
789,9,16.1,56.5,125.0,12.93154425850491,80.14392532408495,1.5000000000000018,0.0,1.3000000000000007,1.0100000000000011,0.1946049721377704,0,0,0,2004-04-29 08:00:00
790,16,18.6,47.8,135.0,13.08692069316381,80.15658543064065,3.4600000000000044,0.0,2.5,2.230000000000002,0.4296723642249783,1,0,1,2004-04-29 09:00:00
791,14,23.8,30.2,118.0,12.994000695320535,80.1315332179011,6.559999999999999,0.0,5.199999999999999,4.319999999999999,0.8323697818169974,1,0,1,2004-04-29 10:00:00
792,16,25.4,25.0,91.0,13.09266684891876,80.2313041248129,5.66,0.0,1.599999999999998,3.1499999999999995,0.6069362992415606,1,0,1,2004-04-29 11:00:00
793,12,25.6,25.5,89.0,12.943614778697786,80.23964668878475,3.700000000000003,0.0,0.2000000000000028,1.890000000000002,0.3641617795449368,0,0,0,2004-04-29 12:00:00
794,6,24.9,29.9,129.0,13.099398968516804,80.14800646352388,1.2399999999999984,0.0,0.7000000000000028,0.7599999999999998,0.1464354245789161,0,0,0,2004-04-29 13:00:00
795,11,22.4,37.9,122.0,13.096203185776014,80.1011594361005,2.02,0.0,2.5,1.5099999999999998,0.2909440672554782,0,0,0,2004-04-29 14:00:00
796,12,21.7,44.0,138.0,13.088117692189703,80.12589865806521,2.3000000000000007,0.0,0.6999999999999993,1.2900000000000005,0.2485548654036868,0,0,0,2004-04-29 15:00:00
797,1,21.4,44.4,136.0,12.9026011278239,80.16875783804747,1.7999999999999972,0.0,0.3000000000000007,0.9599999999999989,0.1849710626259992,0,0,0,2004-04-29 16:00:00
798,10,20.8,45.3,143.0,13.06689081999708,80.25404694338837,1.4399999999999975,0.0,0.5999999999999979,0.8399999999999984,0.1618496797977492,0,0,0,2004-04-29 17:00:00
799,19,20.2,48.6,145.0,12.92368428169586,80.25293223123712,1.099999999999998,0.0,0.6000000000000014,0.6699999999999993,0.1290943874577286,0,0,0,2004-04-29 18:00:00
800,9,20.2,50.8,146.0,13.08890431176332,80.29868356845864,0.6600000000000001,0.0,0.0,0.33,0.0635838027776873,0,0,0,2004-04-29 19:00:00
801,4,18.6,57.6,122.0,12.975141124679109,80.15880733962594,1.639999999999997,0.0,1.599999999999998,1.139999999999998,0.2196531368683739,0,0,0,2004-04-29 20:00:00
802,20,18.2,58.8,112.0,12.909774177861689,80.10564760296616,1.3999999999999986,0.0,0.4000000000000021,0.7799999999999997,0.1502889883836244,0,0,0,2004-04-29 21:00:00
803,9,17.8,61.0,102.0,13.095758000252635,80.18715390726544,1.1999999999999955,0.0,0.3999999999999986,0.6799999999999976,0.1310211693600824,0,0,0,2004-04-29 22:00:00
804,8,17.0,70.7,97.0,12.903549626957448,80.2710510921734,1.359999999999996,0.0,0.8000000000000007,0.8399999999999981,0.1618496797977491,0,0,0,2004-04-29 23:00:00
805,1,16.2,76.9,85.0,13.069064032007171,80.27130319908927,1.3599999999999994,0.0,0.8000000000000007,0.8399999999999999,0.1618496797977494,0,0,0,2004-04-30 00:00:00
806,18,15.7,78.6,76.0,12.92151523823556,80.1525113293818,1.2799999999999976,0.0,0.5,0.7399999999999988,0.1425818607742076,0,0,0,2004-04-30 01:00:00
807,3,15.7,78.4,74.0,13.001462185946243,80.28261599292502,0.7799999999999976,0.0,0.0,0.3899999999999988,0.075144494191812,0,0,0,2004-04-30 02:00:00
808,19,15.7,74.7,66.0,12.932786286441036,80.23790491165232,0.3599999999999959,0.0,0.0,0.1799999999999979,0.0346820742423744,0,0,0,2004-04-30 05:00:00
809,10,15.9,73.1,90.0,12.929117707859808,80.14938593710362,0.0600000000000022,0.0,0.200000000000001,0.0700000000000013,0.0134874733164793,0,0,0,2004-04-30 06:00:00
810,4,16.6,68.2,111.0,12.997781295973107,80.23286552589455,0.6800000000000033,0.0,0.7000000000000011,0.4800000000000018,0.092485531313,0,0,0,2004-04-30 07:00:00
811,17,18.7,57.6,103.0,13.076258093338843,80.22503504561897,2.18,0.0,2.099999999999998,1.5099999999999991,0.2909440672554781,0,0,0,2004-04-30 08:00:00
812,2,17.6,65.0,117.0,13.062507724387778,80.27822212992572,0.7000000000000028,0.0,1.099999999999998,0.570000000000001,0.1098265684341873,0,0,0,2004-04-30 09:00:00
813,15,16.3,73.2,116.0,13.022712073545144,80.23574540484395,0.7199999999999989,0.0,1.3000000000000007,0.6199999999999997,0.1194604779459579,0,0,0,2004-04-30 10:00:00
814,2,16.0,78.5,109.0,13.08823339588624,80.25738593661836,1.0399999999999991,0.0,0.3000000000000007,0.5799999999999997,0.1117533503365412,0,0,0,2004-04-30 11:00:00
815,3,17.3,72.4,116.0,13.06843397811634,80.16128083073393,0.120000000000001,0.0,1.3000000000000007,0.3200000000000007,0.0616570208753332,0,0,0,2004-04-30 12:00:00
816,13,19.4,60.9,115.0,13.085923533741434,80.27088985474457,2.0799999999999983,0.0,2.099999999999998,1.4599999999999986,0.2813101577437072,0,0,0,2004-04-30 13:00:00
817,5,21.4,50.9,94.0,13.096793584543247,80.21512576345862,3.3200000000000003,0.0,2.0,2.06,0.3969170718849572,1,0,1,2004-04-30 14:00:00
818,19,22.7,45.8,121.0,12.92834880320319,80.27904997791234,3.3400000000000034,0.0,1.3000000000000007,1.930000000000002,0.3718689071543534,0,0,0,2004-04-30 15:00:00
819,4,20.9,60.8,114.0,13.044447156536055,80.2181046048636,0.5600000000000023,0.0,1.8000000000000007,0.6400000000000012,0.1233140417506665,0,0,0,2004-04-30 16:00:00
820,9,21.0,54.3,110.0,13.049972617761108,80.28746780936459,0.0799999999999983,0.0,0.1000000000000014,0.0599999999999994,0.0115606914141248,0,0,0,2004-04-30 17:00:00
821,3,20.8,54.4,122.0,13.07535178498215,80.15253102156541,0.5599999999999952,0.0,0.1999999999999993,0.3199999999999974,0.0616570208753326,0,0,0,2004-04-30 18:00:00
822,8,19.8,58.6,135.0,13.015725048463652,80.1076523875238,1.2399999999999984,0.0,1.0,0.8199999999999992,0.157996115993041,0,0,0,2004-04-30 19:00:00
823,19,19.1,61.1,133.0,13.072334486628703,80.16128135570962,1.2199999999999989,0.0,0.6999999999999993,0.7499999999999993,0.1445086426765619,0,0,0,2004-04-30 20:00:00
824,3,18.2,65.4,110.0,12.974418546834409,80.15233839857143,1.5799999999999983,0.0,0.9000000000000021,0.9699999999999996,0.1868978445283535,0,0,0,2004-04-30 21:00:00
825,2,18.1,66.1,102.0,13.09882373891866,80.14844226666398,1.099999999999998,0.0,0.0999999999999978,0.5699999999999985,0.1098265684341868,0,0,0,2004-04-30 22:00:00
826,5,17.7,66.9,108.0,13.069874268787649,80.2387310643709,0.879999999999999,0.0,0.4000000000000021,0.5199999999999999,0.1001926589224163,0,0,0,2004-04-30 23:00:00
827,13,17.8,66.8,110.0,13.02281463376858,80.1322316696886,0.379999999999999,0.0,0.1000000000000014,0.2099999999999998,0.0404624199494373,0,0,0,2004-05-01 00:00:00
