id,node_id,temperature,humidity,aqi,latitude,longitude,temporal_score,spatial_score,rate_score,anomaly_score,confidence,anomaly_flag,ml_flag,true_label,timestamp
1,1,29.894603959201913,67.51641657499488,111.61341706967767,13.09847086612494,80.13626194079086,0.0,0.0,0.0,0.0,0.0,0,0,0,2026-04-05 13:11:27
2,2,31.143641491571266,68.05996910001609,104.80796734387633,12.964337493462965,80.10581968663138,0.0,1.2490375323693534,0.0,0.37471125971080604,0.12490333689247904,0,0,0,2026-04-05 13:11:27
3,3,29.791777812299703,61.273534786669146,104.25583549425069,13.097773155447362,80.24707536019372,0.0,0.7273449130868865,0.0,0.21820347392606596,0.07273424886119245,0,0,0,2026-04-05 13:11:27
4,4,29.627009163452346,66.89519433590252,98.0912973713545,13.010478890491848,80.2790514407914,0.0,0.6496652575719478,0.0,0.19489957727158433,0.06496630920283077,0,0,0,2026-04-05 13:11:27
5,5,33.60592207057507,55.13366535141124,118.99116007285662,12.99138746895214,80.17918407130294,0.0,3.384170532499894,0.0,1.0152511597499683,0.33841592519690544,0,0,1,2026-04-05 13:11:27
6,6,33.644450448366705,61.30567678685646,89.60174461651276,13.084875960521579,80.10429633651248,0.0,2.0963946079172886,0.0,0.6289183823751866,0.20963876199585554,0,0,1,2026-04-05 13:11:27
7,7,35.68275114952537,65.52689101565318,105.25663990407537,12.999726014994131,80.11311341317446,0.0,2.88474647935436,0.0,0.8654239438063079,0.28847368635648146,0,0,1,2026-04-05 13:11:27
8,8,29.027977244572536,61.703879370553125,81.58327937959348,12.949935158758409,80.22116861576465,0.0,2.430880330627024,0.0,0.7292640991881072,0.24308722277195982,0,0,0,2026-04-05 13:11:27
9,9,30.220747812045936,60.99273588115415,108.40673386014657,12.9087482360671,80.19770624844752,0.0,1.8336128351759544,0.0,0.5500838505527863,0.18336067231535438,0,0,0,2026-04-05 13:11:27
10,10,31.768709198410367,63.48571115966934,92.00677390990938,12.909465164245056,80.15899079096127,0.0,1.6379203490137872,0.0,0.4913761047041362,0.16379148892974896,0,0,0,2026-04-05 13:11:27
11,11,28.01949726780555,75.27661979852184,201.84358384060457,13.076929213315346,80.29256332083462,0.0,2.9887390809701544,0.0,0.8966217242910463,0.2988729118539759,0,0,1,2026-04-05 13:11:27
12,12,41.36023384367079,71.02888414965707,165.17441419778015,12.92391915987617,80.21550295829283,0.0,11.021089091994511,0.0,3.3063267275983534,1.0,1,0,1,2026-04-05 13:11:27
13,13,30.093311318370688,68.92197901591254,99.35704725019313,12.950987788209884,80.25075303846799,0.0,4.2661862513388655,0.0,1.2798558754016596,0.42661720307654294,0,0,0,2026-04-05 13:11:27
14,14,29.70842268101366,72.3227452851129,81.08467990830479,13.094559133644639,80.2191680386147,0.0,0.6528206075608018,0.0,0.19584618226824055,0.06528184314993635,0,0,0,2026-04-05 13:11:27
15,15,31.865664521884053,79.07192176706165,83.73861624855833,12.999450391709688,80.22431258349924,0.0,2.1167660098386327,0.0,0.6350298029515898,0.21167589539754528,0,0,0,2026-04-05 13:11:27
16,16,28.59714207840784,67.17178273588222,99.28273522074971,12.914657929426525,80.13858914449412,0.0,2.4472240889346843,0.0,0.7341672266804052,0.24472159315482456,0,0,0,2026-04-05 13:11:27
17,17,31.760612661085208,79.67215018113234,97.7025707705865,12.983278183240614,80.20320424018985,0.0,1.5609988956004592,0.0,0.4682996686801377,0.15609936922881515,0,0,0,2026-04-05 13:11:27
18,18,30.138555877708196,62.058725315990856,107.73586370133916,13.071278349446022,80.14335565320766,0.0,3.098013920327323,0.0,0.9294041760981969,0.3098003593648678,0,0,0,2026-04-05 13:11:27
19,19,30.158409821723787,64.91491615162583,115.82501937939298,13.017473117184707,80.22619453157766,0.0,1.2802860659310429,0.0,0.38408581977931283,0.12802817983250483,0,0,0,2026-04-05 13:11:27
20,20,28.663298045602083,79.72542460412949,87.35349656889856,12.974492425927098,80.25557281067697,0.0,1.6656863160070092,0.0,0.49970589480210276,0.16656807637377968,0,0,0,2026-04-05 13:11:27
21,1,28.234396084196813,70.64052705273929,106.84903711619553,13.09847086612494,80.13626194079086,0.0,2.9294135848327065,1.6602078750050993,0.9179242919675612,0.3059737440767068,0,0,0,2026-04-05 13:11:32
22,2,31.23520038809688,79.53117091340918,95.55481534317968,12.964337493462965,80.10581968663138,0.0,2.5397059604770065,0.09155889652561555,0.5262529714005244,0.17541707240993343,0,0,0,2026-04-05 13:11:32
23,3,29.41342955073588,63.21110995449852,113.02805889002761,13.097773155447362,80.24707536019372,0.0,0.8113018947320043,0.37834826156382206,0.2379300312591653,0.07930974605390158,0,0,0,2026-04-05 13:11:32
24,4,31.63235675569663,66.99737314550077,96.64631660983635,13.010478890491848,80.2790514407914,0.0,1.5587711367516046,2.0053475922442843,0.7128237457991777,0.23760712324264843,0,0,0,2026-04-05 13:11:33
25,5,33.04295486236917,62.21188292197079,92.56413795685201,12.99138746895214,80.17918407130294,0.0,1.781392527471489,0.5629672082058974,0.4688719471354773,0.1562901280780655,0,0,1,2026-04-05 13:11:33
26,6,34.61623135817097,51.60419085042595,119.70337664104966,13.084875960521579,80.10429633651248,0.0,3.9753435152637784,0.9717809098042665,0.9894248850136089,0.3298071956472175,0,0,1,2026-04-05 13:11:33
27,7,33.67472627286455,53.03532880650662,95.37095559164874,12.999726014994131,80.11311341317446,0.0,2.202489230139797,2.0080248766608264,0.8421028213601247,0.28070000478669227,0,0,1,2026-04-05 13:11:33
28,8,31.057604692135136,77.48544608108054,96.39573089346396,12.949935158758409,80.22116861576465,0.0,3.9899768314167248,2.0296274475626,1.203920855795865,0.4013056142465741,0,0,0,2026-04-05 13:11:33
29,9,30.148175288569877,60.51051352125819,82.25638062308407,12.9087482360671,80.19770624844752,0.0,4.580673956168887,0.07257252347605814,0.9306492959289892,0.3102153979250033,0,0,0,2026-04-05 13:11:33
30,10,30.3608587703601,64.71221735630232,170.00687461439378,12.909465164245056,80.15899079096127,0.0,4.325258415684392,1.407850428050267,1.1466217687469318,0.3822059822290365,0,0,1,2026-04-05 13:11:33
31,11,31.0456315728509,71.63037438734968,98.41481123362111,13.076929213315346,80.29256332083462,0.0,1.185378698932664,3.0261343050453497,0.8423026007956028,0.2807665977098752,0,0,0,2026-04-05 13:11:33
32,12,46.194820901987214,68.90228020665482,80.6039764320344,12.92391915987617,80.21550295829283,0.0,15.761790468961982,4.834587058316423,4.119275505455681,1.0,1,0,1,2026-04-05 13:11:33
33,13,29.584968768463067,69.53118171816425,89.39579658101277,12.950987788209884,80.25075303846799,0.0,6.3347195933524,0.5083425499076206,1.3686124286520043,0.45620262220859403,0,0,0,2026-04-05 13:11:33
34,14,31.360284119852174,68.3318872673872,89.72740152940145,13.094559133644639,80.2191680386147,0.0,1.1544604714153184,1.651861438838516,0.5612643820507669,0.18708750372524321,0,0,0,2026-04-05 13:11:33
35,15,30.598644278064523,70.360849767872,118.86450177744697,12.999450391709688,80.22431258349924,0.0,1.179183023941287,1.2670202438195304,0.4892406535521635,0.163079674251807,0,0,0,2026-04-05 13:11:33
36,16,30.919323429421873,70.79970956346796,113.27564596622975,12.914657929426525,80.13858914449412,0.0,0.5484965861962591,2.3221813510140343,0.5741355874420587,0.19137789122104884,0,0,0,2026-04-05 13:11:33
37,17,28.2199944256666,63.27301549703621,87.15255848388018,12.983278183240614,80.20320424018985,0.0,3.346406851856345,3.5406182354186093,1.3774050174549908,0.4591334753734123,0,0,0,2026-04-05 13:11:33
38,18,31.054351962198545,72.31941339329158,106.4450173327296,13.071278349446022,80.14335565320766,0.0,3.000736528213386,0.9157960844903492,0.7833065225407472,0.2611013038425696,0,0,0,2026-04-05 13:11:33
39,19,30.49041524927742,72.55026582539008,101.37467854165972,13.017473117184707,80.22619453157766,0.0,1.40192235202442,0.33200542755363216,0.34678555591561044,0.11559479998920351,0,0,0,2026-04-05 13:11:33
40,20,30.37968682556226,72.75580394087228,99.84500546886633,12.974492425927098,80.25557281067697,0.0,0.5638644587247773,1.7163887799601767,0.45605064773699083,0.15201637585774408,0,0,0,2026-04-05 13:11:33
41,1,28.574374956230926,60.375188528014064,94.46928456230346,13.09847086612494,80.13626194079086,0.0,3.769247523842971,0.3399788720341128,0.8218452791754168,0.27394751323342814,0,0,0,2026-04-05 13:11:38
42,2,28.816797495364206,63.42728107546989,118.4868376798698,12.964337493462965,80.10581968663138,0.0,2.8348386621846338,2.4184028927326757,1.050648310983462,0.350214936278033,0,0,0,2026-04-05 13:11:38
43,3,30.842395631157256,76.67798769883333,84.54996308960108,13.097773155447362,80.24707536019372,0.0,0.35770160408946694,1.4289660804213753,0.35733353690216846,0.11911078193144971,0,0,0,2026-04-05 13:11:39
44,4,31.297194841112034,74.48258311516372,115.0524411381511,13.010478890491848,80.2790514407914,0.0,0.8076127234773006,0.3351619145845959,0.2285549276123793,0.07618472192172003,0,0,0,2026-04-05 13:11:39
45,5,33.048716461410415,50.975205392253116,84.0068551577185,12.99138746895214,80.17918407130294,0.0,3.279031810407568,0.00576159904124296,0.6569586818897623,0.21898549734492959,0,0,1,2026-04-05 13:11:39
46,6,32.045834535286176,55.44727228562475,117.56493749774171,13.084875960521579,80.10429633651248,0.0,2.0306112965737504,2.5703968228847955,0.9202016238917092,0.3067328521877291,0,0,1,2026-04-05 13:11:39
47,7,43.05670684567912,50.76598358312699,169.71411753707952,12.999726014994131,80.11311341317446,0.0,12.0834182060214,9.381980572814577,4.293079755767195,1.0,1,0,1,2026-04-05 13:11:39
48,8,30.570740942417146,79.91132572342534,106.74030006640743,12.949935158758409,80.22116861576465,0.0,6.320199550091565,0.4868637497179904,1.3614126599619112,0.4538027073116127,0,0,0,2026-04-05 13:11:39
49,9,28.82969687268437,74.05689356835971,112.7359413736435,12.9087482360671,80.19770624844752,0.0,6.879109998903783,1.318478415885508,1.6395176829578584,0.546504072639044,0,0,0,2026-04-05 13:11:39
50,10,31.02694744108872,63.27614677664754,118.23726130269495,12.909465164245056,80.15899079096127,0.0,5.824249346989897,0.6660886707286195,1.2980676035437033,0.4326877588887048,0,0,0,2026-04-05 13:11:39
51,11,31.266997940988038,78.18240776269488,101.80205670918994,13.076929213315346,80.29256332083462,0.0,0.18269512960630507,0.2213663681371365,0.08081229954868832,0.026937343391751467,0,0,0,2026-04-05 13:11:39
52,12,31.069791260278148,64.67237357754125,95.78406082322978,12.92391915987617,80.21550295829283,0.0,1.4079890657566203,15.125029641709066,3.3066037414931375,1.0,1,0,0,2026-04-05 13:11:39
53,13,38.405482449703364,55.0684169354375,127.83157161615026,12.950987788209884,80.25075303846799,0.0,7.732076106950846,8.820513681240296,3.310517957638228,1.0,1,0,1,2026-04-05 13:11:39
54,14,28.788236606361195,69.10280225843061,98.28219138135316,13.094559133644639,80.2191680386147,0.0,2.078366334113042,2.572047513490979,0.9300827695208043,0.31002655641841337,0,0,0,2026-04-05 13:11:39
55,15,30.795169416796014,63.95619493634184,96.17282392463095,12.999450391709688,80.22431258349924,0.0,1.0984705832939217,0.19652513873149147,0.25899914440508265,0.08633276035915968,0,0,0,2026-04-05 13:11:39
56,16,28.304702497401554,74.00884472815137,118.90382877967252,12.914657929426525,80.13858914449412,0.0,1.2531114389775446,2.614620932020319,0.7735464741995728,0.25784796523997344,0,0,0,2026-04-05 13:11:39
57,17,31.767189217491477,65.07631666770057,108.99405216424472,12.983278183240614,80.20320424018985,0.0,1.149998439896244,3.5471947918248787,0.9394386463442246,0.3131451716308361,0,0,0,2026-04-05 13:11:39
58,18,29.24311170162069,65.04259411135129,111.40255520210447,13.071278349446022,80.14335565320766,0.0,5.76168490770456,1.8112402605778541,1.514585033656483,0.5048599950188443,0,0,0,2026-04-05 13:11:40
59,19,31.7965819587433,71.1528119822778,85.92953900647645,13.017473117184707,80.22619453157766,0.0,0.8159001387933825,1.3061667094658809,0.4244133696518527,0.1414706516484454,0,0,0,2026-04-05 13:11:40
60,20,30.95962596172154,63.25725456292776,85.48571578661486,12.974492425927098,80.25557281067697,0.0,2.6663993507372474,0.579939136159279,0.6492676973793052,0.21642184438695378,0,0,0,2026-04-05 13:11:40
61,1,29.41612138627366,68.50933369106825,99.5133869024405,13.09847086612494,80.13626194079086,0.0,1.1435358711926493,0.8417464300427326,0.3970564602470764,0.132351712243318,0,0,0,2026-04-05 13:11:45
62,2,29.24723255633932,60.42418225449698,108.02486941334755,12.964337493462965,80.10581968663138,0.0,5.510573077675656,0.43043506097511397,1.1882016277301541,0.3960658890237546,0,0,0,2026-04-05 13:11:45
63,3,31.205264213885087,64.92314107685719,91.95153192647707,13.097773155447362,80.24707536019372,0.0,1.0233596931616848,0.36286858272783107,0.2772456551779032,0.09241491034293327,0,0,0,2026-04-05 13:11:45
64,4,31.788252922788026,74.89860950223752,98.43505465046667,13.010478890491848,80.2790514407914,0.0,0.6100131676712574,0.4910580816759911,0.2202142498694497,0.07340450527479898,0,0,0,2026-04-05 13:11:45
65,5,33.485095516914676,57.063679532118016,92.6853573654246,12.99138746895214,80.17918407130294,0.0,2.0321153192377452,0.43637905550426126,0.4936988749484013,0.1645657430969901,0,0,1,2026-04-05 13:11:45
66,6,41.11763378549399,51.969577436426476,138.95078573698964,13.084875960521579,80.10429633651248,0.0,8.505035847759588,9.071799250207818,3.5153670195934814,1.0,1,0,1,2026-04-05 13:11:45
67,7,33.32037205686168,67.42748572824853,97.47055213756914,12.999726014994131,80.11311341317446,0.0,2.771707771938781,9.736334788817445,2.501608512151245,0.8338667244946667,0,0,1,2026-04-05 13:11:45
68,8,30.070345420651858,63.844625940259355,115.17689740449214,12.949935158758409,80.22116861576465,0.0,3.6771422218391385,0.500395521765288,0.8355075487208854,0.2785015879016688,0,0,0,2026-04-05 13:11:45
69,9,31.457152768893696,61.56063160715935,87.7460361089451,12.9087482360671,80.19770624844752,0.0,0.7347913948874544,2.6274558962093266,0.6724494582193563,0.22414907224287794,0,0,0,2026-04-05 13:11:45
70,10,31.275671458051402,63.30773069806478,204.71778760204236,12.909465164245056,80.15899079096127,0.0,1.1194434897551322,0.24872401696268298,0.27363350134356307,0.09121086307831076,0,0,1,2026-04-05 13:11:45
71,11,31.790564037487677,73.46905902220178,187.26103128668333,13.076929213315346,80.29256332083462,0.0,1.1966461231429075,0.5235660964996391,0.34404244392850936,0.11468043237472854,0,0,1,2026-04-05 13:11:46
72,12,29.856821552803346,76.67874201424323,83.33328465786741,12.92391915987617,80.21550295829283,0.0,3.4541719936129596,1.2129697074748016,0.9334283402175523,0.3111417429333743,0,0,0,2026-04-05 13:11:46
73,13,29.012925191978916,64.44112317055533,87.636399672005,12.950987788209884,80.25075303846799,0.0,1.2826724530799989,9.392557257724448,2.1350459421608896,0.711679608454935,0,0,0,2026-04-05 13:11:46
74,14,28.985954894294238,77.82236650559007,97.76870831493207,13.094559133644639,80.2191680386147,0.0,2.6115151757444495,0.1977182879330428,0.5618466927354985,0.1872816066398107,0,0,0,2026-04-05 13:11:46
75,15,39.38257776595467,56.43732367251649,171.41002665047384,12.999450391709688,80.22431258349924,0.0,7.874778719969233,8.587408349158657,3.2924374138255783,1.0,1,0,1,2026-04-05 13:11:46
76,16,28.6163640045962,64.7696106881229,108.52034379314776,12.914657929426525,80.13858914449412,0.0,2.0436549231652728,0.31166150719464625,0.47106328607198383,0.15702057195542143,0,0,0,2026-04-05 13:11:46
77,17,30.46004878780316,73.74479433077404,103.95058484956796,12.983278183240614,80.20320424018985,0.0,4.1124263581381095,1.3071404296883173,1.0839133575652855,0.36130324817760123,0,0,0,2026-04-05 13:11:46
78,18,29.018195308471782,61.60146192677827,92.34870223424676,13.071278349446022,80.14335565320766,0.0,5.599847101071329,0.22491639314890932,1.1649526988440477,0.38831627189377627,0,0,0,2026-04-05 13:11:46
79,19,30.3316667213893,61.303500476388926,99.37636940313897,13.017473117184707,80.22619453157766,0.0,3.269084117103823,1.464915237353999,0.9467998708915645,0.3155989049675049,0,0,0,2026-04-05 13:11:46
80,20,31.12002534445358,66.84834309368667,90.22783676534083,12.974492425927098,80.25557281067697,0.0,3.8064441659258264,0.16039938273204157,0.7933687097315736,0.264455355059341,0,0,0,2026-04-05 13:11:46
81,1,31.45727548268664,60.873467398574796,106.62326536627813,13.09847086612494,80.13626194079086,0.0,4.856919688471538,2.0411540964129813,1.379614756976904,0.4598700527587921,0,0,0,2026-04-05 13:11:51
82,2,30.467479312280258,61.1327404948574,102.46826937260263,12.964337493462965,80.10581968663138,0.0,1.8374000660122078,1.2202467559409378,0.6115293643906292,0.20384244198873644,0,0,0,2026-04-05 13:11:51
83,3,28.688851652472323,67.37188714156555,92.22031128040769,13.097773155447362,80.24707536019372,0.0,1.6805435652514156,2.516412561412764,0.8393912253328359,0.27979614245713713,0,0,0,2026-04-05 13:11:52
84,4,28.9004692886766,71.00189194984421,89.55795936497276,13.010478890491848,80.2790514407914,0.0,4.71095398858925,2.8877836341114254,1.519747524540135,0.506580819577313,0,0,0,2026-04-05 13:11:52
85,5,34.07712413388043,59.59630718144184,105.39254187221115,12.99138746895214,80.17918407130294,0.0,4.222662130214214,0.5920286169657558,0.962938149435994,0.3209783132176206,0,0,1,2026-04-05 13:11:52
86,6,36.6468226848486,58.55981722835604,96.05764184054857,13.084875960521579,80.10429633651248,0.0,5.381541735508567,4.470811100645392,1.9704705672307918,0.6568213330058206,0,0,1,2026-04-05 13:11:52
87,7,32.506855973711666,64.16605624993991,109.88739395803378,12.999726014994131,80.11311341317446,0.0,2.366101828946686,0.813516083150013,0.6359235824193399,0.2119738208937103,0,0,1,2026-04-05 13:11:52
88,8,28.83023078298715,66.46880171006173,107.29041332094648,12.949935158758409,80.22116861576465,0.0,0.9463677278746564,1.240114637664707,0.4372964731078727,0.14576500515260704,0,0,0,2026-04-05 13:11:52
89,9,37.2424194017999,69.21880142004834,142.48298493131898,12.9087482360671,80.19770624844752,0.0,7.2548448038526,5.785266632906204,2.608022287351761,0.8693378646577048,0,0,1,2026-04-05 13:11:52
90,10,28.17889534215336,61.357202225833284,108.21382765856373,12.909465164245056,80.15899079096127,0.0,3.7263063109131216,3.0967761158980416,1.3646164853622327,0.4548706455519257,0,0,0,2026-04-05 13:11:52
91,11,28.18318417598515,76.77558669074097,147.79338862453065,13.076929213315346,80.29256332083462,0.0,0.6752411024959031,3.607379861502526,0.856524192799686,0.2855071125761867,0,0,1,2026-04-05 13:11:52
92,12,30.179162358974395,66.96223522787909,102.74826777936212,12.92391915987617,80.21550295829283,0.0,3.1928085952694096,0.32234080617104865,0.7030298802880917,0.23434251228765626,0,0,0,2026-04-05 13:11:52
93,13,31.49757708172226,60.552151327114785,91.99314482168234,12.950987788209884,80.25075303846799,0.0,1.45443758625055,2.4846518897433434,0.7878178951987787,0.26260508971596047,0,0,0,2026-04-05 13:11:52
94,14,41.696178363531594,64.11730159931028,138.1578902472162,13.094559133644639,80.2191680386147,0.0,12.628277513582669,12.710223469237356,5.0677001965640045,1.0,1,0,1,2026-04-05 13:11:53
95,15,31.79955999814421,73.41374197917747,88.14874271203314,12.999450391709688,80.22431258349924,0.0,1.1623130469288643,7.58301776781046,1.749066162947865,0.5830201109155853,0,0,0,2026-04-05 13:11:53
96,16,28.96929477828362,78.47078217752255,100.82704863460202,12.914657929426525,80.13858914449412,0.0,3.520569531214393,0.35293077368741876,0.7747000609803624,0.2582324928851445,0,0,0,2026-04-05 13:11:53
97,17,28.513549648886325,72.11062568454886,115.10777172034211,12.983278183240614,80.20320424018985,0.0,3.0554219894509393,1.9464991389168347,1.000384225673555,0.3334602970235282,0,0,0,2026-04-05 13:11:53
98,18,30.093979165615956,68.07813515373415,110.86355009397263,13.071278349446022,80.14335565320766,0.0,3.4430055481330135,1.0757838571441738,0.9037578810554374,0.301251622846403,0,0,0,2026-04-05 13:11:53
99,19,30.24783147947554,69.9697327070593,116.44046511159848,13.017473117184707,80.22619453157766,0.0,1.3860680714119755,0.08383524191376068,0.2939806626651472,0.09799322757762381,0,0,0,2026-04-05 13:11:53
100,20,30.08393039263241,79.08297364923887,119.53402047118756,12.974492425927098,80.25557281067697,0.0,1.460991968082303,1.0360949518211697,0.4994173839806946,0.16647190642054346,0,0,0,2026-04-05 13:11:53
101,1,39.55907169723565,61.66505160172071,140.66066702728207,13.09847086612494,80.13626194079086,10.043717323517662,4.83814940343423,8.101796214549012,4.59673258830018,1.0,1,0,1,2026-04-05 13:11:58
102,2,30.08444706878142,64.09872563948265,99.10811236062594,12.964337493462965,80.10581968663138,0.09762317994897174,1.8143709740187017,0.3830322434988389,0.45900527949330255,0.15300124982693475,0,0,0,2026-04-05 13:11:58
103,3,30.192646831762552,71.77763697531927,104.86225665068677,13.097773155447362,80.24707536019372,0.20430305965250284,4.52272627841981,1.503795179290229,1.2461649034725086,0.41538691653444776,0,0,0,2026-04-05 13:11:59
104,4,29.95624847691183,79.45347547334525,109.82177644167515,13.010478890491848,80.2790514407914,0.6928081174332945,0.7541921465055559,1.0557791882352312,0.5005558904348164,0.16685140730691445,0,0,0,2026-04-05 13:11:59
105,5,35.89935622701168,50.39880567620473,99.29852804755862,12.99138746895214,80.17918407130294,2.4473936179817315,5.7123758515096545,1.8222320931312481,1.9964003125245269,0.6654645526263335,0,0,1,2026-04-05 13:11:59
106,6,34.003886377596736,64.50645227075161,92.67100151452759,13.084875960521579,80.10429633651248,1.6103081848365548,3.654040978501589,2.6429363072518655,1.5814570941180022,0.5271506075373089,0,0,1,2026-04-05 13:11:59
107,7,36.98961827734981,55.11797318199341,101.38322906418198,12.999726014994131,80.11311341317446,1.341335817621335,4.9636907902134615,4.482762303638147,2.157557782294589,0.7191835301530958,0,0,1,2026-04-05 13:11:59
108,8,29.59669666155135,72.38384155219201,100.99401490728238,12.949935158758409,80.22116861576465,0.3146831550014113,1.18883104341966,0.7664658785641976,0.4539960153970538,0.15133150069401563,0,0,0,2026-04-05 13:11:59
109,9,31.939426502113385,74.77479953186476,80.95042065449098,12.9087482360671,80.19770624844752,0.35978807331462903,2.6211750478870166,5.302992899686515,1.6567912041776323,0.5522618938528979,0,0,0,2026-04-05 13:11:59
110,10,28.250436795316876,71.33418077599067,113.34547572103077,12.909465164245056,80.15899079096127,2.271779646695915,2.11219108447359,0.07154145316351546,0.8911024368666042,0.297033155511683,0,0,0,2026-04-05 13:11:59
111,11,30.8725743683445,74.45959870087387,85.71600361522222,13.076929213315346,80.29256332083462,0.8113993693210411,4.1399524744005705,2.689390192359351,1.5281484072161926,0.5093811044683826,0,0,0,2026-04-05 13:11:59
112,12,31.543512968066462,78.47987420712145,94.17454945953361,12.92391915987617,80.21550295829283,4.188653015476309,0.7962219089687466,1.3643506090920674,1.2698451067074246,0.42328029130150385,0,0,0,2026-04-05 13:12:00
113,13,28.752095000218596,65.10406153184773,83.96415418736305,12.950987788209884,80.25075303846799,2.9667579618290603,1.6559516738648117,2.7454820815036634,1.473638343439507,0.4912111437760231,0,0,0,2026-04-05 13:12:00
114,14,28.8579977126522,62.95630106407502,105.90531019184152,13.094559133644639,80.2191680386147,3.249817620358371,1.5796865138753315,12.838180650879394,3.53353695702262,1.0,1,0,0,2026-04-05 13:12:00
115,15,28.742766699677063,69.6325347341163,102.33063075204618,12.999450391709688,80.22431258349924,4.145556496491629,1.0251485078481875,3.0567932984671486,1.6454996605613932,0.548498058526936,0,0,0,2026-04-05 13:12:00
116,16,28.007123728101746,79.22710552729802,103.8083013692532,12.914657929426525,80.13858914449412,1.074241629520472,2.0843130606354805,0.9621710501818725,0.824145148067565,0.2747141336420762,0,0,0,2026-04-05 13:12:00
117,17,30.901569998626798,65.63668545207518,117.8942423384204,12.983278183240614,80.20320424018985,0.7572910504402444,2.820487621470022,2.388020349740472,1.193159804330148,0.39771860904801914,0,0,0,2026-04-05 13:12:00
118,18,28.017940625899588,64.52800740971473,109.83369449617173,13.071278349446022,80.14335565320766,1.8916981772234465,8.832918158161146,2.076038539716368,2.5601309750201917,0.8533741470929069,0,0,0,2026-04-05 13:12:00
119,19,31.47658642475264,78.37287626873953,96.59233206390148,13.017473117184707,80.22619453157766,0.8716053786307718,1.567164061107216,1.2287549452770996,0.7335048770030175,0.24450081066497026,0,0,0,2026-04-05 13:12:00
120,20,31.04074739624117,63.19768203436863,107.55307780224551,12.974492425927098,80.25557281067697,0.799434082246794,2.0102279424255003,0.9568170036087587,0.7532958056562107,0.2510977648928539,0,0,0,2026-04-05 13:12:01
121,1,92.151470235874,76.7470618830978,80.34249737244066,13.09847086612494,80.13626194079086,60.962162974903066,61.85819533049116,52.59239853863835,35.08255136880652,1.0,1,0,1,2026-04-05 13:12:06
122,2,29.049747933760223,76.26810145345476,83.64391223683364,12.964337493462965,80.10581968663138,1.1160517849786622,3.2606018958971377,1.0346991350211958,1.0822705631793992,0.3607556518742935,0,0,0,2026-04-05 13:12:06
123,3,30.44738514912102,68.5621848883049,109.31336934410567,13.097773155447362,80.24707536019372,0.42499086706888534,1.014592643774641,0.2547383173584663,0.33886436564039857,0.11295441203209275,0,0,0,2026-04-05 13:12:06
124,4,31.561473309071857,66.79869225209823,115.62882943439854,13.010478890491848,80.2790514407914,1.0278847342989472,1.1414398021815668,1.605224832160026,0.754909873728108,0.2516357857900834,0,0,0,2026-04-05 13:12:06
125,5,36.29368614063885,54.46194967573645,90.04749106346289,12.99138746895214,80.17918407130294,2.433824595278608,5.9200450996200145,0.3943299136271676,1.7496399217051581,0.5832113631971754,0,0,1,2026-04-05 13:12:06
126,6,36.242411512826685,57.50206506425171,109.73375465447309,13.084875960521579,80.10429633651248,0.8966016478661487,21.626912124832515,2.238525135229949,4.952407781585722,1.0,1,0,1,2026-04-05 13:12:06
127,7,59.45534607960978,61.64036713226018,92.52411575158531,12.999726014994131,80.11311341317446,23.583507650277753,28.334887846176898,22.46572780225997,14.876824659742924,1.0,1,0,1,2026-04-05 13:12:07
128,8,29.252604663023856,66.44873244772843,99.91051892351669,12.949935158758409,80.22116861576465,0.606327961028672,1.480127767816936,0.3440919985274924,0.4861095454746201,0.1620359750382899,0,0,0,2026-04-05 13:12:07
129,9,31.79844782075585,60.27443546267272,116.31783910655736,12.9087482360671,80.19770624844752,0.15884471307131776,2.116263011953452,0.14097868135753444,0.48321728127646085,0.161071890185853,0,0,0,2026-04-05 13:12:07
130,10,30.65944762962294,72.59745400989226,118.8907817011555,12.909465164245056,80.15899079096127,0.515861128726133,1.5584631436992094,2.4090108343060628,0.8966670213462811,0.2988880108220576,0,0,0,2026-04-05 13:12:07
131,11,39.14617821862415,65.90390409265439,160.07341503722017,13.076929213315346,80.29256332083462,8.949769991380514,8.857226161675792,8.273603850279649,5.216120000667191,1.0,1,0,1,2026-04-05 13:12:07
132,12,31.900567196986938,76.13081781513453,118.00775450372672,12.92391915987617,80.21550295829283,3.1334899506431206,1.966184702320837,0.3570542289204752,1.0913457763768866,0.363780712856586,0,0,0,2026-04-05 13:12:07
133,13,28.180853697228482,61.65134182725514,117.15730187570932,12.950987788209884,80.25075303846799,3.0435396045143293,2.550452721522172,0.5712413029901136,1.2330467258053228,0.41101420522109017,0,0,0,2026-04-05 13:12:07
134,14,29.68311917604393,65.4541134605171,119.20284905507633,13.094559133644639,80.2191680386147,1.88305988690691,4.006930754788672,0.8251214633917314,1.3430224210174628,0.4476726480969939,0,0,0,2026-04-05 13:12:08
135,15,31.180880433445967,65.79324094698524,98.99354916277946,12.999450391709688,80.22431258349924,1.0165166799741208,0.23838315444354663,2.4381137337689047,0.7386027136373146,0.24620008387882525,0,0,0,2026-04-05 13:12:08
136,16,81.43728297816014,69.00641877419524,115.26492912488382,12.914657929426525,80.13858914449412,52.534957892124666,50.93473518344714,53.430159250058395,31.379970465126043,1.0,1,0,1,2026-04-05 13:12:08
137,17,35.907701680929485,59.48827815995704,140.55564892642673,12.983278183240614,80.20320424018985,5.6372075576695515,3.922634241699503,5.006131682302687,2.9131946963343482,0.9710616619059097,0,0,1,2026-04-05 13:12:08
138,18,29.540189058055724,67.70890832643349,80.49412807519944,13.071278349446022,80.14335565320766,0.054166715530069354,33.07622021804776,1.522248432156136,6.930527073146793,1.0,1,0,0,2026-04-05 13:12:08
139,19,29.510985633122274,60.60644632601544,89.1990819514556,13.017473117184707,80.22619453157766,1.2392629761047225,3.1987908704165995,1.965600791630365,1.2807309276303376,0.42690888618049194,0,0,0,2026-04-05 13:12:08
140,20,31.46609264416098,79.91883738666733,106.22060044600202,12.974492425927098,80.25557281067697,1.0915403164588042,1.927979712928212,0.425345247919811,0.6889730554613654,0.22965691963072304,0,0,0,2026-04-05 13:12:08
141,1,29.51831353210801,75.92264086938854,100.8722533530806,13.09847086612494,80.13626194079086,10.37987415384908,2.3035930502007695,62.63315670376599,15.063324781563168,1.0,1,0,0,2026-04-05 13:12:14
142,2,31.381076276903347,72.07788354935862,88.93104311327687,12.964337493462965,80.10581968663138,1.374712527447123,26.28403505041455,2.3313283431431238,5.998015184200959,1.0,1,0,0,2026-04-05 13:12:14
143,3,31.185935597801226,75.4519026363602,95.03004379834057,13.097773155447362,80.24707536019372,1.1028283347392502,3.7126696690863903,0.7385504486802077,1.1108096905011697,0.37026866260484786,0,0,0,2026-04-05 13:12:14
144,4,30.72449726685823,63.019053856830936,89.71569284094579,13.010478890491848,80.2790514407914,0.04406801575689556,0.8038300592088147,0.8369760422136281,0.3369748234358677,0.1123245667300668,0,0,0,2026-04-05 13:12:14
145,5,33.26581554405674,60.246828930426986,102.81898671780486,12.99138746895214,80.17918407130294,0.9417352292004395,2.8272170528059952,3.0278705965821047,1.359364575717708,0.4531200148391865,0,0,1,2026-04-05 13:12:14
146,6,34.26864884983149,60.43983868345492,119.78676606003879,13.084875960521579,80.10429633651248,1.2052469648242052,11.555164113092514,1.9737626629951919,2.9468347481823827,0.9822749751442104,0,0,1,2026-04-05 13:12:14
147,7,32.067667413024175,67.00090606034013,93.89595589232628,12.999726014994131,80.11311341317446,7.173243537776109,1.4707392073739491,27.387678666585607,7.206332282347134,1.0,1,0,1,2026-04-05 13:12:15
148,8,30.602242956350324,69.72485590928603,91.54967813897386,12.949935158758409,80.22116861576465,0.8299286124447498,3.008390741445872,1.3496382933264677,1.037591529443418,0.3458626902721717,0,0,0,2026-04-05 13:12:15
149,9,28.31773101299277,78.86924709914862,84.7548600064621,12.9087482360671,80.19770624844752,3.3445641965590944,2.7363549146606303,3.4807168077630806,1.912327183796561,0.6374402697979543,0,0,0,2026-04-05 13:12:15
150,10,31.003726456939468,61.394680071951896,115.25671222286971,12.909465164245056,80.15899079096127,0.786445509081787,18.005464235071614,0.34427882731652915,3.8272377142939864,1.0,1,0,0,2026-04-05 13:12:15
151,11,30.06700716207446,71.25752905133092,158.6643013498158,13.076929213315346,80.29256332083462,1.4079396353663896,0.7201021755136878,9.07917105654969,2.2414425734859535,0.7471450340118712,0,0,1,2026-04-05 13:12:15
152,12,29.530367716985594,70.28561887970218,113.267312236979,12.92391915987617,80.21550295829283,5.056048009124019,1.2113419877048888,2.370199480001343,1.7275178953660504,0.5758373789974202,0,0,0,2026-04-05 13:12:15
153,13,30.348490139048668,77.50646831837103,97.01903173291011,12.950987788209884,80.25075303846799,0.4411117906206705,0.7298259148256806,2.1676364418201857,0.6677148294533074,0.22257086791487607,0,0,0,2026-04-05 13:12:16
154,14,31.8020741568586,70.29614524429223,90.3987422766391,13.094559133644639,80.2191680386147,0.5049036491801715,1.5474313591926112,2.1189549808146673,0.83425799783749,0.2780850723289222,0,0,0,2026-04-05 13:12:16
155,15,28.456847156644187,69.97755431775082,104.89058649762518,12.999450391709688,80.22431258349924,3.5953332882081597,3.8380794960933926,2.72403327680178,2.0314892122206665,0.6771608135375103,0,0,0,2026-04-05 13:12:16
156,16,31.918070029257898,63.71696757994082,98.8902546539501,12.914657929426525,80.13858914449412,4.489249041366811,1.683892113646036,49.51921294890224,11.138470820783018,1.0,1,0,0,2026-04-05 13:12:16
157,17,28.119944113138033,67.4737389556024,82.8903333644067,12.983278183240614,80.20320424018985,2.955865375503258,2.655024439212385,7.787757567791452,2.679729476501419,0.893240181366535,0,0,0,2026-04-05 13:12:16
158,18,8.441625149162867,61.22441318950484,102.11105048384962,13.071278349446022,80.14335565320766,21.144992522204348,23.509918115825027,21.098563908892856,13.150694909384445,1.0,1,0,1,2026-04-05 13:12:16
159,19,28.092513806829203,75.65454953177232,117.97811267010377,13.017473117184707,80.22619453157766,2.4806972343828306,1.255114164485197,1.4184718262930716,1.0308566450322199,0.34361773628495235,0,0,0,2026-04-05 13:12:17
160,20,28.0771313165128,70.08793016660383,108.50291668000108,12.974492425927098,80.25557281067697,2.453355342112058,1.7253954341682582,3.388961327648179,1.5135424207856991,0.5045124585537045,0,0,0,2026-04-05 13:12:17
161,1,29.652004396272503,73.87965563739886,113.5673773408299,13.09847086612494,80.13626194079086,8.948699020453446,9.32569782041824,0.1336908641644925,3.681617541007236,1.0,1,0,0,2026-04-05 13:12:22
162,2,30.427357634622478,66.26048787981541,95.73009864659498,12.964337493462965,80.10581968663138,0.24915481923536476,1.235796998451369,0.9537186422808688,0.4877340919935205,0.16257748873954436,0,0,0,2026-04-05 13:12:22
163,3,29.747208945589904,61.329832274810926,89.68805451605142,13.097773155447362,80.24707536019372,0.4737518593144756,1.3431195221713175,1.4387266522113222,0.6511196067394232,0.21703914544932287,0,0,0,2026-04-05 13:12:22
164,4,28.227268447480608,79.40205360862934,86.6586378182998,13.010478890491848,80.2790514407914,2.4586693055903375,0.17149016026093022,2.4972288193776215,1.0254776570457778,0.34182474626610504,0,0,0,2026-04-05 13:12:23
165,5,33.48679649824911,65.77888093098159,108.54589947569428,12.99138746895214,80.17918407130294,0.6030373713580133,5.263694806045305,0.2209809541923704,1.2175426263191378,0.4058461892857483,0,0,1,2026-04-05 13:12:23
166,6,36.035486638191564,71.46679646709357,87.26566012980756,13.084875960521579,80.10429633651248,0.7122466941388979,12.648387652038382,1.7668377883600712,3.0254944269074704,1.0,1,0,1,2026-04-05 13:12:23
167,7,33.61663717058702,65.91726242104858,81.21938663146605,12.999726014994131,80.11311341317446,4.727618337991245,9.498044076575534,1.548969757562844,3.1549264344259247,1.0,1,0,1,2026-04-05 13:12:23
168,8,30.58681704684782,62.88553918847162,103.36510832259536,12.949935158758409,80.22116861576465,0.7107616263866525,1.2538830571237216,0.015425909502503998,0.3960141186025756,0.1320042661866379,0,0,0,2026-04-05 13:12:23
169,9,31.38272052029668,66.01099691451422,90.6022665284881,12.9087482360671,80.19770624844752,0.13849583531470344,1.0090834467057188,3.0649895073039097,0.8425137578648665,0.2808369831650116,0,0,0,2026-04-05 13:12:24
170,10,31.685468577079273,74.1160081074441,86.32758411034473,12.909465164245056,80.15899079096127,1.3698819405863745,0.8968167896849657,0.6817421201398055,0.5896881700822292,0.19656206815384922,0,0,0,2026-04-05 13:12:24
171,11,31.8206001856053,61.623593685119275,84.56197582646158,13.076929213315346,80.29256332083462,0.5216458425852473,1.8950830022955973,1.75359302353084,0.834064373682337,0.2780205311590085,0,0,0,2026-04-05 13:12:24
172,12,28.1430563878583,65.23808768808667,108.74043079257547,12.92391915987617,80.21550295829283,5.811353337110809,2.6296195142060874,1.387311329127293,1.965656836088838,0.655216761307075,0,0,0,2026-04-05 13:12:24
173,13,31.173004302631632,62.6336472173147,86.98501403573074,12.950987788209884,80.25075303846799,0.4385413467898793,2.237336052225325,0.8245141635829647,0.7000783125196337,0.23335865964434574,0,0,0,2026-04-05 13:12:24
174,14,90.30175166473889,70.91322680415136,105.24361411131771,13.094559133644639,80.2191680386147,58.941468200912944,60.414977352064085,58.49967750788029,35.57122461217146,1.0,1,0,1,2026-04-05 13:12:25
175,15,31.831377405173686,79.43286142761826,87.51821050227554,12.999450391709688,80.22431258349924,0.22861362134735685,3.734847659680341,3.3745302485294992,1.4675983059114395,0.48919780464446433,0,0,0,2026-04-05 13:12:25
176,16,28.507654515173243,63.4907602782881,89.23629353086028,12.914657929426525,80.13858914449412,7.338508425280622,2.6575277288262336,3.4104155140846544,2.6812903336383025,0.8937604653445497,0,0,0,2026-04-05 13:12:25
177,17,28.156516769628205,71.23807393350833,112.26631521281323,12.983278183240614,80.20320424018985,2.5498095470751814,3.8118135471286685,0.03657265649017205,1.2796391501388045,0.42654496156306293,0,0,0,2026-04-05 13:12:25
178,18,31.7749280145284,78.99867214031254,93.96028834924596,13.071278349446022,80.14335565320766,4.831434408436728,2.7417304659925605,23.333302865365532,6.181293547958964,1.0,1,0,0,2026-04-05 13:12:25
179,19,31.73677189650923,76.67743798545209,108.53735879541658,13.017473117184707,80.22619453157766,1.4736480095950455,2.4448337385139696,3.644258089680026,1.5125479675578082,0.5041809752493519,0,0,0,2026-04-05 13:12:26
180,20,28.18923674632265,60.31826378600457,107.1611611049198,12.974492425927098,80.25557281067697,2.0345804945382078,3.007829505228397,0.11210542980984783,1.0309030859152906,0.3436332165277084,0,0,0,2026-04-05 13:12:26
181,1,30.50521049888458,64.24624408225365,82.35376985831824,13.09847086612494,80.13626194079086,7.101193026679873,22.198844940268373,0.8532061026120772,6.030648813912064,1.0,1,0,0,2026-04-05 13:12:31
182,2,31.46805743199431,65.302062534814,109.86015338288672,12.964337493462965,80.10581968663138,1.2621707478032675,1.7754646001662462,1.0406997973718326,0.8156670290682693,0.2718881033957451,0,0,0,2026-04-05 13:12:31
183,3,28.897188541573456,77.72091319812021,88.1233445328746,13.097773155447362,80.24707536019372,1.2711331678515414,22.389186040711014,0.8500204040164476,4.902067922515801,1.0,1,0,0,2026-04-05 13:12:32
184,4,30.335156154914912,73.85766327348814,89.5563589492358,13.010478890491848,80.2790514407914,0.07759611975710357,1.6812521334817845,2.1078877074343048,0.7733471921346387,0.2577815381064192,0,0,0,2026-04-05 13:12:32
185,5,33.97208131014639,58.54413615737026,119.95431560703972,12.99138746895214,80.17918407130294,0.05074840708761741,3.397192619709353,0.4852848118972801,0.7866451677388502,0.2622141818656772,0,0,1,2026-04-05 13:12:32
186,6,32.24702572052691,71.23187687286168,118.13192700465741,13.084875960521579,80.10429633651248,3.1553527450967422,1.1945081259003179,3.7884609176646507,1.6276643577323422,0.5425529774008561,0,0,1,2026-04-05 13:12:32
187,7,37.36939598858966,70.50663713068066,102.05933512664626,12.999726014994131,80.11311341317446,0.4495685935451377,4.964373736366625,3.75275881800264,1.8333402295828805,0.6111113728230507,0,0,1,2026-04-05 13:12:32
188,8,30.719907987731787,71.51205576843671,82.22229045986812,12.949935158758409,80.22116861576465,0.7648790532276593,1.8644463776256377,0.13309094088396733,0.5524832743474529,0.18416047758089238,0,0,0,2026-04-05 13:12:33
189,9,31.809945882262756,64.89980176027237,83.41142225373464,12.9087482360671,80.19770624844752,0.5503327711347055,1.6271348980396354,0.42722536196607663,0.5209386062280835,0.17364562325728364,0,0,0,2026-04-05 13:12:33
190,10,30.755585780840196,60.4419954445938,88.40290590627426,12.909465164245056,80.15899079096127,0.28779003983770224,1.9716069200238024,0.9298827962390774,0.6378559512201165,0.21261794168023324,0,0,0,2026-04-05 13:12:33
191,11,29.89530856851781,79.89760136591862,165.1772854328215,13.076929213315346,80.29256332083462,1.4616064236783863,20.61480356985418,1.9252916170874919,4.800340322124011,1.0,1,0,1,2026-04-05 13:12:33
192,12,28.654479099418694,65.56284475156681,89.75067164118275,12.92391915987617,80.21550295829283,4.654224699204775,2.5798069581233647,0.5114227115603924,1.5490908737777063,0.5163619033862241,0,0,0,2026-04-05 13:12:34
193,13,30.613416485444986,64.80268631336293,114.0255196330832,12.950987788209884,80.25075303846799,0.16977328670675718,1.4965362091451435,0.559587817186646,0.44517946260770935,0.14839265956037126,0,0,0,2026-04-05 13:12:34
194,14,30.924577663792697,70.84917166862414,92.66349543844353,13.094559133644639,80.2191680386147,6.984757822356912,1.2896174834035534,59.37717400094619,13.530309861341333,1.0,1,0,0,2026-04-05 13:12:34
195,15,29.759252929898604,79.45502014550013,115.63760930949671,12.999450391709688,80.22431258349924,1.868912367410772,1.7167571034856597,2.072124475275082,1.1315587892343029,0.3771850057947483,0,0,0,2026-04-05 13:12:34
196,16,28.59426568834187,77.30195888602245,112.69558700936551,12.914657929426525,80.13858914449412,6.436507427080812,2.7502640100238835,0.08661117316862743,1.8546765220546648,0.6182234466067329,0,0,0,2026-04-05 13:12:34
197,17,29.91709669463941,68.39498346278386,102.24766403350851,12.983278183240614,80.20320424018985,0.5059174501667272,1.671879891113388,1.760579925011207,0.7876754532582645,0.26255760922739074,0,0,0,2026-04-05 13:12:35
198,18,28.84096905931138,79.67506145249011,117.24503486122288,13.071278349446022,80.14335565320766,1.3606494078378546,4.532908343355671,2.933958955217019,1.765503341282109,0.5884991520968627,0,0,0,2026-04-05 13:12:35
199,19,29.04109182237352,68.3677477887699,84.57956603121187,13.017473117184707,80.22619453157766,1.3857707322734463,0.8153403519472823,2.6956800741357085,0.9793582316712874,0.3264516557182434,0,0,0,2026-04-05 13:12:35
200,20,30.70103800223051,76.10782648706126,108.52415441497192,12.974492425927098,80.25557281067697,0.7032852607627902,0.34942552487290257,2.511801255907862,0.712902408308711,0.237633343991757,0,0,0,2026-04-05 13:12:35
201,1,31.55606470293077,65.2875687784914,89.11320273545462,13.09847086612494,80.13626194079086,5.3402195199657,1.3458479001178685,1.050854204046189,1.5473843248259513,0.5157930556317983,0,0,0,2026-04-05 13:12:41
202,2,30.33172307835516,77.30358339916742,90.27517720465731,12.964337493462965,80.10581968663138,0.00038068061621387983,3.066331000910941,1.1363343536391497,0.8406092070332609,0.2802021350039703,0,0,0,2026-04-05 13:12:41
203,3,29.997093357009582,66.69603690872594,116.5923675198489,13.097773155447362,80.24707536019372,0.04411503563025576,0.6617568766369833,1.0999048154361262,0.3611553455406731,0.12038471389784469,0,0,0,2026-04-05 13:12:41
204,4,29.174787321730662,62.291856414292404,95.48996302977123,13.010478890491848,80.2790514407914,1.230205340965643,0.7481372626749779,1.1603688331842505,0.6277422873649743,0.20924673163255264,0,0,0,2026-04-05 13:12:41
205,5,36.44595241911453,69.46393348441823,83.87138552078707,12.99138746895214,80.17918407130294,2.428197542589281,6.873471936810688,2.47387110896814,2.355108117673622,0.7850334224464658,0,0,1,2026-04-05 13:12:42
206,6,33.56011964025235,68.56243516777641,85.15479600481312,13.084875960521579,80.10429633651248,1.5267235508616253,3.5108272888666208,1.3130939197254392,1.270128951890737,0.4233749060472255,0,0,1,2026-04-05 13:12:42
207,7,32.598046799895094,72.5674179631572,115.19021275263373,12.999726014994131,80.11311341317446,5.175960922885189,3.290435693781029,4.771349188694565,2.6475491610721567,0.8825134453125678,0,0,1,2026-04-05 13:12:42
208,8,28.033407154733652,66.27660550366824,108.30033230840782,12.949935158758409,80.22116861576465,1.9981096850932438,1.694923605100712,2.686500832998135,1.2759068246384182,0.4253008572099487,0,0,0,2026-04-05 13:12:42
209,9,28.278274322840524,66.80409613135302,100.03699513756322,12.9087482360671,80.19770624844752,3.0363720654009967,1.0327944675615714,3.5316715594222323,1.5201676184769601,0.5067208504228187,0,0,0,2026-04-05 13:12:43
210,10,30.04487659212458,70.63324227353928,81.59449529605689,12.909465164245056,80.15899079096127,0.45169815286168813,1.535870221924218,0.7107091887156152,0.5396555127003043,0.17988457128486382,0,0,0,2026-04-05 13:12:43
211,11,29.34140131217689,61.545740387104146,81.78332043858124,13.076929213315346,80.29256332083462,1.8693530376514644,0.8018274622982418,0.5539072563409171,0.6450175512581247,0.21500513373559577,0,0,0,2026-04-05 13:12:43
212,12,30.274272334338796,66.17346801380344,119.89880324499099,12.92391915987617,80.21550295829283,2.5690089943641965,1.5253357807365358,1.6197932349201025,1.142827602004167,0.380941264197175,0,0,0,2026-04-05 13:12:44
213,13,28.808895897749437,65.12248201070851,109.09362782333348,12.950987788209884,80.25075303846799,1.9573165457316293,1.3776690946954062,1.8045205876955492,1.0279012456245171,0.34263260643281757,0,0,0,2026-04-05 13:12:44
214,14,41.57648213699515,54.287160262799574,142.52113286070937,13.094559133644639,80.2191680386147,4.365622433081235,12.116619973141823,10.651904473202457,5.426829375885104,1.0,1,0,1,2026-04-05 13:12:44
215,15,28.23993484564661,77.21743357910232,108.68069019931451,12.999450391709688,80.22431258349924,3.2013392149216884,1.6464739941012059,1.5193180842519958,1.273426258654978,0.42447400463831053,0,0,0,2026-04-05 13:12:44
216,16,29.93645084356747,64.40588158606178,115.57040047379841,12.914657929426525,80.13858914449412,4.450671529147122,0.7206248346905824,1.3421851552256001,1.302696303812661,0.43423065383537424,0,0,0,2026-04-05 13:12:45
217,17,31.949726240859203,70.43967178233379,84.9900677937497,12.983278183240614,80.20320424018985,1.5773038410697389,4.040778886531158,2.032629546219791,1.5301424547641376,0.5100457847687633,0,0,0,2026-04-05 13:12:45
218,18,31.388002158789526,65.70951794873137,109.40883872863748,13.071278349446022,80.14335565320766,3.771617566532214,1.1834082222365463,2.5470330994781456,1.5004117776493815,0.5001355920978202,0,0,0,2026-04-05 13:12:45
219,19,31.492423394830794,78.99206547191073,116.1029072411149,13.017473117184707,80.22619453157766,1.2041379134111736,1.5003922626042925,2.451331572457274,1.0311723496945482,0.3437229708216133,0,0,0,2026-04-05 13:12:45
220,20,30.39250267557488,70.54210962340784,111.50708682103655,12.974492425927098,80.25557281067697,0.32442140803088293,2.031756709531649,0.30853532665562966,0.5329426888436324,0.17764697079130815,0,0,0,2026-04-05 13:12:46
221,1,31.16400851348764,70.1492594421295,106.58151969724369,13.09847086612494,80.13626194079086,5.246801207593766,4.344192798524703,0.39205618944312803,1.9966100391123196,0.6655344612559023,0,0,0,2026-04-05 13:12:51
222,2,29.91737193723822,78.44795128789971,116.84394807539493,12.964337493462965,80.10581968663138,0.41469721440440566,0.9424194746241632,0.41435114111694205,0.35429356602910217,0.11809746168482843,0,0,0,2026-04-05 13:12:51
223,3,28.824138925348606,68.70332082588047,111.57359502580351,13.097773155447362,80.24707536019372,1.2130590095066687,5.31263002265234,1.1729544316609761,1.539728692763997,0.5132411867840431,0,0,0,2026-04-05 13:12:52
224,4,51.86225106704197,66.01812319225006,116.05770099603433,13.010478890491848,80.2790514407914,21.569095253524356,21.820630761691206,22.687463745311305,13.215437952105374,1.0,1,0,1,2026-04-05 13:12:52
225,5,33.31206889361927,65.63957279257717,114.94593266020821,12.99138746895214,80.17918407130294,0.9264312140504671,2.751374066507067,3.133883525495264,1.3623377612105598,0.4541110733666087,0,0,1,2026-04-05 13:12:52
226,6,35.627212701357,51.64543477063409,106.34414369958998,13.084875960521579,80.10429633651248,0.6791625603213518,3.9105268772995827,2.06709306110465,1.3313564997451168,0.44378402063497013,0,0,1,2026-04-05 13:12:52
227,7,34.25490562669484,55.89713224699109,109.05809040604112,12.999726014994131,80.11311341317446,3.0485601940049705,2.7157579634791715,1.6568588267997484,1.4842353968567783,0.494743483140649,0,0,1,2026-04-05 13:12:53
228,8,31.308073199505756,67.17586914551968,88.7618861794123,12.949935158758409,80.22116861576465,1.458202694687337,1.3915437360922418,3.274666044772104,1.2248824951103368,0.40829280406076535,0,0,0,2026-04-05 13:12:53
229,9,31.279825882584834,70.30759240238726,107.00271701204053,12.9087482360671,80.19770624844752,0.24121331847067395,0.7562500518757377,3.0015515597443105,0.7998029860181446,0.2666001066723593,0,0,0,2026-04-05 13:12:53
230,10,28.188161505867654,60.33203168248102,194.77838239847443,12.909465164245056,80.15899079096127,2.2673497706766454,2.308688180962713,1.8567150862569264,1.286550607579257,0.4288487730305089,0,0,1,2026-04-05 13:12:54
231,11,31.99234581990487,65.72811869876872,119.26556444553367,13.076929213315346,80.29256332083462,0.9515326553175569,10.874082819594548,2.650944507727978,2.895311996528017,0.9651007818400662,0,0,0,2026-04-05 13:12:54
232,12,29.35694670121931,71.09703540422477,88.72883760876782,12.92391915987617,80.21550295829283,3.252788355268752,1.4740188277072808,0.9173256331194857,1.1288265632191037,0.3762742668254785,0,0,0,2026-04-05 13:12:54
233,13,11.874300942888016,63.19537768435686,98.99525710891912,12.950987788209884,80.25075303846799,18.713973632799267,18.4782065825453,16.93459495486142,10.825355034041198,1.0,1,0,1,2026-04-05 13:12:55
234,14,28.11104677357158,77.97289910429014,99.83348312206758,13.094559133644639,80.2191680386147,9.496687696986086,2.6585892731231766,13.465435363423573,5.124142466706568,1.0,1,0,0,2026-04-05 13:12:55
235,15,28.56045523706117,78.19451217168094,84.7504403202585,12.999450391709688,80.22431258349924,2.5897879857869768,2.717762200027123,0.32052039141456135,1.1256141154457324,0.3752034544703959,0,0,0,2026-04-05 13:12:55
236,16,28.40659741889626,70.24436808958635,97.74270850585707,12.914657929426525,80.13858914449412,5.575918451168597,1.5341462983530458,1.5298534246712094,1.7279836348385706,0.5759926249707736,0,0,0,2026-04-05 13:12:56
237,17,30.81400872450654,74.63123757833372,102.92845501537518,12.983278183240614,80.20320424018985,0.2981950664380051,1.748559377185772,1.1357175163526634,0.6364943919952881,0.21216409011812898,0,0,0,2026-04-05 13:12:56
238,18,29.545937523322966,76.81394480584142,99.80348681517242,13.071278349446022,80.14335565320766,1.5866786068354521,4.136104757190196,1.84206463546656,1.5129695998984418,0.5043215188944176,0,0,0,2026-04-05 13:12:56
239,19,30.35418766376355,74.0436940848885,100.83512651121012,13.017473117184707,80.22619453157766,0.04356490069344687,0.7639561664189003,1.138235731067244,0.3891513596359183,0.12971668748968113,0,0,0,2026-04-05 13:12:57
240,20,28.275986316926254,78.08114560014735,89.90792342789194,12.974492425927098,80.25557281067697,1.821587805893273,6.572747058917552,2.116516358648628,2.102170244691891,0.7007210791603664,0,0,0,2026-04-05 13:12:57
241,1,39.733476585913806,60.48240637425102,138.71411046125652,13.09847086612494,80.13626194079086,3.7599002987985486,8.63874425316329,8.569468072426165,4.1936225248776005,1.0,1,0,1,2026-04-05 13:13:02
242,2,28.545449521995987,62.51369353678625,84.29128293935324,12.964337493462965,80.10581968663138,1.7520615284462693,2.0685320746423046,1.3719224152422314,1.038503203666161,0.3461665806667848,0,0,0,2026-04-05 13:13:02
243,3,28.155687866585584,64.41655244928258,118.34807881577396,13.097773155447362,80.24707536019372,1.7804218174774675,2.026599614503752,0.6684510587630221,0.8950944981488484,0.29836383817015555,0,0,0,2026-04-05 13:13:03
244,4,31.795976874537697,61.6081813958707,84.47599625064373,13.010478890491848,80.2790514407914,0.29460354344027806,2.732433801954039,20.06627419250427,4.618662307579718,1.0,1,0,0,2026-04-05 13:13:03
245,5,31.366244461482317,59.74466120216227,88.85829949797858,12.99138746895214,80.17918407130294,2.7950530450165445,1.4566939197052307,1.945824432136952,1.2395142793717455,0.4131700492237511,0,0,1,2026-04-05 13:13:04
246,6,37.03737648579796,73.75002662673441,116.56703621637652,13.084875960521579,80.10429633651248,2.0327294647355245,4.323336640564651,1.4101637844409538,1.5532459779482262,0.5177469334929637,0,0,1,2026-04-05 13:13:04
247,7,36.01130787848969,59.34761518058242,90.52805918271737,12.999726014994131,80.11311341317446,1.0381112593763717,6.192097376222598,1.7564022517948459,1.7973221774787633,0.5991053954749361,0,0,1,2026-04-05 13:13:04
248,8,30.720510645557603,73.8808245792105,106.08682252398037,12.949935158758409,80.22116861576465,0.7491232495152396,6.767757241985605,0.5875625539481533,1.6208886090897998,0.5402944020485931,0,0,0,2026-04-05 13:13:05
249,9,31.78567074078155,73.946124118235,106.7900283185073,12.9087482360671,80.19770624844752,0.7269570667948351,2.3637977899000284,0.505844858196717,0.7193199429783161,0.23977251508438843,0,0,0,2026-04-05 13:13:05
250,10,31.398754095498383,63.190289499665454,174.22753490829217,12.909465164245056,80.15899079096127,1.1321886331771331,1.806960238721454,3.2105925896307284,1.2299482923058633,0.4099813974972961,0,0,1,2026-04-05 13:13:05
251,11,28.606099635393246,64.23855618627776,80.32373122367669,13.076929213315346,80.29256332083462,2.5140079171371994,1.378447289924593,3.3862461845116236,1.4557402783146833,0.48524514195442126,0,0,0,2026-04-05 13:13:06
252,12,31.756495473689828,63.54479053899765,91.86688984842257,12.92391915987617,80.21550295829283,0.5821738865258403,6.982451542008587,2.399548772470517,1.992834840200989,0.6642760658134436,0,0,0,2026-04-05 13:13:06
253,13,28.24671176317607,69.69000217297116,102.96657979762662,12.950987788209884,80.25075303846799,0.7820650097779378,2.0042857155484923,16.372410820288053,3.831752309122897,1.0,1,0,0,2026-04-05 13:13:06
254,14,31.43135144012122,70.24657186140281,80.01560645733456,13.094559133644639,80.2191680386147,5.384992389020937,2.392693051540425,3.3203046665496387,2.2195980214222004,0.7398635409289304,0,0,0,2026-04-05 13:13:07
255,15,30.709870497689593,63.58727727303155,84.23321019265781,12.999450391709688,80.22431258349924,0.2245570596763038,0.9645684138354428,2.149415260628423,0.667708146828034,0.22256864038054341,0,0,0,2026-04-05 13:13:07
256,16,29.30381860595831,71.85490032358481,97.19619835460966,12.914657929426525,80.13858914449412,4.214037393175833,1.7783855694418793,0.8972211870620477,1.3779288299359518,0.45930807895172077,0,0,0,2026-04-05 13:13:07
257,17,29.800707703260194,66.40752517938822,82.02799919747626,12.983278183240614,80.20320424018985,0.7399555436781711,1.1315008316496435,1.0133010212463454,0.576951479314832,0.19231651871654828,0,0,0,2026-04-05 13:13:08
258,18,31.98820605851247,66.16456716451098,90.98383813081215,13.071278349446022,80.14335565320766,3.8967239247886702,5.605847591554679,2.4422685351895055,2.388968010306571,0.796320015702138,0,0,0,2026-04-05 13:13:08
259,19,31.487103334311982,71.59561152561001,90.53402232945739,13.017473117184707,80.22619453157766,1.0929811782461023,1.8915818283533017,1.1329156705484316,0.8234957354295672,0.27449766348431076,0,0,0,2026-04-05 13:13:08
260,20,28.939388472042406,63.68140171542636,110.36455139840511,12.974492425927098,80.25557281067697,1.006386666952686,1.41476030267624,0.6634021551161524,0.6169098249490157,0.20563592286326235,0,0,0,2026-04-05 13:13:09
261,1,28.706767697870106,79.3491402137486,119.8504510611717,13.09847086612494,80.13626194079086,7.556031689152725,4.77887696360711,11.0267088880437,4.672323508160707,1.0,1,0,0,2026-04-05 13:13:14
262,2,29.816266389341877,72.51068417816946,86.28809883911455,12.964337493462965,80.10581968663138,0.34647069737373926,2.7633256595626285,1.2708168673458893,0.8761226448564514,0.2920399081524566,0,0,0,2026-04-05 13:13:15
263,3,28.057025320827236,68.87694270255832,89.57369024094304,13.097773155447362,80.24707536019372,1.742128838814466,2.451159482448246,0.09866254575834787,0.8583901734042121,0.2861291040377239,0,0,0,2026-04-05 13:13:15
264,4,30.667067627016234,70.01495750360797,89.98371178917246,13.010478890491848,80.2790514407914,1.4008509799278777,0.8635059109809783,1.128909247521463,0.6786532276860638,0.22621698850539293,0,0,0,2026-04-05 13:13:15
265,5,31.945877758953497,59.14149087051785,108.97510005539269,12.99138746895214,80.17918407130294,2.0004156671594764,1.2799839138662403,0.5796332974711795,0.7720065756993792,0.25733466745090156,0,0,1,2026-04-05 13:13:16
266,6,35.715930560534474,66.1398648972026,105.0951034080671,13.084875960521579,80.10429633651248,0.5549197344923869,3.6774215608805285,1.3214459252634825,1.1107574441272796,0.37025124720493585,0,0,1,2026-04-05 13:13:16
267,7,35.06809963622929,65.69218403622784,97.63543148022427,12.999726014994131,80.11311341317446,1.9014647893770515,3.8179829006266766,0.9432082422603969,1.332531186452825,0.4441755815656698,0,0,1,2026-04-05 13:13:16
268,8,28.040979088249205,62.53142247048084,110.79333122445387,12.949935158758409,80.22116861576465,1.9880331731404866,1.8936592251261584,2.6795315573083975,1.3122447911150086,0.43741347232676175,0,0,0,2026-04-05 13:13:17
269,9,31.619986784083874,62.69084822390493,94.6140248269557,12.9087482360671,80.19770624844752,0.5053533357283264,1.312249691342038,0.1656839566976771,0.39665739675360834,0.13221869152223104,0,0,0,2026-04-05 13:13:17
270,10,30.188480546688016,63.47317060344886,114.93991437614832,12.909465164245056,80.15899079096127,0.16517634895454947,1.2947277017091257,1.2102735488103669,0.5340355198948084,0.17801124659411413,0,0,0,2026-04-05 13:13:18
271,11,28.56517807705433,69.62948663618556,157.28096959291352,13.076929213315346,80.29256332083462,2.361544251080943,1.8254052230852953,0.04092155833891553,0.8455742065010308,0.2818571293099125,0,0,1,2026-04-05 13:13:18
272,12,31.77644372986165,70.06716347834188,103.68966083025433,12.92391915987617,80.21550295829283,0.5174430236981884,2.4738845180252675,0.01994825617182272,0.6022551595790558,0.20075105068951632,0,0,0,2026-04-05 13:13:18
273,13,29.11295603723738,60.075290444806285,96.90889566877058,12.950987788209884,80.25075303846799,0.14433811118937,1.3030107356024736,0.8662442740613123,0.4627186241706312,0.15423902726011954,0,0,0,2026-04-05 13:13:19
274,14,31.933497642672886,69.84147118375958,107.59888108701263,13.094559133644639,80.2191680386147,4.468616002698429,2.5637287319417035,0.5021462025516676,1.50689818743836,0.5022977214870483,0,0,0,2026-04-05 13:13:19
275,15,30.305562235482395,77.02708145152542,96.72070645503022,12.999450391709688,80.22431258349924,0.6115917019084058,1.0175231314972588,0.4043082622071985,0.40668461912257264,0.13556108783723142,0,0,0,2026-04-05 13:13:20
276,16,31.69702144104971,65.84435508182393,119.20226462575495,12.914657929426525,80.13858914449412,1.4966778355324486,1.155443534345121,2.393202835091401,1.0090648409937941,0.336353825818512,0,0,0,2026-04-05 13:13:20
277,17,38.881123960567294,73.45799440068872,140.47006796713126,12.983278183240614,80.20320424018985,8.397380370834938,8.783650933005594,9.0804162573071,5.252289512229527,1.0,1,0,1,2026-04-05 13:13:20
278,18,28.474065004175365,71.25324332278372,109.57332744618279,13.071278349446022,80.14335565320766,0.08283487623704744,4.6895342940359255,3.514141054337106,1.657302044922016,0.5524321735334269,0,0,0,2026-04-05 13:13:21
279,19,29.967079562680066,73.77983797579094,105.8562010123284,13.017473117184707,80.22619453157766,0.5111180686355112,3.426739387109072,1.5200237716319158,1.0915762454753,0.3638575356333145,0,0,0,2026-04-05 13:13:21
280,20,28.696249651032147,72.56848613039848,80.85309817737186,12.974492425927098,80.25557281067697,1.1721111289665878,0.8937631778128079,0.24313882101025897,0.46180262555793095,0.15393369540699228,0,0,0,2026-04-05 13:13:22
281,1,29.942531783125787,64.65410367320149,89.77217154119596,13.09847086612494,80.13626194079086,5.780551054671854,3.077610471968736,1.2357640852556813,2.0187851223792546,0.6729261310393148,0,0,0,2026-04-05 13:13:27
282,2,29.287766099489964,71.6018294259772,112.03743959695265,12.964337493462965,80.10581968663138,0.8502230802703856,3.0301011084990415,0.5285002898519124,0.881764895724268,0.29392065217258206,0,0,0,2026-04-05 13:13:27
283,3,39.950718234474444,58.27998031133298,144.04014908759066,13.097773155447362,80.24707536019372,10.276001849033772,9.795466473672017,11.893692913647207,6.3930322472706,1.0,1,0,1,2026-04-05 13:13:28
284,4,38.54065512248147,57.53695800458385,156.69674839378635,13.010478890491848,80.2790514407914,6.572797299817921,8.884357972749932,7.873587495465234,4.666148553606617,1.0,1,0,1,2026-04-05 13:13:28
285,5,34.86966818235422,54.557348992057925,94.37699712632002,12.99138746895214,80.17918407130294,1.0662615896097805,4.49271678158635,2.923790423400721,1.6965537589193702,0.5655160345863415,0,0,1,2026-04-05 13:13:29
286,6,33.31115321327511,68.66113180328126,101.51316141731805,13.084875960521579,80.10429633651248,1.8894947366592874,3.3208853540677503,2.404777347259362,1.52303148759728,0.507675470280859,0,0,1,2026-04-05 13:13:29
287,7,36.198417942186765,54.88542141190081,110.7558769990925,12.999726014994131,80.11311341317446,0.6353275698926453,5.321251513513583,1.1303183059574735,1.4173794778727404,0.47245825109674316,0,0,1,2026-04-05 13:13:30
288,8,29.947286866241534,75.7690169959557,82.28814301782367,12.949935158758409,80.22116861576465,0.060276974361880065,3.865774928983343,1.9063077779923283,1.1664719362675104,0.38882268268022785,0,0,0,2026-04-05 13:13:30
289,9,31.10093269972021,69.93637192302108,80.69996902368982,12.9087482360671,80.19770624844752,0.049797415473076256,0.9138696722174373,0.5190540843636633,0.2965442344108354,0.09884774864444965,0,0,0,2026-04-05 13:13:31
290,10,90.64359520359379,77.0317935961945,93.8914657525246,12.909465164245056,80.15899079096127,60.30173661859084,59.11879591338326,60.45511465690578,35.975129437775976,1.0,1,0,1,2026-04-05 13:13:31
291,11,28.178827608762433,78.85551425848449,203.77536243201504,13.076929213315346,80.29256332083462,2.5792129871527756,8.629462724447167,0.3863504682918979,2.3190052359783686,0.7729991686622273,0,0,1,2026-04-05 13:13:31
292,12,28.424925046994115,71.29163646351864,116.94130476172154,12.92391915987617,80.21550295829283,3.8320014905872704,1.62880015407226,3.3515186828675354,1.7624640655054133,0.5874860635482593,0,0,0,2026-04-05 13:13:32
293,13,30.535494484580823,73.87671189962252,115.36643500970874,12.950987788209884,80.25075303846799,1.5565666934478557,1.5126739631582247,1.4225384473434417,0.8983558207899045,0.29945094209349454,0,0,0,2026-04-05 13:13:32
294,14,31.895498286426214,65.0088428071561,108.85431290488181,13.094559133644639,80.2191680386147,4.187428501609499,4.566769783152719,0.03799935624667228,1.7584395282017784,0.5861445555854075,0,0,0,2026-04-05 13:13:33
295,15,28.797556989906237,62.06592924586512,86.1316026617117,12.999450391709688,80.22431258349924,2.0759118259196754,3.7847989607696584,1.5080052455761574,1.4737432064530982,0.49124609799737273,0,0,0,2026-04-05 13:13:33
296,16,31.444060272251352,78.58459288978442,95.07076982952957,12.914657929426525,80.13858914449412,1.6427334446499096,20.566318892211658,0.2529611687983575,4.492402701131985,1.0,1,0,0,2026-04-05 13:13:34
297,17,30.40315405802004,71.37277941086751,114.61270184261848,12.983278183240614,80.20320424018985,0.6804024153433801,2.1759927947421622,8.477969902547255,2.2668730225265596,0.7556218221027795,0,0,0,2026-04-05 13:13:34
298,18,30.39880185318526,73.55800957202138,107.34555031577713,13.071278349446022,80.14335565320766,2.0016549483728703,3.0560791730502763,1.9247368490098964,1.3964941940866087,0.4654965130404928,0,0,0,2026-04-05 13:13:34
299,19,28.043898226307387,78.2190347924431,116.36259654924785,13.017473117184707,80.22619453157766,2.3977909715342314,1.2550886733454203,1.9231813363726786,1.1152121962504662,0.3717361596296233,0,0,0,2026-04-05 13:13:35
300,20,29.799589781530813,70.39279149935362,83.70669724287603,12.974492425927098,80.25557281067697,0.014951225029697923,0.6285448597951024,1.1033401304986654,0.3493672430646932,0.11645535950369938,0,0,0,2026-04-05 13:13:35
301,1,29.898020438621167,70.30578626075139,102.31317981994282,13.09847086612494,80.13626194079086,5.439692328865021,1.9704640123410293,0.044511344504620354,1.4909335371421344,0.4969761891267477,0,0,0,2026-04-05 13:13:41
302,2,28.583096522416675,70.08919187715689,107.43866363738046,12.964337493462965,80.10581968663138,1.4982111186589862,24.17892795026063,0.7046695770732896,5.276361729198581,1.0,1,0,0,2026-04-05 13:13:41
303,3,29.39637471462849,70.12392829026246,82.32875915835825,13.097773155447362,80.24707536019372,0.9634084607477718,1.6897157219949612,10.554343519845954,2.6414935405177378,0.8804949118562064,0,0,0,2026-04-05 13:13:42
304,4,28.848377026147073,75.55995839350271,96.81147494095649,13.010478890491848,80.2790514407914,3.5576672831709963,0.602170530488087,9.692278096334395,2.7704231819986957,0.923471315761846,0,0,0,2026-04-05 13:13:42
305,5,36.40440960570079,55.452432488373276,101.59058825938453,12.99138746895214,80.17918407130294,2.529918906982374,7.322873180956237,1.5347414233465742,2.277506702257037,0.7591663701977784,0,0,1,2026-04-05 13:13:43
306,6,35.8913460454374,57.779755106109604,95.88522982697745,13.084875960521579,80.10429633651248,0.8166644112802786,3.9309805652725793,2.5801928321622896,1.4655675617430295,0.4885208921780359,0,0,1,2026-04-05 13:13:43
307,7,36.50122056436179,59.6588394598851,85.48318979515702,12.999726014994131,80.11311341317446,0.29016977639144415,4.705784570594211,0.3028026221750224,1.0597513938321357,0.3532492871130882,0,0,1,2026-04-05 13:13:44
308,8,31.733122540574684,64.6251166139219,104.966157996407,12.949935158758409,80.22116861576465,1.8420941837375686,1.9452646773763576,1.7858356743331498,1.1146389070894154,0.3715450638795922,0,0,0,2026-04-05 13:13:44
309,9,31.456856167869642,66.02302952290708,92.14395622991927,12.9087482360671,80.19770624844752,0.309445880374561,20.831645509768236,0.355923468149431,4.299402971658446,1.0,1,0,0,2026-04-05 13:13:45
310,10,28.88273346596996,71.7553265826972,103.13797991178275,12.909465164245056,80.15899079096127,5.4792408936057235,1.8644193090523065,61.76086173762383,13.820904388056372,1.0,1,0,0,2026-04-05 13:13:45
311,11,31.839112204470723,78.27695218437691,199.64271694129167,13.076929213315346,80.29256332083462,1.2530191410323717,1.829952916707125,3.6602845957082906,1.3486513306895576,0.4495489450667023,0,0,1,2026-04-05 13:13:46
312,12,31.31973665208386,62.69723305360559,94.32686261202625,12.92391915987617,80.21550295829283,0.6817231194583755,0.4449158572598802,2.894811605089746,0.8042901163616003,0.26809581180116077,0,0,0,2026-04-05 13:13:46
313,13,31.421630497232638,67.71081034325667,98.44298272204017,12.950987788209884,80.25075303846799,2.338931593203146,0.6784755347308824,0.8861360126518143,0.7807086281171686,0.26023534192124975,0,0,0,2026-04-05 13:13:47
314,14,30.698531526532857,78.99120435753188,96.3126927378002,13.094559133644639,80.2191680386147,5.105233361395559,1.6991235966892344,1.1969667598933569,1.60026474359563,0.5334198031325329,0,0,0,2026-04-05 13:13:47
315,15,28.804298636799807,72.32732314238328,96.78245822285498,12.999450391709688,80.22431258349924,1.9307760572981287,1.118182325481219,0.006741646893569708,0.6111400059345836,0.2037126562693403,0,0,0,2026-04-05 13:13:48
316,16,28.219417441642694,72.69876504128177,116.93405356948307,12.914657929426525,80.13858914449412,4.757860712281914,1.4214779437760647,3.2246428306086585,1.8807962973333274,0.6269300093444113,0,0,0,2026-04-05 13:13:48
317,17,30.39033051999799,62.107845274220935,119.6690478141978,12.983278183240614,80.20320424018985,0.6478657923425395,2.980967663159227,0.01282353802205094,0.7283313987047635,0.24277632364717566,0,0,0,2026-04-05 13:13:49
318,18,31.23503400876516,63.76998158767479,94.77472145464853,13.071278349446022,80.14335565320766,2.7044434407279105,3.753170720804287,0.8362321555798999,1.4587692634224194,0.48625480029147217,0,0,0,2026-04-05 13:13:49
319,19,28.1354267011425,64.90612901122815,115.47478178554002,13.017473117184707,80.22619453157766,2.146409765263499,1.5293129449670364,0.09152847483511195,0.7534502370131295,0.251149241840237,0,0,0,2026-04-05 13:13:50
320,20,29.047613879713275,70.76252400264505,99.20055635721789,12.974492425927098,80.25557281067697,0.7380214251231543,1.7676135070980799,0.7519759018175378,0.6515221668077544,0.21717333169147918,0,0,0,2026-04-05 13:13:50
321,1,29.913893565204535,67.34537095301317,85.28981907445795,13.09847086612494,80.13626194079086,5.083838431727589,2.694410295040605,0.015873126583368702,1.5588243706703124,0.5196063915354657,0,0,0,2026-04-05 13:13:56
322,2,29.187342642233755,64.56574119924764,82.0366802884837,12.964337493462965,80.10581968663138,0.8003268039257172,2.8621374329942966,0.6042461198170805,0.8533420713474189,0.28444640896110973,0,0,0,2026-04-05 13:13:56
323,3,30.69891589320938,74.16501202641483,104.92423345910467,13.097773155447362,80.24707536019372,0.39934574662985867,1.2346899566682492,1.302541178580892,0.5873153763758,0.1957711395548015,0,0,0,2026-04-05 13:13:57
324,4,28.80797948473368,79.82987292905277,83.78450497811346,13.010478890491848,80.2790514407914,3.3757106193862114,0.3052893421682157,0.04039754141339458,0.7442795005935644,0.24809233989005516,0,0,0,2026-04-05 13:13:57
325,5,33.71538061328529,58.25171485984329,96.8903056042182,12.99138746895214,80.17918407130294,0.3172300171195346,4.605361993971859,2.6890289924155013,1.522324200701379,0.5074397087680971,0,0,1,2026-04-05 13:13:58
326,6,34.82420877691109,67.05427658102079,119.21702662993502,13.084875960521579,80.10429633651248,0.3015143829510336,3.3921672557677276,1.0671372685263094,0.9521637814490143,0.3173868691934408,0,0,1,2026-04-05 13:13:58
327,7,37.043476647944374,67.67481484625725,117.37650311299574,12.999726014994131,80.11311341317446,0.27022191821560426,5.664224226516304,0.5422560835825863,1.295340445662899,0.43177870929193535,0,0,1,2026-04-05 13:13:59
328,8,29.226855249237595,61.09749169548552,110.43104924693755,12.949935158758409,80.22116861576465,0.7793039940831221,1.8170439738672346,2.506267291337089,1.0205230518574893,0.3401732167084407,0,0,0,2026-04-05 13:13:59
329,9,29.068593407566247,62.03788287576723,88.31863960552829,12.9087482360671,80.19770624844752,2.098157247452246,0.865088342595083,2.3882627603033946,1.0703016700701447,0.3567660341366011,0,0,0,2026-04-05 13:14:00
330,10,30.741835792154234,75.77803679289205,81.95792812002371,12.909465164245056,80.15899079096127,3.2776860115710917,1.5911871983430512,1.8591023261842743,1.3455951072196837,0.4485302073058702,0,0,0,2026-04-05 13:14:00
331,11,28.982976483222103,64.5466667813696,99.25851624917249,13.076929213315346,80.29256332083462,1.6814302765307723,1.2021638172621525,2.85613572124862,1.147945963008309,0.3826473788448402,0,0,0,2026-04-05 13:14:01
332,12,29.64930220985374,79.57243741921694,94.00101045958331,12.92391915987617,80.21550295829283,2.3095498667223495,0.9251613500941787,1.6704344422301212,0.9810291318093298,0.3270086205743747,0,0,0,2026-04-05 13:14:01
333,13,30.944402207302584,72.17704690573972,101.17225563625658,12.950987788209884,80.25075303846799,1.7155200786978924,1.6364784277010476,0.4772282899300535,0.7658453592657987,0.25528093548548125,0,0,0,2026-04-05 13:14:02
334,14,29.773137748042604,63.48634100263134,112.07805292442751,13.094559133644639,80.2191680386147,5.71155005479859,1.1178834856291278,0.9253937784902533,1.5509654637835941,0.5169867646386492,0,0,0,2026-04-05 13:14:03
335,15,29.464231805851227,71.30813513340225,108.63671731623734,12.999450391709688,80.22431258349924,1.150169384665574,0.8905072483311471,0.6599331690514205,0.5401219604096283,0.180040053336365,0,0,0,2026-04-05 13:14:03
336,16,28.784357714289175,79.95104078019186,116.77296618582392,12.914657929426525,80.13858914449412,3.89555414511781,0.8815662330289035,0.5649402726464814,1.068412130158639,0.3561361895989143,0,0,0,2026-04-05 13:14:04
337,17,29.089574379046212,71.92912451287484,107.96931363452774,12.983278183240614,80.20320424018985,1.908130321272914,1.7125815104118256,1.3007561409517763,0.9842935945273033,0.32809677118653047,0,0,0,2026-04-05 13:14:04
338,18,29.807272841599364,69.69686115322037,80.52667419730943,13.071278349446022,80.14335565320766,1.107654558516618,4.1199201550873035,1.427761167165798,1.3310671761539439,0.4436875797593821,0,0,0,2026-04-05 13:14:05
339,19,28.890598752828474,68.11484882643407,100.94181299847668,13.017473117184707,80.22619453157766,1.2570871032485549,0.30987460204176404,0.7551720516859746,0.4644267513952587,0.15480840110374922,0,0,0,2026-04-05 13:14:05
340,20,30.309185458552275,60.1322011183287,103.04039868789008,12.974492425927098,80.25557281067697,0.5696764927860443,0.8541668702553457,1.2615715788389998,0.5370829883760779,0.17902706603513918,0,0,0,2026-04-05 13:14:06
341,1,30.789915618179723,78.21902590170598,99.52598855261041,13.09847086612494,80.13626194079086,3.9087670592390076,2.011237935149616,0.8760220529751876,1.3592054094727621,0.45306695960105536,0,0,0,2026-04-05 13:14:12
342,2,31.765491144742278,79.7117903522718,104.46127440877554,12.964337493462965,80.10581968663138,1.8248997458725569,3.094258095414414,2.5781485025085225,1.4994612687590987,0.4998187568571767,0,0,0,2026-04-05 13:14:12
343,3,30.491993440807835,63.323013858274045,97.07428495194269,13.097773155447362,80.24707536019372,0.16893236795596067,1.2764224461101084,0.20692245240154605,0.33045545329352305,0.1101514505930057,0,0,0,2026-04-05 13:14:13
344,4,31.796397096785253,64.98178421518814,95.40593203901831,13.010478890491848,80.2790514407914,0.18872179442956494,2.2417250910412605,2.988417612051574,1.08377289950448,0.3612564289800634,0,0,0,2026-04-05 13:14:13
345,5,35.01482246771977,54.202153662203784,93.89812824930766,12.99138746895214,80.17918407130294,1.0008724265572724,5.866687488477797,1.2994418544344768,1.633400353893909,0.5444649697480705,0,0,1,2026-04-05 13:14:14
346,6,33.29767959783894,71.9948162976248,80.55785494299612,13.084875960521579,80.10429633651248,1.8103074218495934,3.24798926200141,1.5265291790721491,1.3169651725846305,0.4389869275717849,0,0,1,2026-04-05 13:14:14
347,7,34.30393049253847,53.86698868237181,85.77957220807345,12.999726014994131,80.11311341317446,2.485219644144152,2.5819963246388653,2.739546155405904,1.5613524248377844,0.5204490734490166,0,0,1,2026-04-05 13:14:15
348,8,28.343050655219006,72.31993539494606,86.0762825566323,12.949935158758409,80.22116861576465,1.6172671766850577,1.5513756101818394,0.8838045940185886,0.8104894761770972,0.27016225818483847,0,0,0,2026-04-05 13:14:16
349,9,29.858187923567122,66.74494574974275,84.32712908825623,12.9087482360671,80.19770624844752,1.1851417168953517,0.86922361688287,0.789594516000875,0.5687919699558194,0.18959669132963536,0,0,0,2026-04-05 13:14:16
350,10,39.54965642930677,64.955464821076,161.2049446988522,12.909465164245056,80.15899079096127,5.722939685085628,10.119040480070092,8.807820637152538,4.929960160461651,1.0,1,0,1,2026-04-05 13:14:17
351,11,29.30390695720845,76.62205569089299,195.2970627591737,13.076929213315346,80.29256332083462,1.2615921392190863,1.3832691380034465,0.32093047398634766,0.5931583502417761,0.1977187910179553,0,0,1,2026-04-05 13:14:17
352,12,31.065890228341733,73.0409862820988,82.08492578735097,12.92391915987617,80.21550295829283,0.7571059737212771,1.3506766329788285,1.4165880184879924,0.7048741250376196,0.2349572584883449,0,0,0,2026-04-05 13:14:18
353,13,29.321375287196663,75.20477760132768,87.09993064358886,12.950987788209884,80.25075303846799,0.00841978721378922,1.2368832481594463,1.6230269201059215,0.5736659910958315,0.19122135962741174,0,0,0,2026-04-05 13:14:19
354,14,28.649757922748993,61.5076336744427,96.52049831702678,13.094559133644639,80.2191680386147,6.498956347456993,0.9124084608659272,1.1233798252936111,1.7069489267233062,0.5689810789708388,0,0,0,2026-04-05 13:14:19
355,15,29.2360873731653,72.29747078644426,86.60299500749294,12.999450391709688,80.22431258349924,1.310656794724114,0.5216998999476298,0.22814443268592655,0.41210022547153413,0.1373662839362316,0,0,0,2026-04-05 13:14:20
356,16,28.448333329217565,65.96423286584736,101.22264606570022,12.914657929426525,80.13858914449412,4.00242828635896,5.276111836654493,0.33602438507161025,1.9229129016170126,0.640968830642902,0,0,0,2026-04-05 13:14:20
357,17,30.408700451003615,66.25029655016102,95.67968349754311,12.983278183240614,80.20320424018985,0.47676128924063477,2.6147949634463585,1.3191260719574025,0.8821364649288792,0.29404450816126587,0,0,0,2026-04-05 13:14:21
358,18,29.581739649571727,68.3066153246684,114.0456369395841,13.071278349446022,80.14335565320766,0.8169652159880059,3.215435586613985,0.2255331920276369,0.8515867989259257,0.28386132010424153,0,0,1,2026-04-05 13:14:22
359,19,30.75939690554025,68.7889655891453,99.09786487716713,13.017473117184707,80.22619453157766,0.6856573496543099,0.7747391446331863,1.8687981527117756,0.6658389293998545,0.22194556998138487,0,0,0,2026-04-05 13:14:22
360,20,28.810001744429798,60.12162070233706,97.91796588650782,12.974492425927098,80.25557281067697,0.9630176032650262,0.4681367535710533,1.499183714122477,0.5860676141917114,0.19535522021316976,0,0,0,2026-04-05 13:14:23
361,1,30.327220361312037,72.42553316079207,96.32724158049902,13.09847086612494,80.13626194079086,4.154308590593423,1.7978007956100868,0.4626952568676863,1.2829609286142394,0.4276522173640219,0,0,0,2026-04-05 13:14:29
362,2,29.47412989611993,78.8171218357821,114.36462312779439,12.964337493462965,80.10581968663138,0.5678448219649361,5.310374565502582,2.291361248622348,1.6339161272179732,0.5446368936163457,0,0,0,2026-04-05 13:14:29
363,3,29.470257329897194,65.14051627608504,96.60785459556915,13.097773155447362,80.24707536019372,0.8621888745077904,0.7586631184933333,1.0217361109106413,0.5285176207823531,0.17617195302094096,0,0,0,2026-04-05 13:14:30
364,4,28.24910445292643,76.61586219791339,119.92844077680341,13.010478890491848,80.2790514407914,3.725529894153407,1.3527242214520179,3.547292643858821,1.7251093518928493,0.5750345338491702,0,0,0,2026-04-05 13:14:30
365,5,34.69000552790196,54.842029214881336,82.06104777346194,12.99138746895214,80.17918407130294,0.6204514630418387,4.555277284665571,0.3248169398178078,1.1001091375050436,0.3667018234956029,0,0,1,2026-04-05 13:14:31
366,6,32.17672095175012,66.78179905741811,116.84067473920953,13.084875960521579,80.10429633651248,2.830693433391218,2.190563811134942,1.1209586460888232,1.2284431781229967,0.40947969444201743,0,0,1,2026-04-05 13:14:32
367,7,32.618462664649684,61.978007635484005,103.68171445858331,12.999726014994131,80.11311341317446,4.032619714024932,2.7508662156199954,1.685467827888786,1.6937907515067427,0.5645950351854636,0,0,1,2026-04-05 13:14:32
368,8,29.953236106158244,79.05821787092324,88.98393359311348,12.949935158758409,80.22116861576465,0.08276645073668476,0.7333264286634803,1.6101854509392375,0.48525566606788056,0.16175134951812845,0,0,0,2026-04-05 13:14:33
369,9,31.708890005960185,74.9711676108133,85.97508467772374,12.9087482360671,80.19770624844752,0.7314015719918885,3.4131400335889936,1.850702082393063,1.1990487375947891,0.39968158025966216,0,0,0,2026-04-05 13:14:34
370,10,29.67720699472248,79.04672936615273,82.23409712066052,12.909465164245056,80.15899079096127,4.467450843114531,1.5497466367872914,9.872449434584293,3.177929382897223,1.0,1,0,0,2026-04-05 13:14:34
371,11,29.080441164887468,76.77371676128726,93.30725855034899,13.076929213315346,80.29256332083462,1.4149694793612397,0.5506120397030791,0.22346579232098307,0.4378094622770604,0.14593600097235024,0,0,0,2026-04-05 13:14:35
372,12,31.211945506601936,79.65597114605977,109.97618737463303,12.92391915987617,80.21550295829283,0.5689892524765554,1.2154080397357383,0.14605527826020293,0.38609051409449935,0.12869640904346963,0,0,0,2026-04-05 13:14:36
373,13,29.144282286970054,65.72399671114964,82.56676921771626,12.950987788209884,80.25075303846799,0.18504502148407198,1.070299193786776,0.17709300022660912,0.2864874430994915,0.095495496048177,0,0,0,2026-04-05 13:14:36
374,14,29.351057582983337,76.82223879213231,84.30835044827776,13.094559133644639,80.2191680386147,5.436603556808372,0.599385162522213,0.7012996602343442,1.347457675912986,0.4491510614674571,0,0,0,2026-04-05 13:14:37
375,15,29.577649684190586,69.34840954325436,90.55639759334277,12.999450391709688,80.22431258349924,0.8962802173252697,0.9268153093078269,0.3415623110252852,0.4329315675316764,0.1443100414770872,0,0,0,2026-04-05 13:14:38
376,16,31.58249927844758,61.616383096234024,85.24603556601417,12.914657929426525,80.13858914449412,0.6459052101089959,1.3800174645217862,3.1341659492300167,1.0320177247721598,0.344004761574848,0,0,0,2026-04-05 13:14:38
377,17,30.56881553366854,65.56031366821105,115.16811357251032,12.983278183240614,80.20320424018985,0.2901594682845676,1.9093117570738904,0.1601150826649267,0.47191726160467695,0.1573052295174606,0,0,0,2026-04-05 13:14:39
378,18,31.898930235562982,77.54884552266259,115.82362418099994,13.071278349446022,80.14335565320766,3.0887688455354834,0.8563443398415949,2.3171905859912556,1.2524607542736668,0.4174855264728007,0,0,0,2026-04-05 13:14:40
379,19,30.413448228508216,76.22455392270734,91.16219831111167,13.017473117184707,80.22619453157766,0.30161659764148396,0.8648707778521244,0.3459486770320339,0.30248721050512845,0.1008287340725959,0,0,0,2026-04-05 13:14:40
380,20,29.60763914026816,64.26330411263915,109.41462074797857,12.974492425927098,80.25557281067697,0.11187922946750462,0.27964775842192086,0.7976373958383611,0.23783287674555734,0.07927736132398136,0,0,0,2026-04-05 13:14:41
381,1,28.60431898134965,62.84953158527254,109.43282511822763,13.09847086612494,80.13626194079086,5.658562149998261,2.5379172754158303,1.7229013799623871,1.9838761610752957,0.6612898493922672,0,0,0,2026-04-05 13:14:47
382,2,29.76771810546676,68.22432378469557,83.22138043305709,12.964337493462965,80.10581968663138,0.24437004304100896,1.5853456143026758,0.2935882093468294,0.42466077333810287,0.14155311926897005,0,0,0,2026-04-05 13:14:47
383,3,28.111079365000176,60.043102903182536,83.98385849410656,13.097773155447362,80.24707536019372,2.1759884775886036,1.5039029604594976,1.3591779648970181,1.007813880589024,0.3359368404068733,0,0,0,2026-04-05 13:14:48
384,4,30.17069463926578,78.06312779540468,81.04628894812973,13.010478890491848,80.2790514407914,1.6078591870691419,0.46628468110508337,1.9215901863393476,0.7991468109027147,0.26638138236296366,0,0,0,2026-04-05 13:14:49
385,5,34.56684870416407,68.95931999798006,103.60360365882002,12.99138746895214,80.17918407130294,0.4646392991438546,4.380210888708292,0.12315682373788661,0.9936014023180066,0.3311993634414574,0,0,1,2026-04-05 13:14:50
386,6,35.39145011098285,53.24147394760363,98.08788502444011,13.084875960521579,80.10429633651248,0.5330195907568367,4.3508794837954134,3.214729159232732,1.6197256467569965,0.5399067492298347,0,0,1,2026-04-05 13:14:50
387,7,36.63797229128209,58.48790708652742,90.51679718665484,12.999726014994131,80.11311341317446,0.19913305545088633,4.560139942884152,4.019509626632406,1.7557565249934888,0.585250224163749,0,0,1,2026-04-05 13:14:51
388,8,29.718842187590283,73.45810013923062,81.5310686222204,12.949935158758409,80.22116861576465,0.15598359681741059,0.97254552190338,0.2343939185679602,0.27258460745775015,0.09086123294847355,0,0,0,2026-04-05 13:14:52
389,9,31.785273206785142,78.0306563786327,101.0346254618698,12.9087482360671,80.19770624844752,0.7692899532383279,1.5826083104802429,0.07638320082495653,0.4856562929087055,0.16188489135326398,0,0,0,2026-04-05 13:14:52
390,10,28.653235972390938,72.03200775918687,119.35540322763042,12.909465164245056,80.15899079096127,5.256292873703202,2.8733366915539484,1.0239710223315406,1.830720117517738,0.6102380050458959,0,0,0,2026-04-05 13:14:53
391,11,28.842049204704246,74.11419129931183,103.27157545322493,13.076929213315346,80.29256332083462,1.5788893616833377,0.8562078841815648,0.23839196018322184,0.5346978412096248,0.1782320196298095,0,0,0,2026-04-05 13:14:54
392,12,30.163047754021463,60.08559136353757,82.1397300102774,12.92391915987617,80.21550295829283,1.5879402022951048,1.028398828748756,1.0488977525804728,0.7330473567248668,0.24434830441394087,0,0,0,2026-04-05 13:14:55
393,13,31.913199853286674,72.99743825737445,105.32674179897909,12.950987788209884,80.25075303846799,2.593611756489601,2.083356825993372,2.7689175663166203,1.4891772297599188,0.49639075528412197,0,0,0,2026-04-05 13:14:55
394,14,30.261668561807983,73.61092048326613,84.25086063525664,13.094559133644639,80.2191680386147,4.239855548678019,1.2406627402039259,0.9106109788246464,1.2782258535413182,0.4260738642675585,0,0,0,2026-04-05 13:14:56
395,15,28.531453626662266,65.24974067548303,92.07391565365177,12.999450391709688,80.22431258349924,1.895303631836466,1.6651806741527058,1.04619605752832,0.9213360727034985,0.30711100053116436,0,0,0,2026-04-05 13:14:57
396,16,30.268512179221002,75.27081537832584,84.95134935087202,12.914657929426525,80.13858914449412,1.92589729827721,1.2109437693828156,1.3139870992265799,0.8901656333773211,0.29672088872281127,0,0,0,2026-04-05 13:14:57
397,17,28.84399400566042,69.85781542383593,80.54003640608198,12.983278183240614,80.20320424018985,1.999709445330339,2.3034144198105566,1.7248215280081212,1.2055890786298034,0.4018616866709789,0,0,0,2026-04-05 13:14:58
398,18,29.587609373639587,60.775265509489586,111.33078530684384,13.071278349446022,80.14335565320766,0.6148812022681156,4.612498015758568,2.311320861923395,1.5077400159900158,0.5025783300689051,0,0,0,2026-04-05 13:14:59
399,19,31.81411798416142,66.4416509373385,98.26278891904428,13.017473117184707,80.22619453157766,1.68641179552408,2.8197557266311386,1.4006697556532046,1.1813674555616847,0.3937878392277641,0,0,0,2026-04-05 13:15:00
400,20,28.61251722106211,77.42016720283013,81.86223806386047,12.974492425927098,80.25557281067697,1.1011127681752626,1.4960237310508606,0.9951219192060492,0.7184516836864345,0.2394830962851572,0,0,0,2026-04-05 13:15:00
401,1,31.191658872855697,78.29126384702762,100.79681008521725,13.09847086612494,80.13626194079086,2.7882941509923,2.2446103494636596,2.5873398915060477,1.5240488783924016,0.5080145994154691,0,0,0,2026-04-05 13:15:06
402,2,30.67836096552658,69.65598013127128,83.9719099454541,12.964337493462965,80.10581968663138,0.6784913191708632,2.7981950350655764,0.91064286005982,0.877465842859252,0.29248763932761956,0,0,0,2026-04-05 13:15:07
403,3,29.312401912058306,70.4298663872966,115.63487251597815,13.097773155447362,80.24707536019372,0.8658665066510487,1.3071118097356174,1.2013225470581297,0.6748601726889591,0.22495264105418286,0,0,0,2026-04-05 13:15:08
404,4,31.984598031641966,70.1063608576879,109.44024085276004,13.010478890491848,80.2790514407914,0.2864371646605015,2.3319017543467004,1.8139033923761865,0.8864484622766777,0.2954818358194398,0,0,0,2026-04-05 13:15:08
405,5,36.4887582019565,61.18468449976018,118.26243847247511,12.99138746895214,80.17918407130294,2.363316831979084,6.758902996461798,1.9219094977924271,2.208825865246662,0.7362728341727733,0,0,1,2026-04-05 13:15:09
406,6,34.511283427704925,67.66651599699884,102.5388823794147,13.084875960521579,80.10429633651248,0.373798072058932,3.4566624908305763,0.8801666832779276,0.9421254492334872,0.314040769608597,0,0,1,2026-04-05 13:15:10
407,7,91.91195680362323,57.58449971484937,115.08441610788904,12.999726014994131,80.11311341317446,55.46316091501948,59.660380623249004,55.27398451234114,34.07950521012192,1.0,1,0,1,2026-04-05 13:15:11
408,8,31.321631417019578,77.93899116122668,90.25592103473411,12.949935158758409,80.22116861576465,1.4546048124527537,1.409263170208123,1.6027892294292947,0.8933314424180343,0.29777615488549514,0,0,0,2026-04-05 13:15:12
409,9,30.79961390899534,63.66719379147484,85.8718963799455,12.9087482360671,80.19770624844752,0.2548338422133867,1.1016538665341724,0.9856592977898018,0.4684294013074722,0.15614261329377974,0,0,0,2026-04-05 13:15:12
410,10,29.25318098747202,78.83133547016115,117.42405273710077,12.909465164245056,80.15899079096127,4.393533214936959,1.157210293273914,0.599945015081083,1.230137704658391,0.4100445347376812,0,0,0,2026-04-05 13:15:13
411,11,28.569512386796728,70.35750307542908,119.9736242737678,13.076929213315346,80.29256332083462,1.772481711506689,1.950043781706024,0.27253681790751827,0.7990124622240464,0.2663365996193501,0,0,0,2026-04-05 13:15:14
412,12,28.403559676198107,68.50122517191947,111.27185994913154,12.92391915987617,80.21550295829283,3.268031270003707,2.9412553835690907,1.759488077823356,1.5937549462792309,0.5312498779268172,0,0,0,2026-04-05 13:15:15
413,13,28.510299085993914,76.10897149787972,98.62498479960185,12.950987788209884,80.25075303846799,0.9389695986276365,1.0067632919632221,3.40290076729276,1.0697267315767238,0.35657438861094587,0,0,0,2026-04-05 13:15:15
414,14,28.973754212523687,65.55599701203403,88.9656086270445,13.094559133644639,80.2191680386147,5.315777120528409,1.1944177656331039,1.2879143492842964,1.5596218470891619,0.5198722161223336,0,0,0,2026-04-05 13:15:16
415,15,29.443271771328835,65.73102512544496,88.87302032959774,12.999450391709688,80.22431258349924,0.8887203055780724,1.2669595095892419,0.9118181446665687,0.6134995919667766,0.20449918232498446,0,0,0,2026-04-05 13:15:17
416,16,31.51656765513051,65.03139556556016,113.04277550126328,12.914657929426525,80.13858914449412,0.5815469574538454,1.2728490344658614,1.2480554759095064,0.6204902935658426,0.20682940842391945,0,0,0,2026-04-05 13:15:18
417,17,29.618815269311,71.49859924282846,97.06330714454617,12.983278183240614,80.20320424018985,1.1249027094132416,2.9161008594454145,0.7748212636505798,0.9631649665018472,0.3210539186542202,0,0,0,2026-04-05 13:15:19
418,18,30.698152348052858,75.66862572634443,103.62882481359071,13.071278349446022,80.14335565320766,1.6946801165679837,21.84014735334176,1.1105429744132707,4.929074088864603,1.0,1,0,0,2026-04-05 13:15:19
419,19,30.477828534873584,78.9976789314527,111.13787295915394,13.017473117184707,80.22619453157766,0.2658017564600428,1.2529604476396028,1.336289449287836,0.5710103306774963,0.19033614243869063,0,0,0,2026-04-05 13:15:20
420,20,30.50020529252615,69.73096834330865,110.44807663529936,12.974492425927098,80.25557281067697,0.8416309416975452,1.2894219507409932,1.8876880714640407,0.8037481927805159,0.2679151712096013,0,0,0,2026-04-05 13:15:21
421,1,31.232221360280207,64.23470243146164,90.1870435070067,13.09847086612494,80.13626194079086,2.8125844092504764,2.023866075802862,0.040562487424509186,0.9754025944955695,0.32513311438814185,0,0,0,2026-04-05 13:15:27
422,2,29.977047344881207,69.85238825753585,95.81889962446976,12.964337493462965,80.10581968663138,0.00044172482772353305,21.3994320421335,0.7013136206453723,4.4202374775213205,1.0,1,0,0,2026-04-05 13:15:28
423,3,28.620699932842136,65.83021489833834,102.57039973381069,13.097773155447362,80.24707536019372,1.533599690855148,0.7537901425861359,0.6917019792161696,0.5958183625314908,0.19860545882563418,0,0,0,2026-04-05 13:15:29
424,4,31.521513231369074,76.43497781110466,102.16242217378748,13.010478890491848,80.2790514407914,0.29452707902187214,1.3810780317928841,0.4630848002728918,0.4277379822175296,0.14257885214300273,0,0,0,2026-04-05 13:15:31
425,5,47.425688090811335,54.493216068756816,117.19315315139116,12.99138746895214,80.17918407130294,13.156104914264851,17.579049565640194,10.936929888854834,8.334416873751977,1.0,1,0,1,2026-04-05 13:15:32
426,6,33.83976205304055,58.406248734105695,99.52587445469743,13.084875960521579,80.10429633651248,1.0886610956902203,21.27378171611024,0.6715213746643727,4.606792837292967,1.0,1,0,1,2026-04-05 13:15:33
427,7,35.01432969859492,61.53776870201962,97.84277089416875,12.999726014994131,80.11311341317446,4.24592647271372,7.25493936549073,56.897627105028306,13.679698588646552,1.0,1,0,1,2026-04-05 13:15:34
428,8,28.758851128371912,79.29463937871262,110.6741514857709,12.949935158758409,80.22116861576465,1.222858184817266,0.4879358784969637,2.562780288647666,0.854714870392379,0.28490400711743596,0,0,0,2026-04-05 13:15:35
429,9,31.888361456558137,74.80560126964772,100.19234654145633,12.9087482360671,80.19770624844752,0.8049704005019436,3.0831641925441233,1.0887475475627966,0.9953764281217727,0.3317910367371351,0,0,0,2026-04-05 13:15:36
430,10,30.70348705097737,60.159161377498435,81.16641526388916,12.909465164245056,80.15899079096127,2.8174507408846914,1.4326274615043897,1.450306063505348,1.1400768531788859,0.38002435097845866,0,0,0,2026-04-05 13:15:37
431,11,28.16290209682108,70.68814183526867,103.89774537242535,13.076929213315346,80.29256332083462,2.206592757431892,1.5424203620905506,0.40661028997564586,0.8311246818996177,0.27704063716441535,0,0,0,2026-04-05 13:15:38
432,12,30.44835366238052,79.78341510875384,101.87143848869476,12.92391915987617,80.21550295829283,0.5754035754476625,1.6891883015242766,2.0447939861824125,0.8618771726308704,0.287291433238846,0,0,0,2026-04-05 13:15:40
433,13,30.713889375772435,63.39835612996188,108.45818348299699,12.950987788209884,80.25075303846799,1.3437713027697207,0.8114193480129082,2.2035902897785213,0.8717561881122301,0.29058442742265195,0,0,0,2026-04-05 13:15:41
434,14,37.686112097801626,66.2798223493889,140.08547777154985,13.094559133644639,80.2191680386147,3.4333141881740232,8.598968576289359,8.712357885277939,4.148928129948264,1.0,1,0,1,2026-04-05 13:15:42
435,15,31.33807355271396,73.45401833619918,91.5724483529577,12.999450391709688,80.22431258349924,1.127201113334813,1.1391238538103832,1.8948017813851266,0.8322253497060645,0.2774075252102708,0,0,0,2026-04-05 13:15:43
436,16,28.796070521646403,74.00284220584885,91.54489435112761,12.914657929426525,80.13858914449412,3.4480153697740796,2.0602280958258348,2.7204971334841055,1.645748119816804,0.5485808780026746,0,0,0,2026-04-05 13:15:44
437,17,41.10368107475754,55.857941140838605,155.84975134186843,12.983278183240614,80.20320424018985,10.46705296562201,9.477481494827666,11.484865805446539,6.285880053179243,1.0,1,0,1,2026-04-05 13:15:44
438,18,31.392778911179906,61.53922115146975,110.0422962510939,13.071278349446022,80.14335565320766,2.361326856177797,2.0763638267251197,0.6946265631270485,1.0264634492059932,0.34215334255752256,0,0,0,2026-04-05 13:15:45
439,19,28.826519053379567,73.32032611609229,101.35362838908802,13.017473117184707,80.22619453157766,1.4014786606914669,5.48746758661965,1.6513094814940175,1.7080511457610272,0.5693484840920621,0,0,0,2026-04-05 13:15:47
440,20,30.647535381520218,69.67148087282598,109.46460585264639,12.974492425927098,80.25557281067697,0.8971156683454176,0.881858806198089,0.1473300889940674,0.3852609127075148,0.12841987616958436,0,0,0,2026-04-05 13:15:48
441,1,28.77729434511138,61.25582988526542,102.58433658623686,13.09847086612494,80.13626194079086,5.417402688223476,5.528923342229316,2.4549270151688276,2.6802506091243243,0.8934138916618025,0,0,0,2026-04-05 13:15:54
442,2,29.251177501260926,73.57895887061943,106.7991025394873,12.964337493462965,80.10581968663138,0.6625204666317686,2.5568562422216536,0.7258698436202806,0.7890493104947407,0.2630155601130465,0,0,0,2026-04-05 13:15:55
443,3,28.11929431228455,76.31498929980222,115.34172137556855,13.097773155447362,80.24707536019372,1.9953688305180464,3.439216770382876,0.5014056205575876,1.1871982442917022,0.39573142899247077,0,0,0,2026-04-05 13:15:56
444,4,36.49104349602207,58.90935303992862,166.43278467360443,13.010478890491848,80.2790514407914,4.6805453618475,6.220334166817491,4.969530264652999,3.174081958663598,1.0,1,0,1,2026-04-05 13:15:57
445,5,36.43730313421446,54.534429178427985,96.41331172653183,12.99138746895214,80.17918407130294,1.4485832962458574,5.7921305342928235,10.988384956596875,3.6458197574271116,1.0,1,0,1,2026-04-05 13:15:58
446,6,34.96676237275548,69.2241538036668,93.14157908982497,13.084875960521579,80.10429633651248,0.07716268928123071,3.2703396050197058,1.1270003197149308,0.8949005228031734,0.2982991799371247,0,0,1,2026-04-05 13:15:59
447,7,35.92460129436906,56.06315964752144,98.00371329764559,12.999726014994131,80.11311341317446,3.402635048226095,3.9059826720475628,0.910271595774141,1.6437778632095599,0.5479241279894267,0,0,1,2026-04-05 13:16:00
448,8,28.0323251886545,65.89511676573922,109.46868994972537,12.949935158758409,80.22116861576465,1.8344464463465222,6.056316182315665,0.726525939717412,1.72345771367592,0.574483989612008,0,0,0,2026-04-05 13:16:01
449,9,30.8477024361028,63.72675852339043,82.08156657412535,12.9087482360671,80.19770624844752,0.3226979283528095,1.119647135432004,1.0406590204553368,0.49660081684803004,0.1655330538391639,0,0,0,2026-04-05 13:16:02
450,10,29.10466491645854,71.54745185472623,191.23797318284488,12.909465164245056,80.15899079096127,4.433404289434385,1.1317735534594593,1.59882213451883,1.432799995482535,0.47759840649949,0,0,1,2026-04-05 13:16:03
451,11,31.44057564665531,71.78381119625296,187.28687363394027,13.076929213315346,80.29256332083462,1.215217266203826,4.87242854496128,3.2776735498342298,1.8730638721998674,0.6243525428914795,0,0,1,2026-04-05 13:16:04
452,12,30.706386826983838,61.3915240986877,89.25407502329891,12.92391915987617,80.21550295829283,0.46995295113599056,0.9409599320789658,0.2580331646033187,0.33378920956365504,0.11126269897888842,0,0,0,2026-04-05 13:16:06
453,13,30.024982309075263,61.747045086208345,84.4587668781986,12.950987788209884,80.25075303846799,0.5984182057070839,1.0988715702580976,0.6889070666971726,0.47723936853247084,0.1590792592466261,0,0,0,2026-04-05 13:16:07
454,14,30.416936771660176,64.02926450771528,104.86585649360705,13.094559133644639,80.2191680386147,4.1521525368648895,1.6372330175504572,7.2691753261414505,2.6117121761113595,0.8705678234777082,0,0,0,2026-04-05 13:16:08
455,15,30.91774447081807,75.23239890720671,94.50090638822277,12.999450391709688,80.22431258349924,0.6699005677064527,4.182457036891942,0.4203290818958898,1.054537337298857,0.35151127406203875,0,0,0,2026-04-05 13:16:09
456,16,31.508757230478665,66.33128169203187,86.38609221718592,12.914657929426525,80.13858914449412,0.6291660155530465,1.7742422792045762,2.712686708832262,1.023219000717977,0.3410718633331145,0,0,0,2026-04-05 13:16:10
457,17,29.509056569224832,76.18507069891245,83.59472594346808,12.983278183240614,80.20320424018985,1.7717558723652438,3.2712219490510663,11.594624505532707,3.3275204653898034,1.0,1,0,0,2026-04-05 13:16:11
458,18,29.480260797689706,63.94216516860927,112.91152796545529,13.071278349446022,80.14335565320766,0.4318873952385296,4.2112695081078195,1.9125181134902007,1.3111350033673101,0.4370435443106223,0,0,0,2026-04-05 13:16:12
459,19,28.482119758242955,69.62394108450269,105.53608798066159,13.017473117184707,80.22619453157766,1.662683146033185,1.8759923822780848,0.34439929513661127,0.7766149646895764,0.25887079199388546,0,0,0,2026-04-05 13:16:13
460,20,31.802129445967875,61.514167568834736,97.81546523221999,12.974492425927098,80.25557281067697,2.0383173049951715,2.1437787897852636,1.1545940644476573,1.0673380318456185,0.3557781580213461,0,0,0,2026-04-05 13:16:14
461,1,29.403627787557078,78.59391118068572,90.7905273845971,13.09847086612494,80.13626194079086,4.801215215221795,2.2176921931447104,0.6263334424456986,1.529048170162441,0.5096810244507322,0,0,0,2026-04-05 13:16:21
462,2,30.968173299731603,77.19253034091247,84.30055651921218,12.964337493462965,80.10581968663138,1.0327563315440713,2.453506769552528,1.716995798470677,1.0406517799134554,0.3468827703619172,0,0,0,2026-04-05 13:16:22
463,3,31.597666517349552,69.15991541394175,82.05907981701364,13.097773155447362,80.24707536019372,1.6191584404905939,1.4844557918300711,3.4783722050650034,1.3163972874771337,0.438797633166934,0,0,0,2026-04-05 13:16:23
464,4,28.608858007816405,62.74676492958385,91.66091896453358,13.010478890491848,80.2790514407914,3.4613325591036634,1.876298716908862,7.882185488205668,2.643963352843639,0.88131817988728,0,0,0,2026-04-05 13:16:24
465,5,34.15831922798582,58.33374817741457,104.22816219199176,12.99138746895214,80.17918407130294,0.9998299436229843,4.522012295223868,2.278983906228639,1.5601652290150982,0.5200533428272233,0,0,1,2026-04-05 13:16:25
466,6,35.34787173190031,66.14849107720498,86.99000399908283,13.084875960521579,80.10429633651248,0.3122256565525987,4.12952814700753,0.3811093591448298,0.9645726325409919,0.3215231391032003,0,0,1,2026-04-05 13:16:26
467,7,32.978488980594946,68.55704938701908,103.22685469119737,12.999726014994131,80.11311341317446,5.992142084434704,2.2294580370531527,2.9461123137741154,2.2335424870523943,0.7445116806451959,0,0,1,2026-04-05 13:16:27
468,8,31.30283828116012,77.64541777508646,85.38768370384403,12.949935158758409,80.22116861576465,1.5629874338472298,1.2226963793988095,3.2705130925056203,1.211239381150332,0.4037451145663954,0,0,0,2026-04-05 13:16:28
469,9,39.6006093596913,67.36280903630168,140.48234141743023,12.9087482360671,80.19770624844752,8.329308717064762,9.229312684823798,8.752906923588498,5.262305665095412,1.0,1,0,1,2026-04-05 13:16:30
470,10,31.12815621966795,63.07783900721158,177.42086651723594,12.909465164245056,80.15899079096127,2.3137988599934616,3.0916078478393914,2.0234913032094113,1.485779602208453,0.4952582165420959,0,0,1,2026-04-05 13:16:31
471,11,31.722636971887418,79.30972216381083,161.27946748627312,13.076929213315346,80.29256332083462,1.48859970615257,1.5148165396120408,0.2820613252321067,0.6570955141993435,0.21903110796275463,0,0,1,2026-04-05 13:16:32
472,12,31.28689115626499,62.690468148251846,99.72184440425457,12.92391915987617,80.21550295829283,1.0686275020818599,3.1971913918370554,0.5805043292811511,0.9692646446400133,0.323087137922878,0,0,0,2026-04-05 13:16:33
473,13,28.322842627129134,70.80857805793221,86.80015112878847,12.950987788209884,80.25075303846799,0.6846964692076405,3.1411103340018607,1.7021396819461287,1.105589297031126,0.36852853724858453,0,0,0,2026-04-05 13:16:34
474,14,41.19876651254354,65.67937690617832,149.45658769125177,13.094559133644639,80.2191680386147,6.548242195753531,10.597958763383568,10.781829740883367,5.585606140004094,1.0,1,0,1,2026-04-05 13:16:35
475,15,31.951924907513032,71.43622407474922,82.7440632049383,12.999450391709688,80.22431258349924,1.6979522517003112,2.0208229830344777,1.0341804366949603,0.9505911342859499,0.3168626552197992,0,0,0,2026-04-05 13:16:36
476,16,28.478140142264948,65.32179997632296,81.15781455162107,12.914657929426525,80.13858914449412,3.819985840420614,5.420839484098669,3.0306170882137167,2.4542884825466,0.8180934338707537,0,0,0,2026-04-05 13:16:38
477,17,31.64748736147275,67.88068057935793,103.6443690295562,12.983278183240614,80.20320424018985,0.4795815522960041,1.0533061642886612,2.1384307922479167,0.7342637017665165,0.24475375140966746,0,0,0,2026-04-05 13:16:39
478,18,29.90830770815536,68.50456430987383,115.14554748588745,13.071278349446022,80.14335565320766,0.8480768509007355,3.004808405594274,0.42804691046565324,0.8561864333921326,0.28539452648228925,0,0,0,2026-04-05 13:16:40
479,19,30.814378416619128,72.51931969147043,92.18397986823624,13.017473117184707,80.22619453157766,0.8352986223680112,0.9861354883654236,2.3322586583761726,0.8307385538219216,0.27691192823421307,0,0,0,2026-04-05 13:16:42
480,20,28.889591834103744,75.77166271458674,89.10400563144924,12.974492425927098,80.25557281067697,0.9163454810812759,2.014109575813425,2.9125376118641313,1.1685985337517666,0.38953154614543506,0,0,0,2026-04-05 13:16:43
481,1,29.156694112758018,66.61440872539684,115.67119804425653,13.09847086612494,80.13626194079086,5.0475242100850295,6.32828787144172,0.2469336747990596,2.324549151265162,0.7748471342646064,0,0,0,2026-04-05 13:16:49
482,2,31.807075737753017,71.1321722568662,108.38296662836879,12.964337493462965,80.10581968663138,1.785611732395875,1.7264227854716883,0.8389024380214138,0.8701873911777955,0.2900614968542757,0,0,0,2026-04-05 13:16:50
483,3,31.95435519527718,72.18267849648652,108.18868300560541,13.097773155447362,80.24707536019372,1.9562270032450044,3.538702106438059,0.3566886779276288,1.1703235575221387,0.3901065521522057,0,0,0,2026-04-05 13:16:52
484,4,28.5503857417279,73.52271581063175,86.51933676191477,13.010478890491848,80.2790514407914,3.3608350794435893,2.0015793110174003,0.0584722660885042,1.0841773313098988,0.3613912391325025,0,0,0,2026-04-05 13:16:53
485,5,34.42612068118457,51.266801433584234,112.66313075477362,12.99138746895214,80.17918407130294,0.7656896759777823,2.954857119316268,0.26780145319875004,0.7976696496985601,0.26588899693619694,0,0,1,2026-04-05 13:16:54
486,6,34.903336039222054,61.57011239051154,113.54052492822818,13.084875960521579,80.10429633651248,0.15617806655401978,4.22217243871928,0.444535692678258,0.9645772395903116,0.3215246747811879,0,0,1,2026-04-05 13:16:55
487,7,43.67262798699603,50.41582579131786,128.95954731724188,12.999726014994131,80.11311341317446,4.719091075779708,11.625459944631709,10.69413900640108,5.4077380053625,1.0,1,0,1,2026-04-05 13:16:56
488,8,31.995078733535905,73.14716566232947,92.39156564761252,12.949935158758409,80.22116861576465,2.1936032431976002,1.5760050185802814,0.6922404523757848,0.8923697428307333,0.2974555894249464,0,0,0,2026-04-05 13:16:58
489,9,30.39523975539939,64.71675755461888,104.35465812269166,12.9087482360671,80.19770624844752,1.2832337167670254,1.0748022810902238,9.205369604291906,2.312681120429831,0.7708911371728198,0,0,0,2026-04-05 13:16:59
490,10,29.635228387880122,77.75690033357391,92.77574036033339,12.909465164245056,80.15899079096127,3.7993509298621184,1.1895874605064367,1.4929278317878278,1.2963732444312766,0.43212297440051084,0,0,0,2026-04-05 13:17:00
491,11,29.7216558279825,69.29806681439076,101.70475018674514,13.076929213315346,80.29256332083462,0.5089850844723394,4.960360046036775,2.0009811439049194,1.4940652548828068,0.4980200915606304,0,0,0,2026-04-05 13:17:01
492,12,28.91071485448101,71.9381944792351,89.82434403555396,12.92391915987617,80.21550295829283,1.3790522798752036,1.7189203357750504,2.3761763017839783,1.0948297834868466,0.36494204468879987,0,0,0,2026-04-05 13:17:03
493,13,30.858951279490206,68.90473957544394,85.56148850555654,12.950987788209884,80.25075303846799,1.885916311395924,1.6845744414804524,2.5361086523610723,1.22131988104749,0.4071052699982633,0,0,0,2026-04-05 13:17:04
494,14,31.06892568611487,62.509608468161,114.23301772566492,13.094559133644639,80.2191680386147,4.192239211587616,0.8290822122634746,10.129840826428673,3.0302324500559528,1.0,1,0,0,2026-04-05 13:17:05
495,15,31.398947250374324,73.8979622666152,119.53625008926358,12.999450391709688,80.22431258349924,1.5165072374836832,1.1141547870414001,0.5529776571387082,0.6367279363327583,0.21224193797112617,0,0,0,2026-04-05 13:17:07
496,16,31.98608951056578,78.21799585836854,110.80709197677388,12.914657929426525,80.13858914449412,0.3051252790032244,1.3735748835549362,3.5079493683008316,1.0373299061717984,0.3457754828056568,0,0,0,2026-04-05 13:17:08
497,17,30.909977489344264,74.89891404581286,97.55703668386147,12.983278183240614,80.20320424018985,0.3173002485159486,1.6967380656873357,0.7375098721284843,0.5503096372663537,0.1834359343023369,0,0,0,2026-04-05 13:17:09
498,18,29.992925972768365,77.62144071560586,102.14559036485696,13.071278349446022,80.14335565320766,0.8881894955295664,6.475447980230566,0.08461826461300603,1.4896511480746277,0.4965487275291175,0,0,0,2026-04-05 13:17:11
499,19,36.80390519377803,62.23794013309119,142.19189239682177,13.017473117184707,80.22619453157766,6.800689814765416,6.4043996691705845,5.9895267771589005,3.838923252218981,1.0,1,0,1,2026-04-05 13:17:12
500,20,30.13597979324767,66.48846908341243,109.49625797870274,12.974492425927098,80.25557281067697,0.441564153580142,1.2816792945524742,1.2463879591439273,0.5939262814553088,0.1979747672358788,0,0,0,2026-04-05 13:17:13
501,1,28.893663870966733,76.13070171478093,85.70228044179218,13.09847086612494,80.13626194079086,5.195525383379881,3.094732028401696,0.2630302417912844,1.7106575307145724,0.5702172761806035,0,0,0,2026-04-05 13:17:19
502,2,31.636072670583477,67.80130540805771,93.01182483371628,12.964337493462965,80.10581968663138,1.5476288439526904,4.7958054796994025,0.17100306716953995,1.3028874781643265,0.4342943784068475,0,0,0,2026-04-05 13:17:21
503,3,38.96178904279117,66.4790588441118,150.58716355608652,13.097773155447362,80.24707536019372,8.800385673618745,6.430293473499368,7.007433847513987,4.44762259892642,1.0,1,0,1,2026-04-05 13:17:23
504,4,29.93192981087514,74.2169975818816,117.94028098267846,13.010478890491848,80.2790514407914,1.9617868329489134,2.847680934924868,1.381544069147239,1.2382023674042042,0.41273274669224574,0,0,0,2026-04-05 13:17:24
505,5,37.57489371809299,72.8090726181438,111.82131183214857,12.99138746895214,80.17918407130294,2.365633533565429,4.537283740260782,3.148773036908416,2.010338062146926,0.6701104536807964,0,0,1,2026-04-05 13:17:25
506,6,37.01265093341873,74.17394746632223,102.28504268602147,13.084875960521579,80.10429633651248,2.3526672930320345,7.2662296922265535,2.109314894196679,2.345642375891053,0.7818781857030653,0,0,1,2026-04-05 13:17:27
507,7,36.51313603251692,51.380380027362925,96.72857895423746,12.999726014994131,80.11311341317446,2.9986894793636196,4.153010369086021,7.159491954479108,2.86223836058575,0.9540762732743391,0,0,1,2026-04-05 13:17:28
508,8,31.599073614081583,66.20801593801512,99.99485550238711,12.949935158758409,80.22116861576465,1.6393557262158396,1.3725257396430888,0.3960051194543226,0.6815773170626502,0.22719168171527768,0,0,0,2026-04-05 13:17:29
509,9,31.93889223458118,68.49331184267048,118.17517036438838,12.9087482360671,80.19770624844752,0.6027777447347908,1.8905532824336067,1.5436524791817874,0.807396701270037,0.2691313366522235,0,0,0,2026-04-05 13:17:31
510,10,29.118210917011424,69.02159966469473,143.64989463295893,12.909465164245056,80.15899079096127,4.389185053017158,1.9653519912181743,0.5170174708686979,1.3743109030208063,0.4581021073332443,0,0,1,2026-04-05 13:17:32
511,11,30.46818443840726,76.76921817928313,87.79484315590989,13.076929213315346,80.29256332083462,0.16061994335255037,3.210200159874546,0.746528610424761,0.8234697427303714,0.2744889992801262,0,0,0,2026-04-05 13:17:34
512,12,30.832677724612775,68.77516811832876,83.29064458721018,12.92391915987617,80.21550295829283,0.6063329654812328,0.6329613181048804,1.9219628701317646,0.6322514307435756,0.21074977441527715,0,0,0,2026-04-05 13:17:35
513,13,29.302239862317457,60.897460748088484,85.88106554704818,12.950987788209884,80.25075303846799,0.36113618433478223,1.553670514996553,1.5567114171727496,0.6943036233008171,0.2314337696543735,0,0,0,2026-04-05 13:17:36
514,14,30.91866953316174,69.3317758691314,90.13788415424577,13.094559133644639,80.2191680386147,3.811132730669904,4.792946755000066,0.15025615295312988,1.75086712772462,0.5836204305067716,0,0,0,2026-04-05 13:17:38
515,15,31.376022833320516,71.95700873107539,108.89955751551976,12.999450391709688,80.22431258349924,1.5136134578183729,2.3779902481688695,0.0229244170538081,0.7829056246082101,0.2609676716438312,0,0,0,2026-04-05 13:17:39
516,16,86.14398079050996,54.56008050407213,140.62690962746547,12.914657929426525,80.13858914449412,53.701926264326836,55.246255516451264,54.15789127994418,32.621214612144456,1.0,1,0,1,2026-04-05 13:17:40
517,17,28.16315242288562,64.37113481466324,105.28576647893753,12.983278183240614,80.20320424018985,3.1839467069974923,5.353510965612742,2.746825066458644,2.2568565478137756,0.7522830083278974,0,0,0,2026-04-05 13:17:42
518,18,28.121720256118063,63.62141892085931,81.08231199920235,13.071278349446022,80.14335565320766,0.977963561478358,6.018096689516065,1.8712057166503016,1.7734531935289448,0.5911490940126682,0,0,0,2026-04-05 13:17:43
519,19,31.858683342871092,69.70114828533701,88.17924387379587,13.017473117184707,80.22619453157766,1.5276642781433623,1.966964993053157,4.945221850906936,1.6879702244206913,0.5626548659573439,0,0,0,2026-04-05 13:17:45
520,20,29.64239012537436,64.72885853847983,114.0499284967128,12.974492425927098,80.25557281067697,0.054627984323932566,1.3434888199034276,0.49358966787331227,0.3783412944201345,0.12611334442889674,0,0,0,2026-04-05 13:17:46
521,1,74.75234497050988,71.06485565454234,91.64276045810071,13.09847086612494,80.13626194079086,41.19642610747671,42.734664729610365,45.85868109954315,25.957954387326048,1.0,1,0,1,2026-04-05 13:17:52
522,2,28.645987689951703,76.21015716745981,114.38973718421384,12.964337493462965,80.10581968663138,1.520037416769192,21.94578822339439,2.9900849806317744,5.2911821241590715,1.0,1,0,0,2026-04-05 13:17:54
523,3,31.70964024506452,69.89374302148639,112.45335045748214,13.097773155447362,80.24707536019372,1.1097797653406651,0.7271565387888709,7.2521487977266474,1.8178170203712367,0.6059369870004555,0,0,0,2026-04-05 13:17:55
524,4,30.349857751171687,61.240815991962094,88.99750541682455,13.010478890491848,80.2790514407914,1.542642959350534,1.0808194332151875,0.417927940296547,0.6082780665724538,0.2027586796618857,0,0,0,2026-04-05 13:17:56
525,5,35.71518476097244,66.52117966619363,95.68113462334071,12.99138746895214,80.17918407130294,0.42214770189082884,5.249231894613366,1.8597089571205458,1.5062177107249481,0.5020708966719938,0,0,1,2026-04-05 13:17:57
526,6,32.15218918718653,69.8764016264426,93.93885071744683,13.084875960521579,80.10429633651248,2.6582326809912757,16.997190519907402,4.860461746232204,4.903176989426177,1.0,1,0,1,2026-04-05 13:17:58
527,7,34.28131794099924,70.46053381459282,105.49076735075948,12.999726014994131,80.11311341317446,5.206683458639652,4.409598251967304,2.231818091517681,2.3696199604249273,0.7898706872393516,0,0,1,2026-04-05 13:17:59
528,8,30.63155859851853,69.3867131499752,106.9488937551781,12.949935158758409,80.22116861576465,0.5717218630262799,1.332948012642743,0.9675150155630519,0.5744369782464149,0.19147835448762335,0,0,0,2026-04-05 13:18:01
529,9,31.048821596816882,62.53126946666903,114.59637854056405,12.9087482360671,80.19770624844752,0.28726617965289236,0.8546725167693054,0.8900706377642962,0.40640186683729884,0.13546683738964166,0,0,0,2026-04-05 13:18:02
530,10,31.465800285852808,63.70495845789204,89.54722322419472,12.909465164245056,80.15899079096127,2.0849843902605016,18.576093918311035,2.3475893688413834,4.601733535482585,1.0,1,0,0,2026-04-05 13:18:04
531,11,30.829928278385825,65.22767761279174,119.9871278103268,13.076929213315346,80.29256332083462,0.5425832798279835,0.48284124955624935,0.3617438399785655,0.2774336738725597,0.09247758303224311,0,0,0,2026-04-05 13:18:05
532,12,28.378304033448885,75.12346764341932,113.08702472761325,12.92391915987617,80.21550295829283,1.8124989635099737,1.9492359857687387,2.454373691163891,1.2432217280885207,0.41440586134330243,0,0,0,2026-04-05 13:18:06
533,13,30.153850541625495,73.97613190006311,116.0099589610778,12.950987788209884,80.25075303846799,1.185239620537871,0.9215716604402608,0.8516106793080382,0.5916843920572341,0.19722747326083384,0,0,0,2026-04-05 13:18:08
534,14,31.309437001536484,79.8031747642951,88.0228035556486,13.094559133644639,80.2191680386147,3.5233988533206393,0.4763194360044345,0.39076746837474374,0.8780971515399635,0.29269807485307164,0,0,0,2026-04-05 13:18:09
535,15,31.81786097855459,60.426709208129765,88.94259838697191,12.999450391709688,80.22431258349924,1.8237887963702804,1.957000591055235,0.44183814523407605,0.8445255065319184,0.2815075638187601,0,0,0,2026-04-05 13:18:10
536,16,29.472679205533233,74.43567839985859,87.38695964495695,12.914657929426525,80.13858914449412,5.876218173770297,1.465318329061585,56.671301584976725,12.802567617561722,1.0,1,0,0,2026-04-05 13:18:12
537,17,30.566567663478825,72.83233781249533,96.11051964531302,12.983278183240614,80.20320424018985,0.643610587617232,2.1549671158696966,2.4034152405932048,1.0403985888160268,0.34679837361076354,0,0,0,2026-04-05 13:18:13
538,18,31.34281027506237,67.24919775141035,84.80085878637573,13.071278349446022,80.14335565320766,2.237937475955018,15.719140424502847,3.221090018944306,4.235633583880434,1.0,1,0,0,2026-04-05 13:18:15
539,19,30.971888288636404,65.35110127181628,112.73449134360894,13.017473117184707,80.22619453157766,0.6217643780027444,0.8602638261126039,0.886795054234689,0.4737646516700075,0.15792102415325532,0,0,0,2026-04-05 13:18:16
540,20,31.94739126462766,73.81812249082476,96.0016543805009,12.974492425927098,80.25557281067697,2.3202910184727017,1.0796345583947893,2.305001139253303,1.140985343224159,0.3803271799841197,0,0,0,2026-04-05 13:18:17
541,1,29.30978405078486,79.89832708444682,89.4852620929309,13.09847086612494,80.13626194079086,3.3761785489801035,2.291694770476935,45.442560919725025,10.222086847836412,1.0,1,0,0,2026-04-05 13:18:24
542,2,38.88690289475678,64.59353524483006,158.14382028342632,12.964337493462965,80.10581968663138,8.741065800226316,7.14697041729502,10.240915204805077,5.225790284465283,1.0,1,0,1,2026-04-05 13:18:25
543,3,31.13480425567645,70.72756723097125,83.09423018388387,13.097773155447362,80.24707536019372,0.47183102115542397,0.21414156339690157,0.5748359893880703,0.2521617147880792,0.08405362475061057,0,0,0,2026-04-05 13:18:26
544,4,31.995748336572035,71.72533071322265,85.20696772533785,13.010478890491848,80.2790514407914,0.16382840394482656,0.41670149263248274,1.6458905854003483,0.4452840963955315,0.14842753737338593,0,0,0,2026-04-05 13:18:28
545,5,33.738628141685844,61.75426589389308,116.74408195534892,12.99138746895214,80.17918407130294,1.5254838484124562,2.6198558314625706,1.9765566192865975,1.224379259832325,0.40812505952724326,0,0,1,2026-04-05 13:18:29
546,6,34.803132060965666,65.02709076503123,92.967438200958,13.084875960521579,80.10429633651248,0.19722130906987445,3.1584946386835107,2.6509428737791367,1.2013317643065045,0.40044258662687937,0,0,1,2026-04-05 13:18:30
547,7,34.17236487416268,62.332162615211544,115.20694023856717,12.999726014994131,80.11311341317446,4.056935118545681,2.6592764507237496,0.10895306683655548,1.3650329272211974,0.4550094590422023,0,0,1,2026-04-05 13:18:31
548,8,29.83137735223673,60.53618210447739,84.09683971868287,12.949935158758409,80.22116861576465,0.29740708003025773,0.836912273139569,0.8001812462818023,0.3869001198903258,0.12896627674251945,0,0,0,2026-04-05 13:18:33
549,9,29.387670244718038,70.88559953774929,96.13057245918158,12.9087482360671,80.19770624844752,1.9109362205547953,1.1770677866408714,1.6611513520988446,0.9498310718589023,0.316609301921961,0,0,0,2026-04-05 13:18:34
550,10,30.623098020043987,65.58523950584174,89.18568588892903,12.909465164245056,80.15899079096127,2.968004288880824,1.5435468588106016,0.8427022658088212,1.0708506827000495,0.35694903773655734,0,0,0,2026-04-05 13:18:36
551,11,31.551386874188445,60.115665199512144,114.93869940799408,13.076929213315346,80.29256332083462,1.6798543726425237,0.3676313178491822,0.7214585958026198,0.5537888572588652,0.18459567043405362,0,0,0,2026-04-05 13:18:37
552,12,30.89396832751597,67.02245935907442,111.41349570752911,12.92391915987617,80.21550295829283,0.8792784887340126,1.1030022813225504,2.5156642940670864,0.8995890128247299,0.29986200473489416,0,0,0,2026-04-05 13:18:38
553,13,31.005508293309557,71.40801073660751,85.65739420418389,12.950987788209884,80.25075303846799,1.9382475300020836,0.7425179593948398,0.851657751684062,0.706484648216197,0.2354940977584065,0,0,0,2026-04-05 13:18:40
554,14,5.531181020150921,68.8714734644549,86.50991526805578,13.094559133644639,80.2191680386147,29.38297072598083,25.68817878601618,25.778255981385563,16.169881098676516,1.0,1,0,1,2026-04-05 13:18:41
555,15,30.72478230080517,65.52615412295894,86.81936666207515,12.999450391709688,80.22431258349924,0.6988610913654298,0.54264319632669,1.0930786777494212,0.46691659308830824,0.15563834556828418,0,0,0,2026-04-05 13:18:42
556,16,31.541459540608322,75.04334543011082,105.65006516953592,12.914657929426525,80.13858914449412,1.2092076500638669,3.4725313902010257,2.0687803350750897,1.3501038750679966,0.4500331249122491,0,0,0,2026-04-05 13:18:44
557,17,30.441843131248504,63.0481805494288,112.16398185988533,12.983278183240614,80.20320424018985,0.5012784189750157,1.3967299863352605,0.12472453223032076,0.40454658750811945,0.13484841300799646,0,0,0,2026-04-05 13:18:45
558,18,29.684635432452712,60.59201200022437,117.63266043862839,13.071278349446022,80.14335565320766,0.4896315724950284,3.3270258172969256,1.6581748426096574,1.0949664464803224,0.3649875988681112,0,0,0,2026-04-05 13:18:46
559,19,29.154233919945867,64.57031809170479,100.85096129483577,13.017473117184707,80.22619453157766,1.2689351234634998,1.8837716456145788,1.8176543686905369,0.994072227553723,0.3313563046635588,0,0,0,2026-04-05 13:18:48
560,20,30.257556520559774,62.06013414540133,83.48833096486753,12.974492425927098,80.25557281067697,0.6063913433814889,0.5471189071060749,1.6898347440678876,0.5686689989110902,0.18955570111802636,0,0,0,2026-04-05 13:18:49
561,1,30.200314843121877,79.67443371115957,92.36815897439584,13.09847086612494,80.13626194079086,2.4752212825769284,9.929210150494637,0.8905307923370174,2.6589924450817164,0.8863278606010367,0,0,0,2026-04-05 13:18:55
562,2,28.98219360061075,72.3362474468138,103.84343653452217,12.964337493462965,80.10581968663138,1.538934824812383,3.1301138776609143,9.90470929414603,2.914751599323866,0.9715806278391959,0,0,0,2026-04-05 13:18:57
563,3,30.471862573161278,65.71512105071986,112.63812877873353,13.097773155447362,80.24707536019372,0.18855409425351155,9.112611502417645,0.6629416825151715,1.9928214558372654,0.6642716043737406,0,0,0,2026-04-05 13:18:58
564,4,28.356961199337416,73.32177502345264,88.53362418239001,13.010478890491848,80.2790514407914,3.5385212867754845,1.6885630477661877,3.638787137234619,1.7731742943552582,0.5910561279313263,0,0,0,2026-04-05 13:18:59
565,5,35.77198345308987,54.15701501180458,109.82546499605456,12.99138746895214,80.17918407130294,0.48423083311011084,5.665030335756686,2.033355311404023,1.636523296054164,0.5455059469982313,0,0,1,2026-04-05 13:19:01
566,6,37.51870665768436,56.34042150178247,88.58383714059813,13.084875960521579,80.10429633651248,2.8860717452318596,6.166268274438605,2.715574596718696,2.3535829232778323,0.7845250260091907,0,0,1,2026-04-05 13:19:02
567,7,33.98003088305039,60.733501428131376,113.60417488370598,12.999726014994131,80.11311341317446,4.354503982714903,3.695061767692265,0.19233399111229232,1.6483799483038921,0.5494581512407932,0,0,1,2026-04-05 13:19:04
568,8,29.94760687429484,63.15693220195185,94.84248433617395,12.949935158758409,80.22116861576465,0.14263427776645798,0.8328330430631693,0.11622952205811288,0.21833936857754804,0.07277954692735959,0,0,0,2026-04-05 13:19:05
569,9,31.974692814706202,72.7177281782138,113.94297720244464,12.9087482360671,80.19770624844752,0.6225893878471069,1.4864684074212693,2.5870225699881644,0.9392160730513082,0.3130709807805001,0,0,0,2026-04-05 13:19:06
570,10,30.478584741658807,62.18020547502391,114.78197554263404,12.909465164245056,80.15899079096127,3.093486145421224,0.9914554859513581,0.1445132783851797,0.8458909819515524,0.2819627207747816,0,0,0,2026-04-05 13:19:08
571,11,30.999945238737318,69.25593756904166,162.37073152779226,13.076929213315346,80.29256332083462,1.054193751585693,9.546610307854113,0.5514416354511269,2.2304491389781864,0.743480568057502,0,0,1,2026-04-05 13:19:09
572,12,31.85953625608287,77.26442009691208,94.65884144372353,12.92391915987617,80.21550295829283,1.7766663867743908,0.9603713010615577,0.9655679285668981,0.7405211232805694,0.24683955162835103,0,0,0,2026-04-05 13:19:11
573,13,30.125547861066178,74.1053223905013,98.7622393621365,12.950987788209884,80.25075303846799,1.0254361900456601,0.681312680427208,0.8799604322433794,0.5173418605432496,0.17244671202537645,0,0,0,2026-04-05 13:19:12
574,14,31.234599570273417,65.89675671474873,89.84840388144991,13.094559133644639,80.2191680386147,2.3660075190229506,1.0259189929919295,25.703418550122496,5.819069012427476,1.0,1,0,0,2026-04-05 13:19:14
575,15,30.189406953905312,63.71742749469767,110.58370723079261,12.999450391709688,80.22431258349924,0.0500889872575101,0.4519195926523665,0.5353753468998583,0.207476785361947,0.06915869792498924,0,0,0,2026-04-05 13:19:15
576,16,30.168901933238686,77.80487680929538,114.59641215639866,12.914657929426525,80.13858914449412,2.562934733001022,1.1007273408385245,1.372557607369636,1.0072439362418364,0.33574685959108014,0,0,0,2026-04-05 13:19:16
577,17,28.436560219751847,67.17618855054542,108.22757960267117,12.983278183240614,80.20320424018985,2.6226562813771963,3.5331055406781595,2.005282911496657,1.6322089467104028,0.5440678353440165,0,0,0,2026-04-05 13:19:18
578,18,31.06534167613578,67.79977708441493,115.45377646015764,13.071278349446022,80.14335565320766,0.8081873020136037,3.4110270071590314,1.3807062436830684,1.1199841105711408,0.3733267924344055,0,0,0,2026-04-05 13:19:19
579,19,28.783824468413368,61.578448073149154,88.00806239652974,13.017473117184707,80.22619453157766,1.692430580651834,1.075526262099957,0.37040945153249893,0.6276732588568581,0.20922372220654534,0,0,0,2026-04-05 13:19:21
580,20,28.478569991401546,78.56049007986982,99.56074410841732,12.974492425927098,80.25557281067697,1.2816164459790862,1.608950571687231,1.778986529158228,0.933910709364909,0.311302532113196,0,0,0,2026-04-05 13:19:22
581,1,31.40142385028351,62.25969097120223,112.97235999803124,13.09847086612494,80.13626194079086,1.3015277977577604,2.206729753852892,1.2011090071616337,0.9418733117544572,0.31395672406240555,0,0,0,2026-04-05 13:19:29
582,2,29.322615448781672,78.93081216534992,98.65198956443456,12.964337493462965,80.10581968663138,1.1262547749408753,2.219890403867622,0.3404218481709229,0.7373134053958841,0.24577031589757503,0,0,0,2026-04-05 13:19:30
583,3,28.362829852238317,67.68872653389253,81.0131915798766,13.097773155447362,80.24707536019372,2.3338194965550407,1.9766265735697175,2.1090327209229613,1.2838957582095438,0.4279638261904273,0,0,0,2026-04-05 13:19:32
584,4,30.24488640715477,68.31167835794345,84.40590509440239,13.010478890491848,80.2790514407914,1.6570807165509684,1.0942859359146944,1.8879252078173536,0.9278583720566034,0.30928509306855756,0,0,0,2026-04-05 13:19:33
585,5,44.27992434117773,63.831613178210645,144.858252151557,12.99138746895214,80.17918407130294,8.877912373455935,15.143327127154222,8.507940888087866,6.5058360777396045,1.0,1,0,1,2026-04-05 13:19:35
586,6,32.55893911551468,52.21089078026972,107.67152595639223,13.084875960521579,80.10429633651248,2.1478567979124605,1.3574014907152605,4.959767542169679,1.6930051661594803,0.5643331742759125,0,0,1,2026-04-05 13:19:36
587,7,36.341985843553594,57.75207696977669,107.12793071410223,12.999726014994131,80.11311341317446,2.0107187078348616,6.744651019937958,2.361954960503205,2.223464937655205,0.7411525087100392,0,0,1,2026-04-05 13:19:38
588,8,31.660377395792107,68.15652996575504,89.4223105343138,12.949935158758409,80.22116861576465,1.6020967523584524,1.6526018570189838,1.7127705214972657,0.9934938261749404,0.33116350484663065,0,0,0,2026-04-05 13:19:39
589,9,31.047303502379734,77.59823595860203,103.48000773313859,12.9087482360671,80.19770624844752,0.3343985391998423,0.6646751359454784,0.9273893123264685,0.38529259749435785,0.12843043772999352,0,0,0,2026-04-05 13:19:41
590,10,31.894679308457746,66.89736150651936,173.8037201578595,12.909465164245056,80.15899079096127,1.6170473868512616,0.8694320778906501,1.4160945667989395,0.7805148063081704,0.2601707348669406,0,0,1,2026-04-05 13:19:42
591,11,42.98109498098258,67.4978932514506,162.80541269405043,13.076929213315346,80.29256332083462,13.076376241174358,13.033656371093748,11.981149742245265,7.618236470902675,1.0,1,0,1,2026-04-05 13:19:44
592,12,30.735755365640532,73.40781772433803,93.44007693353525,12.92391915987617,80.21550295829283,0.4670615029208278,0.6154592238217104,1.1237808904423368,0.441260323436975,0.1470862841913777,0,0,0,2026-04-05 13:19:45
593,13,29.232205578143294,66.3683391004045,95.62036733841168,12.950987788209884,80.25075303846799,0.18446672920104135,1.5617857306292666,0.8933422829228839,0.5279189485506384,0.17597239627555852,0,0,0,2026-04-05 13:19:47
594,14,31.628462563797925,66.79868624400277,105.50512042964813,13.094559133644639,80.2191680386147,0.9812130792248155,5.820967741376275,0.3938629935245075,1.4392087628251196,0.4797346551595226,0,0,0,2026-04-05 13:19:48
595,15,31.284089168944316,79.17656873562693,113.04335373260268,12.999450391709688,80.22431258349924,1.2268697248599345,2.7177709424220624,1.094682215039004,1.0078645764642002,0.3359537389756035,0,0,0,2026-04-05 13:19:50
596,16,28.73677706879876,77.25748228935257,92.54369270733194,12.914657929426525,80.13858914449412,4.07812196834422,2.0180890177409587,1.4321248644399276,1.5056671701050215,0.501887383743728,0,0,0,2026-04-05 13:19:51
597,17,29.978940667586023,69.33284349988297,82.14260291952455,12.983278183240614,80.20320424018985,1.0942780060492048,5.762522967718695,1.5423804478341765,1.6798362843204153,0.5599435616282663,0,0,0,2026-04-05 13:19:53
598,18,31.43285745688227,71.00247559856611,113.4796958891434,13.071278349446022,80.14335565320766,1.2111823996797213,2.0222145506341653,0.3675157807464906,0.7201825462120756,0.24006004853719673,0,0,0,2026-04-05 13:19:54
599,19,29.27066125566066,71.96368365635071,102.78907107737267,13.017473117184707,80.22619453157766,1.0579464219997483,1.171266196489378,0.4868367872472916,0.5432098811472836,0.18106935681790515,0,0,0,2026-04-05 13:19:56
600,20,30.064048442137402,71.40903008795513,83.04833089212765,12.974492425927098,80.25557281067697,0.28939534250282506,1.2160708481519091,1.585478450735856,0.6181889282781181,0.20606228921840863,0,0,0,2026-04-05 13:19:57
601,1,31.255797905836154,63.048738805862264,109.18509513150167,13.09847086612494,80.13626194079086,1.491964409775072,0.6176218062288056,0.14562594444735666,0.45104243209024686,0.15034697620682827,0,0,0,2026-04-05 13:20:04
602,2,29.663805417058562,75.92752519506492,115.4640123038177,12.964337493462965,80.10581968663138,0.6777927075033539,3.27869422205134,0.34118996827688974,0.8595353795663169,0.2865108381526451,0,0,0,2026-04-05 13:20:05
603,3,30.263936090038943,64.73107540732836,110.80157811399594,13.097773155447362,80.24707536019372,0.4059953242876624,5.024986733026968,1.9011062378006258,1.4664176590230513,0.4888042569934938,0,0,0,2026-04-05 13:20:07
604,4,30.574679208118066,79.4387160375292,109.17228470152334,13.010478890491848,80.2790514407914,1.322774428199665,0.8413528930881071,0.3297928009632969,0.4987840244502138,0.16626078728078034,0,0,0,2026-04-05 13:20:08
605,5,34.06424530092433,69.12627526600502,92.2959706216916,12.99138746895214,80.17918407130294,1.8531588183490442,3.8863482701939938,10.215679040253406,3.191037225759289,1.0,1,0,1,2026-04-05 13:20:10
606,6,36.73178585304545,54.586403226142195,102.91558955772629,13.084875960521579,80.10429633651248,2.0093942698689204,3.721572117621445,4.172846737530769,1.980762625004227,0.6602520074947174,0,0,1,2026-04-05 13:20:11
607,7,35.85618146875672,64.7764613220285,106.70636725213149,12.999726014994131,80.11311341317446,2.445152575379929,4.13587874380167,0.4858043747968708,1.413367138795694,0.47112080919586735,0,0,1,2026-04-05 13:20:13
608,8,28.246706189024444,74.71118779300384,93.70158732233104,12.949935158758409,80.22116861576465,1.8585979248122229,1.7355943480988394,3.4136712067676633,1.4015726959357453,0.46718934134744394,0,0,0,2026-04-05 13:20:15
609,9,29.04136411413249,69.76053686818327,96.45486087743166,12.9087482360671,80.19770624844752,2.3022058084529284,1.7807881236471144,2.005939388247242,1.217786664069457,0.40592753493136924,0,0,0,2026-04-05 13:20:16
610,10,31.50563616154518,75.86160955764132,100.44103902464195,12.909465164245056,80.15899079096127,2.063045210144697,2.001003978687919,0.3890431469125666,0.8906184671490366,0.29687183281023616,0,0,0,2026-04-05 13:20:18
611,11,31.32589562612501,79.10721472151232,90.76630357638723,13.076929213315346,80.29256332083462,0.7668875656935512,0.705247630588642,11.655199354857572,2.6254669102279533,0.8751527195669192,0,0,0,2026-04-05 13:20:19
612,12,31.499369546531263,77.33815955938414,111.90711788861594,12.92391915987617,80.21550295829283,1.1266118705004722,2.659277586097853,0.7636141808907304,0.9099007274978111,0.303299231501832,0,0,0,2026-04-05 13:20:21
613,13,31.538179738645198,71.32004206890555,118.64571997416209,12.950987788209884,80.25075303846799,2.5595014350680287,1.6014716794141617,2.305974160501904,1.293389454996819,0.4311283812376689,0,0,0,2026-04-05 13:20:23
614,14,30.096269521122174,78.52880893641175,88.53399165425266,13.094559133644639,80.2191680386147,0.5861742084511938,0.7409669797937065,1.5321930426757504,0.5718668461841302,0.19062164665588788,0,0,0,2026-04-05 13:20:24
615,15,31.17325903633967,79.59559355770767,80.15237025037656,12.999450391709688,80.22431258349924,1.039797780303001,1.4020422478783072,0.11083013260464725,0.5105340321571912,0.17017744346091884,0,0,0,2026-04-05 13:20:26
616,16,29.891347187245294,67.01043177971323,92.7911521126351,12.914657929426525,80.13858914449412,2.9306774189205314,0.8972712725331403,1.1545701184465358,0.9965037619800415,0.33216681343730237,0,0,0,2026-04-05 13:20:27
617,17,30.699653939167316,69.64448792633323,118.51464821716505,12.983278183240614,80.20320424018985,0.37665693311523896,2.097048069690745,0.7207132715812925,0.6388836548774554,0.2129605084241237,0,0,0,2026-04-05 13:20:29
618,18,28.786145774531523,76.76105746067725,109.16981291612183,13.071278349446022,80.14335565320766,1.5651237025495632,5.828442634681253,2.646711682350748,2.008055603916313,0.6693496368066484,0,0,0,2026-04-05 13:20:31
619,19,29.06245156347397,71.540040933884,97.40800550003775,13.017473117184707,80.22619453157766,1.2776345858507945,1.5832022424074914,0.2082096921866885,0.6138093040889949,0.20460241935493378,0,0,0,2026-04-05 13:20:32
620,20,31.552412894890136,63.720621055006,113.76864826085065,12.974492425927098,80.25557281067697,1.809609273260211,1.2330312402203656,1.4883644527527338,0.9062009932466621,0.30206599086225117,0,0,0,2026-04-05 13:20:34
621,1,29.01526131468177,70.06920099863859,81.39430981275046,13.09847086612494,80.13626194079086,3.717487661074717,3.0088827616514444,2.2405365911543846,1.7933814027761095,0.5977918082860089,0,0,0,2026-04-05 13:20:40
622,2,40.63315372953382,59.829858288066305,155.17570851126996,12.964337493462965,80.10581968663138,10.324951488036724,8.215432123684751,10.969348312475255,5.901946384839347,1.0,1,0,1,2026-04-05 13:20:42
623,3,28.99333574663744,75.90221055436788,99.4131571358808,13.097773155447362,80.24707536019372,1.6899378043406301,1.1682031569362767,1.270600343401501,0.8257482609356817,0.2752485028168845,0,0,0,2026-04-05 13:20:44
624,4,28.409401989480184,68.42173486292255,92.70144837895485,13.010478890491848,80.2790514407914,3.5580462411569123,2.1866391754210746,2.1652772186378826,1.581992527043174,0.5273290845841094,0,0,0,2026-04-05 13:20:45
625,5,36.18182583482454,51.66667098707697,82.9549546549772,12.99138746895214,80.17918407130294,0.3835070714606772,5.870037655164218,2.1175805339002096,1.674225052105021,0.5580731571244832,0,0,1,2026-04-05 13:20:47
626,6,33.26461820555659,74.36581822397308,112.26394607226676,13.084875960521579,80.10429633651248,1.6163566882596072,3.773130861700006,3.467167647488864,1.7713310394896957,0.5904417116908596,0,0,1,2026-04-05 13:20:49
627,7,32.09728706733592,62.47914954564698,86.50214349040849,12.999726014994131,80.11311341317446,6.366953710243813,5.310515574163637,3.758894401420804,3.087272737165651,1.0,1,0,1,2026-04-05 13:20:50
628,8,29.73501157993361,60.66250839181107,101.24777966895087,12.949935158758409,80.22116861576465,0.38095748561760345,1.5107228281809835,1.488305390909165,0.6759971409415504,0.22533162920841943,0,0,0,2026-04-05 13:20:52
629,9,28.117069985802928,73.7339557709855,97.56672981052438,12.9087482360671,80.19770624844752,3.264654426347093,2.7962691102004222,0.9242941283295636,1.3970435329754158,0.46567962539305396,0,0,0,2026-04-05 13:20:54
630,10,30.972502384060142,65.90632802000253,115.05993279360749,12.909465164245056,80.15899079096127,2.6692169661007625,1.4878182525143941,0.5331337774850375,0.9380337992200389,0.3126768908170436,0,0,0,2026-04-05 13:20:55
631,11,30.567005703006924,66.7988607221691,89.32156480012756,13.076929213315346,80.29256332083462,0.09122707312193867,1.400669950593657,0.7588899231180868,0.4501573893667365,0.15005196294903567,0,0,0,2026-04-05 13:20:57
632,12,31.51811074669408,75.38742412560745,81.35807352991831,12.92391915987617,80.21550295829283,1.0840982100536642,1.7347363065342474,0.018741200162818217,0.5675151433501461,0.18917108387976908,0,0,0,2026-04-05 13:20:59
633,13,28.213041124806214,69.53183546328354,86.27418616378911,12.950987788209884,80.25075303846799,0.9021013708157355,2.7221372823663947,3.325138613838984,1.389875453404223,0.463290273500496,0,0,0,2026-04-05 13:21:00
634,14,29.174409904474942,75.48975802995888,100.98653905512158,13.094559133644639,80.2191680386147,0.9340231943047783,0.5618760991234844,0.9218596166472324,0.4835517820150991,0.16118339006039947,0,0,0,2026-04-05 13:21:02
635,15,28.094224382325574,64.50827086130629,88.55985502197771,12.999450391709688,80.22431258349924,2.1859030832457442,2.3439484168515663,3.0790346540140945,1.521777230822281,0.5072573860828067,0,0,0,2026-04-05 13:21:04
636,16,30.740927681512847,72.90303860381383,85.00225156932697,12.914657929426525,80.13858914449412,2.0788417418368645,4.249219482092728,0.8495804942675527,1.435528343639429,0.4785078528536335,0,0,0,2026-04-05 13:21:05
637,17,28.840872799205023,68.3554489054827,107.44625046549592,12.983278183240614,80.20320424018985,2.1729344579929375,2.9939134110758494,1.8587811399622929,1.405125801806216,0.46837370602305195,0,0,0,2026-04-05 13:21:07
638,18,29.19945238186431,66.228071151797,81.96512331772203,13.071278349446022,80.14335565320766,1.02172427600388,2.382397192115475,0.4133066073327889,0.7634856150904289,0.2544943567156206,0,0,0,2026-04-05 13:21:09
639,19,29.147529558836432,61.65230377030096,83.45792562213605,13.017473117184707,80.22619453157766,1.0710579989204945,1.2549484240653233,0.08507799536246097,0.48221688366965576,0.16073842542846717,0,0,0,2026-04-05 13:21:11
640,20,28.410415699752885,74.10093702111627,94.49293459812175,12.974492425927098,80.25557281067697,1.3903834328428069,0.6127205908515686,3.1419971951372503,1.0290202437663252,0.34300560457009316,0,0,0,2026-04-05 13:21:12
641,1,28.731887099957973,76.02512662159214,87.35830027687929,13.09847086612494,80.13626194079086,3.8934245158582215,1.8142730640073073,0.2833742147237963,1.198214358917865,0.39940345496110513,0,0,0,2026-04-05 13:21:19
642,2,31.840946141183135,79.79144175948821,116.8396936685291,12.964337493462965,80.10581968663138,0.9969548100712622,0.7416010476486884,8.792207588350681,2.1061526892141265,0.7020485562428547,0,0,0,2026-04-05 13:21:21
643,3,28.820821442299593,63.12615495521171,85.19099910781708,13.097773155447362,80.24707536019372,1.8709119497429185,0.8088269464731729,0.17251430433784876,0.570450640110788,0.1901495795383309,0,0,0,2026-04-05 13:21:22
644,4,28.825210978162726,64.25547991261455,97.62727871300612,13.010478890491848,80.2790514407914,1.9695947985962867,0.4893668183068994,0.41580898868254224,0.5749541211171457,0.19165073486993234,0,0,0,2026-04-05 13:21:24
645,5,34.963734390819695,61.32340145664193,114.20480205577412,12.99138746895214,80.17918407130294,0.9780722196044209,6.269525477364019,1.2180914440048412,1.6931378281946565,0.5643773948069029,0,0,1,2026-04-05 13:21:26
646,6,37.15154940295633,72.32349364054022,82.11167355138966,13.084875960521579,80.10429633651248,2.388704233930156,7.142007219903593,3.88693119739974,2.683528530246698,0.8945065283938046,0,0,1,2026-04-05 13:21:28
647,7,35.22722281050961,53.97163139032752,115.07754249038999,12.999726014994131,80.11311341317446,3.1291370391021758,3.225845172553895,3.1299357431736894,1.896983590965952,0.6323257559027976,0,0,1,2026-04-05 13:21:29
648,8,29.81306872133056,60.50289691871367,100.67939804482432,12.949935158758409,80.22116861576465,0.22424726324203803,1.425755181337801,0.07805714139695041,0.34561191719535794,0.11520358838649136,0,0,0,2026-04-05 13:21:31
649,9,31.732680355356212,73.20696269706951,100.11946921012111,12.9087482360671,80.19770624844752,0.5090937380452907,0.9647864046612847,3.615610369553284,1.017898102451972,0.339298236489869,0,0,0,2026-04-05 13:21:33
650,10,31.576486319586504,77.91619044739443,91.59576386252283,12.909465164245056,80.15899079096127,2.2044500744840256,0.3500427489119294,0.6039839355263616,0.6316953517844633,0.21056441538010318,0,0,0,2026-04-05 13:21:35
651,11,31.92444875477213,77.63861730470373,105.28429480162917,13.076929213315346,80.29256332083462,1.3374829844881617,2.9843013131263754,1.3574430517652054,1.1358454698759486,0.3786138945790009,0,0,0,2026-04-05 13:21:36
652,12,31.295546723841863,66.03479366325477,90.56782124962848,12.92391915987617,80.21550295829283,0.7534759849277108,1.667372411020434,0.2225640228522181,0.5286824837600727,0.176226907163667,0,0,0,2026-04-05 13:21:38
653,13,30.46049178535308,78.90534189000752,83.1584954580466,12.950987788209884,80.25075303846799,0.5284122806352158,1.1775180293704999,2.2474506605468676,0.7906761941105167,0.2635578528439961,0,0,0,2026-04-05 13:21:40
654,14,30.119575273939986,75.8443725345785,119.86123216743684,13.094559133644639,80.2191680386147,0.04202598138490288,1.358557675858697,0.9451653694650446,0.4691498053417289,0.15638274717141906,0,0,0,2026-04-05 13:21:42
655,15,28.859576716520234,60.79143022135002,111.4270764152945,12.999450391709688,80.22431258349924,1.3972392063143069,0.25193925879958573,0.7653523341946595,0.4829061598617105,0.1609681833932922,0,0,0,2026-04-05 13:21:44
656,16,29.356821584358485,72.2527247252445,107.79867215745209,12.914657929426525,80.13858914449412,3.5796643521220517,2.359882687683465,1.384106097154362,1.4647306273919758,0.48824191499094194,0,0,0,2026-04-05 13:21:45
657,17,30.18346252383983,78.90146735734942,96.84750958277101,12.983278183240614,80.20320424018985,0.7316879370930636,2.15818382560291,1.3425897246348057,0.846492297466156,0.28216315861152325,0,0,0,2026-04-05 13:21:47
658,18,28.010249076963603,76.88207612436727,115.95995907533508,13.071278349446022,80.14335565320766,2.1936033238316597,5.693304027511033,1.1892033049007082,1.8152221312486803,0.6050720268428039,0,0,0,2026-04-05 13:21:49
659,19,31.96775592649843,78.08502996739924,86.68717454446816,13.017473117184707,80.22619453157766,1.809501273987859,2.8166042797941144,2.8202263676619985,1.4892663842887943,0.49642047336135353,0,0,0,2026-04-05 13:21:51
660,20,30.35920587376241,70.9871129286838,83.60775443819028,12.974492425927098,80.25557281067697,0.5516852720253915,0.7156840737548992,1.948790174009524,0.6432319039579629,0.21440991995292114,0,0,0,2026-04-05 13:21:53
661,1,31.075576922638056,72.06606127727422,106.77157293052322,13.09847086612494,80.13626194079086,0.9996552188803491,3.365767324896931,2.3436898226800835,1.3418224732914728,0.4472726668549347,0,0,0,2026-04-05 13:22:00
662,2,30.680903611834985,70.47714508031001,87.7158184302163,12.964337493462965,80.10581968663138,0.3278625502362331,2.2553279779675477,1.16004252934815,0.7486466115103863,0.2495480386766665,0,0,0,2026-04-05 13:22:01
663,3,31.26560645908916,62.955725572475274,115.52418221522058,13.097773155447362,80.24707536019372,0.5406163882609434,0.8356743160804712,2.4447850167895666,0.7642151442261963,0.2547375322836245,0,0,0,2026-04-05 13:22:03
664,4,31.01361769155107,78.368701468818,110.65214212989241,13.010478890491848,80.2790514407914,0.3673502096108052,1.2541970092556187,2.1884067133883427,0.7619907864509534,0.25399608216337727,0,0,0,2026-04-05 13:22:05
665,5,32.31305496893865,67.99016251780094,112.34416530705994,12.99138746895214,80.17918407130294,3.808626137952338,1.976123246652487,2.650679421881044,1.687085761297174,0.562360045898905,0,0,1,2026-04-05 13:22:07
666,6,31.78501573007659,57.96069145392025,83.39361563748677,13.084875960521579,80.10429633651248,2.9835380848075026,2.6421375136615133,5.366533672879736,2.1984418542697504,0.7328115087182211,0,0,1,2026-04-05 13:22:09
667,7,32.50174323916307,61.67259620526818,112.63233066377693,12.999726014994131,80.11311341317446,5.815412357049709,2.1670073532506557,2.72547957134654,2.1415798563293813,0.7138575725845518,0,0,1,2026-04-05 13:22:11
668,8,29.106427661644528,62.47089586632372,83.61075706071054,12.949935158758409,80.22116861576465,0.8855162267167138,1.5400726827003968,0.7066410596860315,0.6264459938206285,0.20881463522475874,0,0,0,2026-04-05 13:22:13
669,9,29.503155429220875,63.311487990427146,101.30398902663983,12.9087482360671,80.19770624844752,1.7177816688187804,1.4208166508543212,2.229524926135337,1.0736246491616876,0.3578736901415954,0,0,0,2026-04-05 13:22:15
670,10,31.800167448776506,76.20370193974199,103.58919631242212,12.909465164245056,80.15899079096127,1.989655556498434,1.7483262029694313,0.22368112919000183,0.7923325777315735,0.26410997887726156,0,0,0,2026-04-05 13:22:16
671,11,56.15828179417205,73.95043219974909,96.78669195687245,13.076929213315346,80.29256332083462,25.405398567919136,25.358681985978638,24.23383303939992,14.99958271865954,1.0,1,0,1,2026-04-05 13:22:18
672,12,28.187366480760303,60.310417862477784,112.54325927793138,12.92391915987617,80.21550295829283,2.3316568206614505,1.5026584779791914,3.1081802430815593,1.3884991083444405,0.462831493343169,0,0,0,2026-04-05 13:22:20
673,13,29.989414133600135,78.01469485886604,86.58894399311612,12.950987788209884,80.25075303846799,0.053354372226575464,1.0182752883192379,0.471077651752946,0.3085414624597519,0.1028468113305462,0,0,0,2026-04-05 13:22:22
674,14,31.6234493840568,65.11941443252829,103.70520997218854,13.094559133644639,80.2191680386147,1.527436937040985,8.412327292508172,1.503874110116815,2.2887276679331947,0.7629066796221328,0,0,0,2026-04-05 13:22:24
675,15,30.544212201882694,65.5329742453297,112.8360061541744,12.999450391709688,80.22431258349924,0.37991096810662484,0.656433243592962,1.6846354853624597,0.5441959394124093,0.1813980418106637,0,0,0,2026-04-05 13:22:26
676,16,31.1433339440899,71.55871604191658,91.34856154284878,12.914657929426525,80.13858914449412,1.7958021413106486,0.9198141172701817,1.7865123597314145,0.9004257236624491,0.30014090741779165,0,0,0,2026-04-05 13:22:28
677,17,31.658396759683797,63.93378670517941,86.77771146002581,12.983278183240614,80.20320424018985,0.7241085577219231,1.440270621698409,1.4749342358439677,0.72786268305286,0.24262008561733459,0,0,0,2026-04-05 13:22:30
678,18,31.36000110118534,68.3422422642099,101.65639299154086,13.071278349446022,80.14335565320766,1.3550465494675308,0.6170603151387546,3.3497520242217362,1.0643717777656043,0.35478940995716823,0,0,0,2026-04-05 13:22:32
679,19,29.30514122820106,69.35297062839638,93.0366347619825,13.017473117184707,80.22619453157766,0.8771460539188354,1.5487970502419077,2.6626146982973715,1.017711560491623,0.3392360560436875,0,0,0,2026-04-05 13:22:34
680,20,40.37061723899838,57.63059711437799,144.67267952303183,12.974492425927098,80.25557281067697,10.492105767175357,10.490599239955925,10.011411365235968,6.19882327447345,1.0,1,0,1,2026-04-05 13:22:36
681,1,31.277257183120216,73.82761207802236,115.27486750466761,13.09847086612494,80.13626194079086,0.9164154196365963,0.31223155531936087,0.20168026048215992,0.28606544708762344,0.09535483117977055,0,0,0,2026-04-05 13:22:42
682,2,30.324748422363726,72.1952715323466,118.37605091223935,12.964337493462965,80.10581968663138,0.727249600832149,1.490333121646099,0.35615518947125935,0.5147475823899015,0.17158195552344874,0,0,0,2026-04-05 13:22:44
683,3,31.545459460183913,64.04209153191627,102.55073222987355,13.097773155447362,80.24707536019372,0.6600403324426125,8.977043496614625,0.27985300109475375,1.9833873660303984,0.6611269182537386,0,0,0,2026-04-05 13:22:46
684,4,30.23042431495966,69.70326372356969,89.49219467904018,13.010478890491848,80.2790514407914,0.43317067020734257,3.793087965906784,0.7831933765914094,1.0018904025411075,0.3339623543058548,0,0,0,2026-04-05 13:22:48
685,5,34.03382137425368,56.86692135035345,92.43084830890885,12.99138746895214,80.17918407130294,2.1062185931365676,3.5312379776644938,1.7207664053150253,1.4716445952232173,0.49054656325252827,0,0,1,2026-04-05 13:22:50
686,6,34.84640796659072,54.99690574289386,113.15660538583563,13.084875960521579,80.10429633651248,0.2743998932295213,3.133407458767843,3.061392236514127,1.2938399177022983,0.4312785349723162,0,0,1,2026-04-05 13:22:52
687,7,32.46996634191798,58.32013794296042,81.32581038548959,12.999726014994131,80.11311341317446,5.718871434441489,1.606346064207531,0.03177689724508781,1.4713988791788217,0.4904646581774133,0,0,1,2026-04-05 13:22:54
688,8,31.481783872647604,62.99892746879375,97.3219131932567,12.949935158758409,80.22116861576465,1.4365675556165947,1.6544666726569872,2.3753562110030764,1.0932780878553316,0.3644248145357288,0,0,0,2026-04-05 13:22:56
689,9,29.44997783319329,70.09273456154902,82.29959920045589,12.9087482360671,80.19770624844752,1.6651176971032164,1.8815356691568386,0.05317759602758443,0.7199661924575279,0.23998793085940642,0,0,0,2026-04-05 13:22:58
690,10,29.598829809604908,76.17962798024242,157.74487119884898,12.909465164245056,80.15899079096127,4.271577540774459,1.034939813247071,2.201337639171598,1.5015709986386254,0.5005219978062158,0,0,1,2026-04-05 13:23:00
691,11,30.526575551650716,67.54003314155162,108.93633646161518,13.076929213315346,80.29256332083462,1.6059628604580851,0.8039696592101132,25.631706242521332,5.608327752437907,1.0,1,0,0,2026-04-05 13:23:02
692,12,28.968989850739256,72.11994948374742,105.29546882962421,12.92391915987617,80.21550295829283,1.3705795882274288,1.3380687624077545,0.7816233699789521,0.6980543441228271,0.23268400576092316,0,0,0,2026-04-05 13:23:04
693,13,29.514858851584563,76.48538873126218,85.0080112613602,12.950987788209884,80.25075303846799,0.5717325590602869,4.456184136440721,0.4745552820155723,1.1004943955033162,0.3668302424002974,0,0,0,2026-04-05 13:23:06
694,14,29.61941334649066,79.78796742845324,102.4348618135462,13.094559133644639,80.2191680386147,0.46109668759435607,1.0491601457143034,2.0040360375661415,0.7028585741749602,0.23428541044028528,0,0,0,2026-04-05 13:23:08
695,15,30.074128664360313,79.07097974562151,107.90809385425055,12.999450391709688,80.22431258349924,0.10210506773577421,4.216581368706934,0.4700835375223811,0.9577539947930179,0.31925026743011453,0,0,0,2026-04-05 13:23:10
696,16,31.95066790599723,63.469154595812824,81.24307909627824,12.914657929426525,80.13858914449412,0.9607838045553265,2.159482550943254,0.8073339619073288,0.7855200634811819,0.26183914836323274,0,0,0,2026-04-05 13:23:12
697,17,29.903417243709953,78.37823351665901,93.53866254693526,12.983278183240614,80.20320424018985,0.6697345982077465,1.959827393377245,1.7549795159738437,0.8769083015117671,0.2923017928312796,0,0,0,2026-04-05 13:23:14
698,18,28.95405831097949,62.56335052414383,98.12798450773643,13.071278349446022,80.14335565320766,1.1951930455888196,3.910485519563481,2.405942790205849,1.5023242710716298,0.5007730877802506,0,0,0,2026-04-05 13:23:16
699,19,28.49557503517216,78.19293961856795,109.57453264430762,13.017473117184707,80.22619453157766,1.6536153302237864,4.953812680517388,0.8095661930288998,1.483398840754015,0.49446463203589824,0,0,0,2026-04-05 13:23:18
700,20,29.774688574162617,68.44887281099686,81.63105121027111,12.974492425927098,80.25557281067697,0.6875412770587097,0.7554550370869121,10.59592866483576,2.4077849957962765,0.8025923232910145,0,0,0,2026-04-05 13:23:20
701,1,29.860125949462294,66.20661003859527,87.40454851611474,13.09847086612494,80.13626194079086,2.4002829232942346,2.044354086194287,1.4171312336579227,1.172353648629289,0.3907832469322732,0,0,0,2026-04-05 13:23:27
702,2,30.149319496165955,64.3307858472111,113.01220731437374,12.964337493462965,80.10581968663138,0.9545276431736163,1.5574949807147824,0.17542892619777106,0.537490310017234,0.17916283946294645,0,0,0,2026-04-05 13:23:29
703,3,29.279380316970983,62.466425046977236,119.77545850567999,13.097773155447362,80.24707536019372,1.185775872055789,0.7903445153327446,2.266079143212931,0.848439906120293,0.2828123593322332,0,0,0,2026-04-05 13:23:31
704,4,29.708652108944875,65.47590565928114,104.9738729960791,13.010478890491848,80.2790514407914,0.5394313358460394,0.5481966981352985,0.5217722060147842,0.32188004799922443,0.10729299168976918,0,0,0,2026-04-05 13:23:33
705,5,33.2619677892629,66.07128910156393,117.92140701405552,12.99138746895214,80.17918407130294,2.8362798377223157,3.770927474848756,0.7718535849907795,1.4758121795123702,0.49193575338494544,0,0,1,2026-04-05 13:23:35
706,6,35.01108590607584,62.25069340504595,85.01430649054377,13.084875960521579,80.10429633651248,0.3623150950488707,4.5830357052892525,0.16467793948512366,1.0220057479646494,0.34066744709672614,0,0,1,2026-04-05 13:23:37
707,7,35.01483022859911,56.47506602039917,112.33068431695904,12.999726014994131,80.11311341317446,2.987584967746926,4.226381696462995,2.544863886681128,1.9517661101782098,0.650586534770954,0,0,1,2026-04-05 13:23:39
708,8,28.641517582401093,66.69321793160535,98.03953207909845,12.949935158758409,80.22116861576465,1.4804235849502234,0.8209043996101641,2.840266290246511,1.0283188549613798,0.34277180908109633,0,0,0,2026-04-05 13:23:41
709,9,29.00942124498511,72.06988011675924,114.30783347920836,12.9087482360671,80.19770624844752,2.0231265419850537,0.3325812071498895,0.44055658820818167,0.559252867468625,0.18641700109953802,0,0,0,2026-04-05 13:23:43
710,10,28.248905423022965,66.85403948436218,116.84446390172928,12.909465164245056,80.15899079096127,2.5692636576569576,1.7274542442175662,1.349924386581943,1.1293284576912934,0.37644156442521637,0,0,0,2026-04-05 13:23:46
711,11,30.41044205924565,75.03050045396081,116.54076518722403,13.076929213315346,80.29256332083462,1.8394837500075631,0.8746268017768107,0.11613349240506565,0.566048808837888,0.18868230733827154,0,0,0,2026-04-05 13:23:48
712,12,31.277030454153092,66.26175973712894,110.52691295750972,12.92391915987617,80.21550295829283,0.9102577749991454,2.221764561162837,2.3080406034138363,1.0880125879151639,0.36266965373954213,0,0,0,2026-04-05 13:23:50
713,13,28.017095758586933,61.354122515549825,92.27816777661049,12.950987788209884,80.25075303846799,2.0184638704081053,1.8806497783186675,1.49776309299763,1.0793753483448807,0.35979058347968196,0,0,0,2026-04-05 13:23:52
714,14,29.08286281829476,78.5189751738252,93.38817431367413,13.094559133644639,80.2191680386147,0.883842968793477,0.703794840916571,0.5365505281958995,0.4248376675811895,0.1416120838201171,0,0,0,2026-04-05 13:23:54
715,15,29.22949627053047,78.76413389659069,107.13129785513587,12.999450391709688,80.22431258349924,1.0105660452883285,0.6510115040566475,0.8446323938298441,0.5012419886349642,0.1670801059446349,0,0,0,2026-04-05 13:23:56
716,16,28.9405107244725,71.9244019876402,105.87832705336211,12.914657929426525,80.13858914449412,3.9962713677673527,0.6564415312185332,3.010157181524729,1.532574016102123,0.5108563025130326,0,0,0,2026-04-05 13:23:58
717,17,28.81713342015407,79.06824669161358,96.30110521677645,12.983278183240614,80.20320424018985,1.7310315810481214,1.6776043524127335,1.0862838235558812,0.8989839514033473,0.2996603182667215,0,0,0,2026-04-05 13:24:00
718,18,29.005881957838007,74.68266160476931,97.98030431480771,13.071278349446022,80.14335565320766,1.0711322216200188,4.289465403541075,0.051823646858515815,1.082484254403922,0.3608268820450338,0,0,0,2026-04-05 13:24:03
719,19,31.206198883270467,61.17978571237866,94.3990797401506,13.017473117184707,80.22619453157766,1.0344246774312857,1.9324261283214146,2.710623848098308,1.1354949307702018,0.37849704859990524,0,0,0,2026-04-05 13:24:05
720,20,30.14557416366253,67.5473299043731,85.97003358243211,12.974492425927098,80.25557281067697,0.31541062719038493,1.5162042931563657,0.37088558949991324,0.4405001019693328,0.14683287788018468,0,0,0,2026-04-05 13:24:07
721,1,30.016906169752154,71.83510672421767,90.93167819279327,13.09847086612494,80.13626194079086,2.2416079785464333,2.313082433231743,0.1567802202898605,0.9422941264136074,0.3140969951478853,0,0,0,2026-04-05 13:24:14
722,2,31.25446698613289,69.00318537776016,89.16360355671004,12.964337493462965,80.10581968663138,0.07230869810585716,3.0266270224121783,1.1051474899669351,0.8408166420969941,0.28027127979473204,0,0,0,2026-04-05 13:24:16
723,3,28.97532701220613,66.54531644541481,104.57322005097704,13.097773155447362,80.24707536019372,1.483979456937771,1.257840908064163,0.30405330476485304,0.6091747339533574,0.20305756779255982,0,0,0,2026-04-05 13:24:18
724,4,28.56821504739886,61.41239051576615,94.79781213826365,13.010478890491848,80.2790514407914,1.7228821515319481,1.62554139175563,1.1404370615460167,0.8977721209667191,0.29925637613431927,0,0,0,2026-04-05 13:24:20
725,5,35.618547885645945,64.71467046466205,86.62079192914537,12.99138746895214,80.17918407130294,0.3225776505173812,5.867605027660943,2.3565800963830483,1.7093525549122748,0.5697822856964726,0,0,1,2026-04-05 13:24:23
726,6,34.106694429789,61.131464471357276,89.19416395991993,13.084875960521579,80.10429633651248,0.4980633742698899,3.3662455102659834,0.9043914762868397,0.9537400721645427,0.317912297680522,0,0,1,2026-04-05 13:24:25
727,7,32.789484608043644,67.3053743674522,101.3865154493523,12.999726014994131,80.11311341317446,5.138611071514255,2.7158945165728974,2.2253456205554656,2.0159702417285237,0.6719878406167058,0,0,1,2026-04-05 13:24:27
728,8,28.816699720076034,76.486736147529,109.17778035859575,12.949935158758409,80.22116861576465,1.1506611993666027,1.086789465214732,0.17518213767494117,0.4825265604512552,0.16084165067824946,0,0,0,2026-04-05 13:24:29
729,9,29.019080674892752,79.11621060338192,84.64525138318209,12.9087482360671,80.19770624844752,1.8910953659331824,1.0768353286489483,0.009659429907642902,0.5955180248979548,0.19850534661482955,0,0,0,2026-04-05 13:24:32
730,10,28.271577555776314,63.98847196076075,197.33958134952286,12.909465164245056,80.15899079096127,2.5149001227562557,1.4739630620631334,0.022672132753349672,0.8023070635145477,0.26743479638886125,0,0,1,2026-04-05 13:24:34
731,11,31.387160155357993,70.24344450295061,204.21868978627342,13.076929213315346,80.29256332083462,0.791332146633966,2.5116918627247435,0.976718096112343,0.8559484210942105,0.2853151893141058,0,0,1,2026-04-05 13:24:36
732,12,28.25886673448554,67.00387895700608,87.31702166886812,12.92391915987617,80.21550295829283,2.105770634771865,0.5199393006321044,3.0181637196675517,1.1287747310143044,0.37625698948146985,0,0,0,2026-04-05 13:24:39
733,13,31.333291430515146,77.52384928182596,105.77447350329885,12.950987788209884,80.25075303846799,1.4679585384523932,2.2595778911071114,3.316195671928213,1.4087464202975437,0.46958057483059845,0,0,0,2026-04-05 13:24:41
734,14,28.393423384926564,78.1509987259471,117.1683446304319,13.094559133644639,80.2191680386147,1.4924989667497712,2.1294719653516325,0.6894394333681966,0.86228207309392,0.2874263996099746,0,0,0,2026-04-05 13:24:44
735,15,29.69585429581901,76.81986048322551,107.782330619398,12.999450391709688,80.22431258349924,0.5654679016863149,0.9462617769866384,0.4663580252885424,0.39561754079229916,0.13187207402385298,0,0,0,2026-04-05 13:24:46
736,16,30.083394308302275,69.71364653272767,89.60462013195624,12.914657929426525,80.13858914449412,2.889442448079066,1.3490676879220327,1.142883583829775,1.0762787439661747,0.3587583854607734,0,0,0,2026-04-05 13:24:49
737,17,31.84985194561387,70.77210153942146,111.21481067927081,12.983278183240614,80.20320424018985,1.380346799403874,2.9852819384549236,3.0327185254597993,1.4796694526637193,0.493221506816217,0,0,0,2026-04-05 13:24:51
738,18,30.79280583683611,64.37699896941807,95.78984670427589,13.071278349446022,80.14335565320766,0.827249259924443,2.028822343748127,1.7869238789981026,0.9285990965341346,0.3095320004047102,0,0,0,2026-04-05 13:24:54
739,19,30.619985861268244,65.53440413493529,100.42106348609967,13.017473117184707,80.22619453157766,0.29467304632267144,0.8761364491335245,0.586213022002223,0.3514045034916838,0.11713444404908109,0,0,0,2026-04-05 13:24:56
740,20,38.812518344110806,65.818675708123,143.93071303527606,12.974492425927098,80.25557281067697,8.296635539060425,8.86390319530741,8.666944180448276,5.165496582963222,1.0,1,0,1,2026-04-05 13:24:59
741,1,30.923802017938645,75.13712757134597,112.63681202505076,13.09847086612494,80.13626194079086,1.3398627605873195,1.9480890753216578,0.9068958481864904,0.8389695368190936,0.27965558008776426,0,0,0,2026-04-05 13:25:06
742,2,29.11610306307128,68.60687730727138,98.69332411742926,12.964337493462965,80.10581968663138,2.1694114421507145,1.8283994324994417,2.138363923061611,1.2272349595423535,0.409076956257597,0,0,0,2026-04-05 13:25:08
743,3,28.160367715765265,75.7823646991381,91.5083753081737,13.097773155447362,80.24707536019372,2.2127593093284723,1.9731554180856687,0.8149592964408647,1.0001748047710013,0.33339049028869944,0,0,0,2026-04-05 13:25:11
744,4,85.42010650672242,69.36143836593396,97.85814668908691,13.010478890491848,80.2790514407914,55.14099752965835,52.3773203396564,56.85189145932356,32.87404186572766,1.0,1,0,1,2026-04-05 13:25:13
745,5,37.3227410902738,54.038473486658745,80.8992893618968,12.99138746895214,80.17918407130294,1.2864571904924418,6.60084372270676,1.704193204627856,1.9182988235654115,0.6394308097524379,0,0,1,2026-04-05 13:25:16
746,6,32.982755502221636,64.35899996194948,87.68766735735821,13.084875960521579,80.10429633651248,1.5861265844811498,1.48072468128217,1.123938927567366,0.8381580386661373,0.27938508160510706,0,0,1,2026-04-05 13:25:19
747,7,33.79612248463265,56.179855573409654,86.97774437694966,12.999726014994131,80.11311341317446,3.9192735929302103,3.7366515583330204,1.0066378765890036,1.732512605570447,0.5775022768492262,0,0,1,2026-04-05 13:25:21
748,8,29.41979922767564,67.25036049701562,116.00097287154341,12.949935158758409,80.22116861576465,0.5270539153089189,1.8348258046559458,0.6030995075996053,0.5929958455128941,0.19766462295555484,0,0,0,2026-04-05 13:25:24
749,9,30.24634520385597,71.8729022383973,108.22890650525967,12.9087482360671,80.19770624844752,0.6613552003362884,1.5962640312101388,1.227264528963218,0.696976752101929,0.23232480961794427,0,0,0,2026-04-05 13:25:26
750,10,30.387691122724288,63.19436852851729,105.85367293231552,12.909465164245056,80.15899079096127,0.2752736439893866,0.8581557071763596,2.1161135669479734,0.649908583622744,0.21663547242267323,0,0,0,2026-04-05 13:25:28
751,11,28.56804778445394,64.62275751267396,108.34437899060796,13.076929213315346,80.29256332083462,3.7306537011448135,19.14478773016151,2.819112370904051,5.138910760442076,1.0,1,0,0,2026-04-05 13:25:31
752,12,28.623402736907085,62.58989265089432,104.42112201394372,12.92391915987617,80.21550295829283,1.671712858581916,1.7097425504418335,0.36453600242154494,0.749198282289059,0.2497319283232586,0,0,0,2026-04-05 13:25:34
753,13,31.6194296309539,69.54698057638267,100.63018713803422,12.950987788209884,80.25075303846799,1.7346522777305182,4.129582003493994,0.28613820043875293,1.2300744963326529,0.4100234653659997,0,0,0,2026-04-05 13:25:37
754,14,30.870880062957124,70.20803252822363,114.47088536553966,13.094559133644639,80.2191680386147,1.0539434294365897,1.7547462757946402,2.47745667803056,1.0572292766523579,0.35240858418883864,0,0,0,2026-04-05 13:25:40
755,15,29.620554414165724,63.44409233443141,85.2367806405461,12.999450391709688,80.22431258349924,0.6523489078379825,4.140230969498583,0.0752998816532866,0.9735759517979704,0.3245242355185384,0,0,0,2026-04-05 13:25:42
756,16,29.887248075818572,70.5931650453203,104.15593474440035,12.914657929426525,80.13858914449412,3.150540510263422,0.5435617292301357,0.19614623248370222,0.778049694395452,0.25934903363503853,0,0,0,2026-04-05 13:25:45
757,17,28.125031901027867,77.2545636212405,111.44994916856409,12.983278183240614,80.20320424018985,2.482487123510513,3.9959996763438546,3.7248200445860036,2.0406613688880744,0.6802181889020618,0,0,0,2026-04-05 13:25:47
758,18,31.659863028043908,60.843646821681034,83.59192110312328,13.071278349446022,80.14335565320766,1.6450298013704021,1.3984043136239102,0.8670571912077989,0.7820982612404223,0.26069855141830267,0,0,0,2026-04-05 13:25:50
759,19,30.22225647299486,65.00279549286033,89.27270001916943,13.017473117184707,80.22619453157766,0.18952569737269798,3.7630628339706917,0.3977293882733832,0.8700635839233546,0.29002022790702514,0,0,0,2026-04-05 13:25:52
760,20,28.114425217659903,78.90419148463741,90.37762799323485,12.974492425927098,80.25557281067697,2.8266242316684043,2.105502539938518,10.698093126450903,3.126043979611565,1.0,1,0,0,2026-04-05 13:25:55
761,1,28.555889373181763,72.84582975921305,85.7751085338172,13.09847086612494,80.13626194079086,3.714469725332144,3.2819434912257925,2.3679126447568812,1.8728651722629637,0.6242863097999553,0,0,0,2026-04-05 13:26:02
762,2,30.619899811548226,72.61585791994226,105.30691386568779,12.964337493462965,80.10581968663138,0.5331452895902089,1.3803610325460045,1.5037967484769474,0.6834606141226323,0.22781944530939305,0,0,0,2026-04-05 13:26:05
763,3,29.329550267663517,77.66903756416201,119.39651392780648,13.097773155447362,80.24707536019372,0.9269954711780954,1.0651794946115085,1.1691825518982526,0.6322715035375713,0.21075646532430603,0,0,0,2026-04-05 13:26:08
764,4,29.04556364597767,64.427667512136,83.9744399865948,13.010478890491848,80.2790514407914,3.9147308015832643,0.8942740078410042,56.374542860744754,12.236709534033807,1.0,1,0,0,2026-04-05 13:26:10
765,5,34.940262854728495,70.71131521120098,97.92689950747783,12.99138746895214,80.17918407130294,1.2114169761805584,5.617648591999011,2.3824782355453067,1.842308760744975,0.6141008732454142,0,0,1,2026-04-05 13:26:12
766,6,34.97044459388673,68.1893389288388,101.24174079325208,13.084875960521579,80.10429633651248,0.41730871196480734,3.6331529652672927,1.9876890916650964,1.2076301537794394,0.40254204278633715,0,0,1,2026-04-05 13:26:15
767,7,34.2671264236164,63.425550816202765,91.12800727928898,12.999726014994131,80.11311341317446,3.422879253551166,2.309208812917588,0.47100393898375614,1.2406184010905021,0.4135380885698721,0,0,1,2026-04-05 13:26:17
768,8,30.32073282732212,68.55441896510997,80.63049176575963,12.949935158758409,80.22116861576465,0.320042255714732,1.7305759401136893,0.900933599646482,0.5903103590949808,0.19676946380011426,0,0,0,2026-04-05 13:26:19
769,9,28.703433409744875,69.57986517247782,106.12295360828969,12.9087482360671,80.19770624844752,2.223674858461827,1.1271959344648164,1.5429117941110952,0.9787565174075478,0.32625108496556604,0,0,0,2026-04-05 13:26:22
770,10,29.116896800603545,62.53912612768611,166.826317632697,12.909465164245056,80.15899079096127,1.0879697007810094,0.5591029099233857,1.270794322120743,0.5835733865650277,0.19452381377562997,0,0,1,2026-04-05 13:26:24
771,11,28.570295555603835,62.541806110759595,96.40736191844567,13.076929213315346,80.29256332083462,3.691612971357195,1.1783691032622687,0.002247771149892941,0.9744459691538714,0.324814240337156,0,0,0,2026-04-05 13:26:27
772,12,29.04503195323288,72.49341351708067,103.52118725711867,12.92391915987617,80.21550295829283,1.1279592676843926,1.3972323650994223,0.421629216325794,0.5893641698219217,0.19645406842707916,0,0,0,2026-04-05 13:26:29
773,13,29.208325224233974,75.24955996284359,94.14024550593402,12.950987788209884,80.25075303846799,0.7913548461772635,0.7898669602211044,2.411104406719925,0.7984652426236587,0.26615419369390725,0,0,0,2026-04-05 13:26:32
774,14,29.874713076388772,63.08603186280595,101.32483185762158,13.094559133644639,80.2191680386147,0.05327966414216334,0.7323745753720937,0.9961669865683511,0.35636424521652166,0.11878768577988795,0,0,0,2026-04-05 13:26:34
775,15,31.381435057275677,67.27828610889419,99.7069351612686,12.999450391709688,80.22431258349924,1.089308383221951,2.5608638600481335,1.760880643109953,1.0822105772760076,0.3607356566398137,0,0,0,2026-04-05 13:26:36
776,16,30.111732123962188,72.864948631977,84.72879685995495,12.914657929426525,80.13858914449412,2.9980021994498536,0.9704339083873315,0.22448404814361567,0.8385840311961601,0.2795270786417912,0,0,0,2026-04-05 13:26:39
777,17,43.613120667821086,74.53735570251973,129.33670697455764,12.983278183240614,80.20320424018985,13.11978507078149,11.398977088045655,15.488088766793219,8.001370185124074,1.0,1,0,1,2026-04-05 13:26:41
778,18,31.242284748951032,64.37156672702609,102.43944066933028,13.071278349446022,80.14335565320766,1.1235453533539221,3.146465631790113,0.4175782790928757,0.9375178528473823,0.31250490926609653,0,0,0,2026-04-05 13:26:44
779,19,29.12584791124347,73.01646875934227,97.01017707693296,13.017473117184707,80.22619453157766,1.2590772374968182,5.91809419873113,1.0964085617513923,1.6547159995958682,0.5515701612980851,0,0,0,2026-04-05 13:26:46
780,20,31.062622665462357,77.48554252413962,93.92097521125741,12.974492425927098,80.25557281067697,0.1563520424725411,0.9716665570606461,2.9481974478024533,0.8152432094671281,0.2717468306662738,0,0,0,2026-04-05 13:26:49
781,1,31.67846228475001,69.03073140306992,116.02802808430127,13.09847086612494,80.13626194079086,0.5033302643573734,1.843969684432313,3.1225729115682483,1.093974572071587,0.3646569751672784,0,0,0,2026-04-05 13:26:56
782,2,28.557598253108686,68.04560768574021,95.89810533003894,12.964337493462965,80.10581968663138,2.652735343801165,2.6076535296186925,2.0623015584395397,1.4645380863718795,0.4881777348648436,0,0,0,2026-04-05 13:26:59
783,3,28.1099218638902,60.271392692546165,87.83149233964212,13.097773155447362,80.24707536019372,2.139588521839727,1.080363650521825,1.2196284037733172,0.8879161152269739,0.2959710518388185,0,0,0,2026-04-05 13:27:01
784,4,28.22211065924863,69.76758384130807,92.4179379613158,13.010478890491848,80.2790514407914,4.778006747964863,2.3011912187452026,0.8234529867290377,1.5805301906878206,0.5268416407571377,0,0,0,2026-04-05 13:27:04
785,5,34.405523863981394,58.82864102848373,108.25946480088663,12.99138746895214,80.17918407130294,1.7586688332689917,5.837120521094445,0.5347389907471012,1.6261056690221074,0.542033416229315,0,0,1,2026-04-05 13:27:06
786,6,34.130036156633636,60.88812412166831,109.22727705859303,13.084875960521579,80.10429633651248,0.5627859073951242,1.8254718488496653,0.840408437253096,0.6457332386995772,0.21524369542087432,0,0,1,2026-04-05 13:27:09
787,7,34.85181867433877,62.63598987435796,91.94001323239814,12.999726014994131,80.11311341317446,2.920620190777136,3.4500163856584023,0.5846922507223695,1.3910657654315817,0.4636870428537177,0,0,1,2026-04-05 13:27:11
788,8,31.899465519896317,66.98559001579675,88.82106294303638,12.949935158758409,80.22116861576465,1.8804001122307312,5.753076336750183,1.5787326925741958,1.8424418283110222,0.6141452289529109,0,0,0,2026-04-05 13:27:14
789,9,29.04665021875304,77.21366786162059,104.06466702982588,12.9087482360671,80.19770624844752,1.7301852196428982,0.974893382837981,0.3432168090081653,0.609659082297809,0.2032190167025473,0,0,0,2026-04-05 13:27:16
790,10,30.611505924166412,64.18033380119658,99.92650943593262,12.909465164245056,80.15899079096127,0.4346549324878062,1.210367825517043,1.4946091235628671,0.6279263763135433,0.2093080944108664,0,0,0,2026-04-05 13:27:19
791,11,28.303418306793752,67.19399792635386,96.84209806523955,13.076929213315346,80.29256332083462,3.932982939703095,0.615366286681231,0.2668772488100828,0.9630452950388818,0.3210140282995329,0,0,0,2026-04-05 13:27:21
792,12,28.49608691956822,71.0512802524679,94.0827576896479,12.92391915987617,80.21550295829283,1.5685586236806017,1.5553934013928898,0.5489450336646584,0.7345794117476301,0.24485898771925096,0,0,0,2026-04-05 13:27:24
793,13,29.76584844994532,62.537357619396076,99.22044652335164,12.950987788209884,80.25075303846799,0.23703376732911607,1.566717605281711,0.5575232257113463,0.4722549196644347,0.15741778182887214,0,0,0,2026-04-05 13:27:26
794,14,30.45418874959727,60.96541290679118,96.62401935424799,13.094559133644639,80.2191680386147,0.5000132343960644,1.9411260556214647,0.5794756732084991,0.6041229926452057,0.20137365963620313,0,0,0,2026-04-05 13:27:29
795,15,29.758884841968023,67.38964880744213,108.86248550872335,12.999450391709688,80.22431258349924,0.6234311007399533,5.263670193357317,1.6225502153076548,1.5019303018809849,0.5006417651544445,0,0,0,2026-04-05 13:27:32
796,16,28.87395010551097,75.65574521946816,117.07023191392815,12.914657929426525,80.13858914449412,4.162245860176803,0.7422025947665981,1.2377820184512167,1.2284460946789237,0.40948066662408583,0,0,0,2026-04-05 13:27:34
797,17,28.4557696885612,76.83688941218472,101.81133305117082,12.983278183240614,80.20320424018985,2.6897811651860266,3.5655217200540434,15.157350979259885,4.282530772899991,1.0,1,0,0,2026-04-05 13:27:37
798,18,30.58264796372975,66.9053824572166,100.34490944181671,13.071278349446022,80.14335565320766,0.49674084246323247,2.9707910748443886,0.6596367852212808,0.8254337405057804,0.27514366302305004,0,0,0,2026-04-05 13:27:39
799,19,28.257266276502087,65.91942614569477,94.9894358039617,13.017473117184707,80.22619453157766,2.063278856374964,1.5018261221617735,0.868581634741382,0.886737322655624,0.295578122291467,0,0,0,2026-04-05 13:27:42
800,20,31.510211383125142,75.97300280424241,92.48336410479547,12.974492425927098,80.25557281067697,0.5311915838756143,1.2949812037027055,0.44758871766278574,0.4547523010482211,0.1515835950707568,0,0,0,2026-04-05 13:27:45
801,1,28.438080854229277,74.29829828670856,107.1073225756611,13.09847086612494,80.13626194079086,3.897418860048134,3.2842101024242765,3.240381430520735,2.0844020785986292,0.6947983768716202,0,0,0,2026-04-05 13:27:52
802,2,36.89855761501286,55.401313960000095,131.1225604943166,12.964337493462965,80.10581968663138,5.748730010720912,5.45279938034081,8.340959361904176,3.90849775059318,1.0,1,0,1,2026-04-05 13:27:55
803,3,28.213998517392458,70.47411844128769,98.76554123497007,13.097773155447362,80.24707536019372,2.035453993281969,0.7909592602385788,0.1040766535022577,0.5860979814045612,0.19536534258371177,0,0,0,2026-04-05 13:27:57
804,4,28.934921300670446,78.02321024695958,108.34059999424181,13.010478890491848,80.2790514407914,3.9677669075421846,1.3589695493068774,0.7128106414218145,1.2079094196541755,0.40263513110095484,0,0,0,2026-04-05 13:28:00
805,5,33.926632970253834,54.53762587560905,109.02014527744882,12.99138746895214,80.17918407130294,2.2294934849874153,5.102659367910064,0.47889089372755933,1.5622087493250079,0.5207345139932893,0,0,1,2026-04-05 13:28:02
806,6,32.481697727523475,61.68842828800592,90.87971506936728,13.084875960521579,80.10429633651248,2.1480536387878146,2.7709291946344066,1.6483384291101615,1.3134642525064766,0.4378199581022985,0,0,1,2026-04-05 13:28:05
807,7,36.47500728521094,65.3487657201819,116.64887364248683,12.999726014994131,80.11311341317446,1.208123899057803,2.954761322080073,1.6231886108721696,1.1572147664020092,0.3857369696774374,0,0,1,2026-04-05 13:28:08
808,8,31.88411693380695,74.49678023132779,116.60355359589343,12.949935158758409,80.22116861576465,1.7560203595260653,2.9782152477820367,0.015348586089366734,0.9499168386794937,0.316637890766862,0,0,0,2026-04-05 13:28:10
809,9,30.282260371605012,76.97264604445633,81.97730688482633,12.9087482360671,80.19770624844752,0.3576439173893178,1.2390918556000432,1.2356101528519723,0.5664691851682667,0.18882243231464785,0,0,0,2026-04-05 13:28:13
810,10,31.12250454871034,60.54835439534946,175.08898868843244,12.909465164245056,80.15899079096127,0.8477400594429589,1.9050720831489372,0.5109986245439266,0.6527621534271646,0.21758665918685757,0,0,1,2026-04-05 13:28:15
811,11,42.745637986788466,53.82387047661471,131.8547376633903,13.076929213315346,80.29256332083462,10.536168285187145,13.54460179756841,14.442219679994714,7.7045979525500545,1.0,1,0,1,2026-04-05 13:28:18
812,12,28.508150171718086,78.9650607010969,93.15850308239762,12.92391915987617,80.21550295829283,1.473147329808075,2.1359250800676755,0.012063252149864923,0.7242271324051232,0.24140823944090958,0,0,0,2026-04-05 13:28:21
813,13,28.91949623409275,68.92596393287215,82.63590403047306,12.950987788209884,80.25075303846799,0.9760184130146179,1.988893970373752,0.8463522158525691,0.7622529198481879,0.25408345967119705,0,0,0,2026-04-05 13:28:23
814,14,38.64801229617717,57.37123721900238,139.55203101128347,13.094559133644639,80.2191680386147,8.684210771586503,8.307461829690364,8.1938235465799,5.0370992295713535,1.0,1,0,1,2026-04-05 13:28:26
815,15,31.825446820657945,66.30593603401802,97.1479654969817,12.999450391709688,80.22431258349924,1.3817593171846774,2.4176977045951347,2.066561978689922,1.1732038000939469,0.39106662980921625,0,0,0,2026-04-05 13:28:29
816,16,31.696560118076867,76.59467932606461,112.92462867134304,12.914657929426525,80.13858914449412,1.2699077439254012,2.3967842709247926,2.822610012565896,1.297860405483218,0.4326186930987623,0,0,0,2026-04-05 13:28:31
817,17,29.51023725642751,70.27941593756108,90.6450538032537,12.983278183240614,80.20320424018985,1.6159023814647568,3.035161651812068,1.0544675678663076,1.1411063202286265,0.3803675055178571,0,0,0,2026-04-05 13:28:34
818,18,31.967942580726394,72.17364483749519,102.20494174187641,13.071278349446022,80.14335565320766,1.8322835299553724,2.8502271925929157,1.3852946169966422,1.213561067908986,0.4045190075729701,0,0,0,2026-04-05 13:28:37
819,19,31.940148356640446,60.97062477114715,105.16397606972183,13.017473117184707,80.22619453157766,1.7974458091463568,0.9915165365702473,3.6828820801383593,1.2943688851709927,0.4314548568741413,0,0,0,2026-04-05 13:28:39
820,20,42.672519254075866,58.40703099176668,164.53424975529762,12.974492425927098,80.25557281067697,11.548614746723182,11.796165924556652,11.162307870950723,6.901417708446111,1.0,1,0,1,2026-04-05 13:28:42
821,1,31.589305135803784,66.06955944898753,108.95968663579269,13.09847086612494,80.13626194079086,0.6085156775423073,2.7765790656718963,3.151224281574507,1.307263804957742,0.4357531491420835,0,0,0,2026-04-05 13:28:50
822,2,41.995634487234355,69.55096719128836,147.06352547453864,12.964337493462965,80.10581968663138,10.534797050468097,8.897610503234972,5.097076872221493,4.905896885184912,1.0,1,0,1,2026-04-05 13:28:53
823,3,28.37247694811767,74.116256814026,104.74520943971861,13.097773155447362,80.24707536019372,1.8220553928234722,9.405455931751026,0.15847843072521073,2.277197951059942,0.7590634534751357,0,0,0,2026-04-05 13:28:55
824,4,28.483064307502516,72.9802253085098,114.98766314242583,13.010478890491848,80.2790514407914,4.267140064161538,6.996307169622235,0.4518569931679295,2.3430608453903408,0.7810176784045189,0,0,0,2026-04-05 13:28:58
825,5,32.19441020045909,58.95339258850284,113.31384458068766,12.99138746895214,80.17918407130294,3.8336099931970224,1.102466055883789,1.7322227697947454,1.3336597637751115,0.4445517727524613,0,0,1,2026-04-05 13:29:01
826,6,37.641098748437386,65.32031179707657,99.33378723940002,13.084875960521579,80.10429633651248,3.112826667135174,4.2970137478570125,5.159401020913911,2.5138482871812196,0.8379466359049534,0,0,1,2026-04-05 13:29:03
827,7,34.34484784140764,57.7807871897338,110.54780601124422,12.999726014994131,80.11311341317446,0.5664358669404947,4.059376515818838,2.1301594438033007,1.3511943653125267,0.45039662044877404,0,0,1,2026-04-05 13:29:06
828,8,28.911912495911473,78.95924987991238,96.40533209478416,12.949935158758409,80.22116861576465,1.2443083542087834,0.3365569409635671,2.9722044378954777,0.9106139466135657,0.3035369704146205,0,0,0,2026-04-05 13:29:09
829,9,29.039692680850337,62.193173624707946,96.70404831818675,12.9087482360671,80.19770624844752,1.5743439312744805,0.9140448539770389,1.2425676907546759,0.7461912952012391,0.2487296026350709,0,0,0,2026-04-05 13:29:11
830,10,30.769871375053334,60.35176644422445,105.32863482316999,12.909465164245056,80.15899079096127,0.4016407077240416,1.6395295468539264,0.3526331736570043,0.4787606856469945,0.1595863632611206,0,0,0,2026-04-05 13:29:14
831,11,30.07401479889736,65.59020364528199,108.47739017421034,13.076929213315346,80.29256332083462,2.844261182703555,3.955495279818115,12.671623187891107,3.894275930082556,1.0,1,0,0,2026-04-05 13:29:17
832,1,31.953694831592006,61.07507631138281,108.87906829251216,13.051767258357561,80.13242321966398,0.26198017053026845,2.6976015585984676,0.36438969578822267,0.6647942849833917,0.22159735633660943,0,0,0,2026-04-05 13:30:09
833,2,30.522009633308564,63.90711906436345,107.10867306843565,12.977180321877622,80.13227589045871,1.5397571605753555,2.223263086672636,11.473624853925791,3.047329020234757,1.0,1,0,0,2026-04-05 13:30:12
834,3,31.324953801049674,62.558259491921156,97.90325432647734,12.91577179326615,80.29722954696307,1.142832609344758,5.523275549771568,2.952476852932005,1.9237170024096661,0.6412368633470109,0,0,0,2026-04-05 13:30:15
835,4,30.645575052414845,60.1812352373976,107.28525656244477,12.910673267867741,80.19708472041803,1.9527068730558774,1.2892011916332524,2.1625107449123284,1.0808837619202916,0.3602933863288094,0,0,0,2026-04-05 13:30:18
836,5,34.52361139923846,65.17975366603108,80.25433404940621,13.003304652985474,80.2700789801015,0.7428448999000352,4.476845158671979,2.329201198779373,1.5097782514702773,0.5032577396309603,0,0,1,2026-04-05 13:30:21
837,6,34.162045535681216,68.40040467101655,103.75942382473534,13.00900516261316,80.2751046291091,0.5562933803908479,3.6979789203308884,3.4790532127561704,1.5466651026955813,0.515553315720808,0,0,1,2026-04-05 13:30:24
838,7,34.52462202249496,68.54670784932587,108.38560050224974,12.950434379564703,80.18920046230761,0.3531875929938124,5.547855381142604,0.17977418108731769,1.216163431044747,0.4053864590600521,0,0,1,2026-04-05 13:30:27
839,8,30.558470269809305,75.41053693930124,88.34319527108828,12.968658452960586,80.20780814112958,0.39459635131207094,2.0937871056386967,1.6465577738978325,0.8269882461697201,0.2756618298504739,0,0,0,2026-04-05 13:30:30
840,9,28.387026687379407,61.07836849014737,101.07889427590082,12.976053555595255,80.29252654936695,2.0845764859600173,8.732365375619107,0.6526659934709294,2.293921571010011,0.764637974876754,0,0,0,2026-04-05 13:30:33
841,10,30.178186724318838,60.3538143219977,96.15772387236152,12.963672796671956,80.15213919773149,0.1933631592142504,2.0695438669746253,0.5916846507344964,0.5709183353846745,0.19030547744330004,0,0,0,2026-04-05 13:30:36
842,11,29.760261111973012,71.53107147497109,92.41008215600131,13.075836000615457,80.11380568578437,3.253570504731716,1.7209545699026425,0.3137536869243469,1.0576557523117411,0.3525507422681061,0,0,0,2026-04-05 13:30:40
843,12,29.90243636984155,78.27699163192392,91.697895823785,13.059609975207573,80.11845964298914,0.08409065646061364,1.4196466435012798,1.3942861981234635,0.5796046996170714,0.19320092253594867,0,0,0,2026-04-05 13:30:43
844,13,28.339633571124978,63.19757562577153,83.06860659756032,12.905133391761161,80.22369075582093,1.5763409333873355,3.569922210448059,0.5798626629677734,1.1452251613606337,0.3817404479853846,0,0,0,2026-04-05 13:30:46
845,14,31.883060538821073,70.36022067423632,85.02486259719805,12.915861920352544,80.12570381025229,1.4355461100477314,1.0841417135863172,6.764951757356098,1.8569279161980292,0.618973908819647,0,0,0,2026-04-05 13:30:49
846,15,40.77277959733978,60.38888219553443,138.61805326994738,12.914730425029255,80.27439588487027,10.209983341400054,7.926903826413664,8.947332776681833,5.41684398889911,1.0,1,0,1,2026-04-05 13:30:52
847,16,28.605930834441576,72.30615381278392,108.72564749374558,12.92213638734164,80.28274015351373,4.36953665070801,5.034925292189489,3.090629283635291,2.499018245306558,0.833003305091169,0,0,0,2026-04-05 13:30:54
848,17,30.464275902032462,71.90268937889446,104.05766110381171,13.084869052686289,80.29070285874785,0.6564348352156273,3.077659195154246,0.9540386456049532,0.9376265351949653,0.3125411365945331,0,0,0,2026-04-05 13:30:57
849,18,89.7256936816098,73.77671479469657,92.07184221724063,13.058617903716103,80.23983115180314,59.5265451192051,57.53687041682508,57.757751100883404,34.964233327382715,1.0,1,0,1,2026-04-05 13:31:00
850,19,31.683210720261414,71.06749932357133,108.08808552771868,12.933613437155659,80.24166728536274,1.4673921816789814,5.170141970678213,0.2569376363790319,1.3788943577472452,0.45962992048268014,0,0,0,2026-04-05 13:31:03
851,20,30.08541753676799,69.64967277708165,100.94354165755522,13.008274101624709,80.20703200424609,1.6471026686621748,21.51751112120336,12.587101717307874,7.150343101434682,1.0,1,0,0,2026-04-05 13:31:06
852,1,31.11219675093676,64.30365023780544,83.96648048020188,13.051767258357561,80.13242321966398,1.2622982755095435,1.0506277125623857,0.8414980806552457,0.630884813745435,0.21029423693435523,0,0,0,2026-04-05 13:31:14
853,2,28.549439031338984,67.01333825828976,101.00362394636858,12.977180321877622,80.13227589045871,3.57586936914732,3.645850730539306,1.9725706019695792,1.838858140331241,0.6129506702748461,0,0,0,2026-04-05 13:31:17
854,3,31.308102766090776,77.98877838570132,97.4623300081868,12.91577179326615,80.29722954696307,0.9656985999476042,4.180652239022947,0.01685103495889706,1.0326403747858894,0.3442123108875935,0,0,0,2026-04-05 13:31:20
855,4,41.69165269011211,52.9667427870868,130.4957737975879,12.910673267867741,80.19708472041803,9.385644186821743,10.17583058548499,11.046077637697262,6.121510482000799,1.0,1,0,1,2026-04-05 13:31:23
856,5,35.181925492013534,65.03286717294812,93.65014123854112,13.003304652985474,80.2700789801015,0.011153779623839455,20.786182316854237,0.6583140927750719,4.29113003785063,1.0,1,0,1,2026-04-05 13:31:26
857,6,36.5873511831463,65.55472412562726,115.46860915938801,13.00900516261316,80.2751046291091,1.9092481089279474,20.91469756178772,2.4253056474650876,5.04985026363615,1.0,1,0,1,2026-04-05 13:31:28
858,7,35.87016005739114,72.34203025498671,96.66728625182107,12.950434379564703,80.18920046230761,1.0623494054960787,5.608385251125035,1.3455380348961796,1.6032545383034589,0.5344163980464928,0,0,1,2026-04-05 13:31:31
859,8,31.48275241843405,60.50573797893644,89.36294459902194,12.968658452960586,80.20780814112958,1.1925712458790763,1.9950669408168373,0.9242821486247443,0.8223840670641316,0.27412710859768186,0,0,0,2026-04-05 13:31:34
860,9,29.11149675715638,75.51671328200973,97.91541481043978,12.976053555595255,80.29252654936695,1.2370726287468692,4.683949694520627,0.7244700697769737,1.329098478608894,0.4430313494317999,0,0,0,2026-04-05 13:31:37
861,10,31.62103691459875,65.4766407618105,84.79412689121214,12.963672796671956,80.15213919773149,1.1958109406726471,2.5275815500914924,1.4428501902799127,1.0332485362088106,0.3444150306861679,0,0,0,2026-04-05 13:31:40
862,11,30.351023192200376,70.6791171949911,82.42508753328224,13.075836000615457,80.11380568578437,2.5787926977702362,1.0037815139855344,0.5907620802273641,0.834667258396627,0.2782214920605688,0,0,0,2026-04-05 13:31:43
863,12,30.527555950610065,66.19295037875004,117.48936636596719,13.059609975207573,80.11845964298914,0.5683247889348522,0.9130968260024884,0.6251195807685157,0.4213082391411713,0.14043561159501847,0,0,0,2026-04-05 13:31:46
864,13,29.719376663879693,62.546473059371436,82.40203086143558,12.905133391761161,80.22369075582093,0.07788505040025129,8.32983767202474,1.3797430927547154,1.9574931630359416,0.6524955460268271,0,0,0,2026-04-05 13:31:49
865,14,31.830437374860868,66.34269913172531,96.11302685085006,12.915861920352544,80.12570381025229,1.6730755240365518,4.450538039678413,0.05262316396020594,1.2352473455350341,0.41174774268586906,0,0,0,2026-04-05 13:31:52
866,15,31.904716917571037,73.80498223111884,102.73456931317293,12.914730425029255,80.27439588487027,0.8701853594000184,1.3723021439731145,8.868062679768741,2.222110036628375,0.7407008765398698,0,0,0,2026-04-05 13:31:55
867,16,29.636881540249767,74.43702750261343,99.11188004787978,12.92213638734164,80.28274015351373,3.329078960539576,1.9951285943913082,1.0309507058081913,1.271031652147815,0.42367580512992126,0,0,0,2026-04-05 13:31:58
868,17,31.705489734629577,75.62533656952775,103.80171853590008,13.084869052686289,80.29070285874785,1.1167492560177443,22.1261670509603,1.241213832597115,4.896826027915033,1.0,1,0,0,2026-04-05 13:32:01
869,18,28.495332224555455,60.19060452122411,98.0912786592446,13.058617903716103,80.23983115180314,4.620462076370735,4.297420593625836,61.23036145705434,14.029648825410183,1.0,1,0,0,2026-04-05 13:32:04
870,19,30.36607709364379,64.08471158214024,86.92222985746372,12.933613437155659,80.24166728536274,0.0074239717172659425,0.9715119356951215,1.3171336266176255,0.4592139068060026,0.15307079203269408,0,0,0,2026-04-05 13:32:07
871,20,30.20596215594985,68.28617098000629,102.93010710264511,13.008274101624709,80.20703200424609,1.4984521572427063,2.8838726984399607,0.12054461918186021,0.9005738949729056,0.30019029768997624,0,0,0,2026-04-05 13:32:10
872,1,30.794599289844516,66.70010826771436,100.26033897879124,13.051767258357561,80.13242321966398,1.6653241847707712,0.9852598984613744,0.3175974610922445,0.5936363088648781,0.19787811002792594,0,0,0,2026-04-05 13:32:18
873,2,29.080026920123018,66.33482382782287,101.0644815975653,12.977180321877622,80.13227589045871,2.924344766943655,4.0271845288272345,0.5305878887840336,1.4964234369109846,0.4988061496164961,0,0,0,2026-04-05 13:32:21
874,3,29.99813078727766,78.26758211627941,117.83201098521555,12.91577179326615,80.29722954696307,0.32979519130257273,0.878593894562466,1.3099719788131168,0.5036722129356311,0.16789017801128367,0,0,0,2026-04-05 13:32:24
875,4,31.658789820721307,67.89807705307275,91.35632859645949,12.910673267867741,80.19708472041803,1.3013584166838434,2.4811653735296546,10.0328628693908,2.7630773319208597,0.9210227072312624,0,0,0,2026-04-05 13:32:27
876,5,34.78022316282264,55.14543483974715,112.57112864310581,13.003304652985474,80.2700789801015,0.4417288627684499,4.586915121419035,0.401702329190897,1.0860692626756765,0.3620218808189561,0,0,1,2026-04-05 13:32:30
877,6,36.403265676797496,61.00504840054205,93.11658900547313,13.00900516261316,80.2751046291091,1.6631886300168546,5.6075816286193385,0.18408550634880783,1.4909711529970004,0.49698872770324115,0,0,1,2026-04-05 13:32:33
878,7,35.205708126582955,59.79733341965681,112.18956653682017,12.950434379564703,80.18920046230761,0.253313920848079,3.618181741998253,0.664451930808184,0.9071895187309033,0.3023954982586402,0,0,1,2026-04-05 13:32:36
879,8,36.545020017498,68.25353653672455,140.48589426971023,12.968658452960586,80.20780814112958,6.245843138079323,4.6191042254391315,5.062267599063947,3.1854429925164807,1.0,1,0,1,2026-04-05 13:32:39
880,9,31.593931585997918,77.7097985178815,107.10685250406141,12.976053555595255,80.29252654936695,1.769817830221406,3.317558571124149,2.482434828841537,1.5139622460374187,0.5046523998378067,0,0,0,2026-04-05 13:32:42
881,10,31.315123944887,70.1260403642938,105.17376457618536,12.963672796671956,80.15213919773149,0.865253936214355,2.2136648788112687,0.30591296971175197,0.6769663569474752,0.2256547001334913,0,0,0,2026-04-05 13:32:45
882,11,30.87277756557965,69.17460692883499,94.45769248005399,13.075836000615457,80.11380568578437,1.9884576354066077,0.7387168453871169,0.5217543733792738,0.6497857708345998,0.21659453496308337,0,0,0,2026-04-05 13:32:48
883,12,31.973557623663734,64.69425118341516,87.88174472700575,13.059609975207573,80.11845964298914,2.023268005807207,1.7244230318146723,1.4460016730536687,1.0387385421351096,0.34624502656161465,0,0,0,2026-04-05 13:32:51
884,13,31.345050785046865,68.3591663791292,98.96920558649148,12.905133391761161,80.22369075582093,1.5630693530266981,0.6174596198672297,1.6256741211671724,0.76124061881222,0.2537460271173163,0,0,0,2026-04-05 13:32:54
885,14,21.232411918193574,76.07749653694393,99.92374352186862,12.915861920352544,80.12570381025229,8.995624962790782,9.452234977050201,10.598025456667294,5.809177079301656,1.0,1,0,1,2026-04-05 13:32:57
886,15,30.688029673400496,72.63164456315181,82.5352544775181,12.914730425029255,80.27439588487027,0.3958505071081717,0.6876665330100913,1.21668724417054,0.46004085685776064,0.15334644113111645,0,0,0,2026-04-05 13:33:00
887,16,31.61227726601705,78.77144750284685,104.28071283698557,12.92213638734164,80.28274015351373,1.2600894502608533,1.2615314145764007,1.9753957257672816,0.8994033181209071,0.29980010670661333,0,0,0,2026-04-05 13:33:03
888,17,37.245896610904595,54.653796324859414,121.68185710058403,13.084869052686289,80.29070285874785,6.547334474022527,4.019622922846065,5.540406876275018,3.221472854628722,1.0,1,0,1,2026-04-05 13:33:06
889,18,28.95158266975524,79.6520640909523,84.4211840124147,13.058617903716103,80.23983115180314,4.114965202514242,5.666792144795408,0.4562504451997853,2.047601558501887,0.6825315777287033,0,0,0,2026-04-05 13:33:09
890,19,38.57275331186613,74.1161375826568,136.38237872719117,12.933613437155659,80.24166728536274,8.119902323169555,7.357634070377993,8.206676218222341,4.736842522353978,1.0,1,0,1,2026-04-05 13:33:12
891,20,28.0351061899128,79.76928643427539,94.1919839093148,13.008274101624709,80.20703200424609,3.589499758778853,5.5323307480325985,2.1708559660370526,2.258537294569701,0.7528432553790491,0,0,0,2026-04-05 13:33:15
892,1,30.92536547615081,72.73876649309442,103.81063702903032,13.051767258357561,80.13242321966398,1.6164532573188026,0.9820395380372915,0.13076618630629255,0.5458517963324774,0.1819499922775182,0,0,0,2026-04-05 13:33:24
893,2,30.43508168487986,62.39298825189497,80.33576957243376,12.977180321877622,80.13227589045871,1.4329375613053124,4.95111282279884,1.3550547647568436,1.547821029772199,0.5159386234619882,0,0,0,2026-04-05 13:33:27
894,3,38.80226011424033,60.58337826620697,146.45536383848972,12.91577179326615,80.29722954696307,8.57214535606008,5.177906697145775,8.804129326962673,4.510836276033706,1.0,1,0,1,2026-04-05 13:33:30
895,4,31.810251702783685,61.57829924788191,111.07222578027867,12.910673267867741,80.19708472041803,1.3053167385711326,3.5410529835395117,0.1514618820623781,0.9995663208346046,0.33318766298599156,0,0,0,2026-04-05 13:33:33
896,5,34.48855974759933,55.0913475924548,89.75958543091384,13.003304652985474,80.2700789801015,0.7510974020736612,3.44877038954789,0.2916634152233044,0.8983062413689712,0.2994344156749381,0,0,1,2026-04-05 13:33:36
897,6,35.89786730705843,59.82008342931475,80.36271129665411,13.00900516261316,80.2751046291091,1.0827937783990151,4.21984263927427,0.505398369739062,1.1616069574824694,0.3872010284907282,0,0,1,2026-04-05 13:33:39
898,7,33.96323194134164,51.20278305749625,99.6102461206361,12.950434379564703,80.18920046230761,0.565816271372583,2.460958770389651,1.2424761852413155,0.85385024540071,0.28461579974757084,0,0,1,2026-04-05 13:33:42
899,8,31.042525664900165,77.67810378408012,95.8349601140838,12.968658452960586,80.20780814112958,0.5158517212833864,4.486117799464935,5.502494352597832,2.100892774669231,0.7002952572388862,0,0,0,2026-04-05 13:33:45
900,9,29.996426496295513,64.33051225379646,119.63404719553151,12.976053555595255,80.29252654936695,0.11237814898907672,4.003141610596092,1.5975050897024055,1.1426049698575151,0.3808670537289926,0,0,0,2026-04-05 13:33:49
901,10,28.761677309130178,63.42692729402657,167.89480128140502,12.963672796671956,80.15213919773149,1.7721874773928086,4.801408132965917,2.5534466357568206,1.8254084492231093,0.6084674548495203,0,0,1,2026-04-05 13:33:52
902,11,40.318900479253884,54.40231472667624,146.17837312504992,13.075836000615457,80.11380568578437,7.40010919138777,9.207565551022416,9.446122913674234,5.210759531216884,1.0,1,0,1,2026-04-05 13:33:55
903,12,28.69081690277968,66.42925601913709,106.3565554810179,13.059609975207573,80.11845964298914,1.2938060384467747,5.202298977315171,3.2827407208840533,1.9557691473292,0.6519208760401465,0,0,0,2026-04-05 13:33:58
904,13,31.55051876770257,65.87391554973537,83.87995706481762,12.905133391761161,80.22369075582093,1.6174269277865179,2.714818857848916,0.20546798265570487,0.9075427536582279,0.30251324284193315,0,0,0,2026-04-05 13:34:01
905,14,29.45357708261482,72.92849574171746,93.42997517273604,12.915861920352544,80.12570381025229,0.22385793134796472,1.3433596653061823,8.221165164421247,1.957676552215079,0.6525566755494412,0,0,0,2026-04-05 13:34:05
906,15,31.9157062721774,79.74784966571607,94.81726981382354,12.914730425029255,80.27439588487027,0.8950208533743549,4.615676629304005,1.2276765987769025,1.3476748162910526,0.449223441352213,0,0,0,2026-04-05 13:34:08
907,16,31.152602927200487,79.48483818752838,103.37957537800577,12.92213638734164,80.28274015351373,1.8764706452650337,5.277636972227467,0.45967433881656206,1.5227563912618127,0.5075837718080315,0,0,0,2026-04-05 13:34:11
908,17,29.13232675093336,61.80692475992682,97.81623055939305,13.084869052686289,80.29070285874785,1.8461558484203024,4.100839211323056,8.113569859971236,2.812112983942919,0.9373678700880728,0,0,0,2026-04-05 13:34:14
909,18,30.506993938421143,62.07513760106822,111.84575431396,13.058617903716103,80.23983115180314,2.511717681928335,3.0791427682111396,1.5554112686659032,1.4292543437610759,0.47641652653193683,0,0,0,2026-04-05 13:34:17
910,19,31.452916534073818,71.33408010324136,81.00974018807838,12.933613437155659,80.24166728536274,0.6121468006148909,0.28690185953522135,7.119836777792312,1.603777087588485,0.534590580560893,0,0,0,2026-04-05 13:34:21
911,20,31.017656603877686,72.82828545098612,84.30097964739463,13.008274101624709,80.20703200424609,0.5642250626044181,1.160369021314325,2.982550413964887,0.9414288995767262,0.31380858716361815,0,0,0,2026-04-05 13:34:24
912,1,28.622868802827313,71.9115910067985,109.55709875440171,13.051767258357561,80.13242321966398,4.020535010901504,4.525397552810496,2.302496673323496,2.1696858474070995,0.7232262050483497,0,0,0,2026-04-05 13:34:32
913,2,29.766261867809536,75.53254725966832,87.14176470622782,12.977180321877622,80.13227589045871,2.041707829090452,1.838079805802059,0.6688198170703252,0.9097214903925673,0.3032394859992358,0,0,0,2026-04-05 13:34:35
914,3,29.58336391597539,76.61780493944771,95.41497087981418,12.91577179326615,80.29722954696307,0.6387743957773289,1.9237113285085112,9.218896198264943,2.3562763845101564,0.7854228434272407,0,0,0,2026-04-05 13:34:39
915,4,31.989871117328924,65.2507205224783,99.40458035536808,12.910673267867741,80.19708472041803,1.2196134186213214,0.9832225856313919,0.17961941454523966,0.4764910837595906,0.15882983182042412,0,0,0,2026-04-05 13:34:42
916,5,32.488976847283254,67.4683005084489,82.63825007624057,13.003304652985474,80.2700789801015,2.5963636038650506,2.6278079065416775,1.9995829003160779,1.4447508821445612,0.48158202210811335,0,0,1,2026-04-05 13:34:45
917,6,34.653845589604934,64.52455368555165,83.24612787398839,13.00900516261316,80.2751046291091,0.10548875773647381,3.6563798289382974,1.2440217174534993,1.0011780608256542,0.33372490785885855,0,0,1,2026-04-05 13:34:49
918,7,35.65244769788231,56.59734484371279,107.08498925481393,12.950434379564703,80.18920046230761,1.2508946897268487,5.0544230007625535,1.6892157565406691,1.5989066894060144,0.5329671199116051,0,0,1,2026-04-05 13:34:52
919,8,29.939637877267913,70.61284313190266,116.48530978541552,12.968658452960586,80.20780814112958,0.5592086688897915,2.7680357346766917,1.1028877876322518,0.8860264382397471,0.295341161609377,0,0,0,2026-04-05 13:34:55
920,9,39.65961866074703,55.3827505360553,171.70669980397787,12.976053555595255,80.29252654936695,9.872693600354879,6.89447687271747,9.663192164451516,5.286072527504773,1.0,1,0,1,2026-04-05 13:34:59
921,10,29.557824489624544,63.19373857598626,209.75517381516738,12.963672796671956,80.15213919773149,0.9582136165043842,2.135769331150827,0.7961471804943656,0.7780260256299154,0.2593411440728249,0,0,1,2026-04-05 13:35:02
922,11,31.92718080825237,76.44587662557788,82.98153604089325,13.075836000615457,80.11380568578437,1.484146281656077,2.900531617113527,8.391719671001514,2.5552795139542237,0.8517569987947452,0,0,0,2026-04-05 13:35:06
923,12,30.66979417226864,75.81134008416868,104.88180208645156,13.059609975207573,80.11845964298914,0.6961661286272474,1.4026147699613876,1.9789772694889614,0.8155516336155193,0.2718496383730452,0,0,0,2026-04-05 13:35:09
924,13,30.230823963947355,75.06628028511699,111.98620683648488,12.905133391761161,80.22369075582093,0.2631537496206846,1.5553406772460256,1.3196948037552154,0.6276378461243852,0.20921191800173505,0,0,0,2026-04-05 13:35:12
925,14,30.78382710669128,77.41984504033708,97.78455118953272,12.915861920352544,80.12570381025229,1.634875385599429,1.149870622195375,1.3302500240764594,0.8229992063742526,0.274332154350903,0,0,0,2026-04-05 13:35:16
926,15,28.95042185744094,66.2372360120538,117.43258123598906,12.914730425029255,80.27439588487027,2.0961015124522575,1.779205934975625,2.965284414736459,1.3681183724328685,0.456037937351165,0,0,0,2026-04-05 13:35:19
927,16,32.49024763187034,71.51353492781637,110.25674922602448,12.92213638734164,80.28274015351373,0.497151611426915,2.49468019604029,1.3376447046698523,0.8658953024274114,0.28863080537311925,0,0,1,2026-04-05 13:35:23
928,17,29.876916805419963,70.31716481956131,107.1952733502504,13.084869052686289,80.29070285874785,1.0126832570131477,2.673021986349814,0.7445900544866042,0.8860590595699133,0.29535203534985327,0,0,0,2026-04-05 13:35:26
929,18,28.118561017048737,60.47351421481569,107.51990470767936,13.058617903716103,80.23983115180314,4.925854001583371,3.7309119825854573,2.388432921372406,2.2090397811082467,0.7363441392222848,0,0,0,2026-04-05 13:35:29
930,19,41.81601779209974,55.89894532824426,153.6227763668459,12.933613437155659,80.24166728536274,11.242797491626025,11.258853307680198,10.363101258025925,6.572950411466429,1.0,1,0,1,2026-04-05 13:35:33
931,20,30.661768650256185,63.59691836703756,96.04466073860351,13.008274101624709,80.20703200424609,0.9641968567574182,2.752005817940615,0.35588795362150094,0.8144181256639068,0.27147180364862344,0,0,0,2026-04-05 13:35:37
932,1,30.609660610843548,74.98656713817138,82.91829181189081,13.051767258357561,80.13242321966398,0.2727306054988574,0.7403508339559757,1.9867918080162354,0.5999746494942138,0.19999088319512726,0,0,0,2026-04-05 13:35:45
933,2,29.606154756699098,67.12400329803143,91.26281161272411,12.977180321877622,80.13227589045871,2.2578286490937884,2.424098519416649,0.16010711111043818,0.9684068559241752,0.3228012093040274,0,0,0,2026-04-05 13:35:48
934,3,28.250320963656115,61.5107632422809,117.14716604768341,12.91577179326615,80.29722954696307,1.8655035316421475,6.168574796814226,1.3330429523192748,1.8734242561551295,0.6244726704761415,0,0,0,2026-04-05 13:35:52
935,4,7.082528532933463,64.26432367971451,84.14865146393099,12.910673267867741,80.19708472041803,26.208956671324653,28.817234618376336,24.90734258439546,15.986706774819293,1.0,1,0,1,2026-04-05 13:35:56
936,5,35.14145066595339,53.87215371308914,107.35298166707759,13.003304652985474,80.2700789801015,0.21742061048954042,4.009554240015583,2.6524738186701384,1.3758897338350524,0.4586283825170757,0,0,1,2026-04-05 13:35:59
937,6,34.81322465483743,65.83332217644296,106.97343846828281,13.00900516261316,80.2751046291091,0.07119251262489712,3.9564278849380856,0.15937906523249268,0.8373998925590951,0.2791323670784748,0,0,1,2026-04-05 13:36:03
938,7,34.665952684089575,54.645441059654175,91.49616589608175,12.950434379564703,80.18920046230761,0.1958431880899596,12.472622384147604,0.9864950137927337,2.7309921172060596,0.9103276713097822,0,0,1,2026-04-05 13:36:06
939,8,30.779856243008155,70.37156464417589,115.48957230458008,12.968658452960586,80.20780814112958,0.31560573291298155,5.01344852764166,0.8402183657402418,1.2338545252589765,0.41128347080808947,0,0,0,2026-04-05 13:36:10
940,9,28.171104779166985,71.04491613242396,94.4696150897139,12.976053555595255,80.29252654936695,2.046360134421665,5.977202871720068,11.488513881580044,3.9024153775443553,1.0,1,0,0,2026-04-05 13:36:13
941,10,28.701792558845664,61.59198509404439,90.62998952930053,12.963672796671956,80.15213919773149,1.7188467574718516,2.983518956980987,0.8560319307788795,1.1116795290463437,0.3705586078200885,0,0,0,2026-04-05 13:36:17
942,11,30.12126529225763,67.20449244338073,116.7949894385211,13.075836000615457,80.11380568578437,3.3449244241441356,0.5173449113851541,1.8059155159947409,1.1336369703048061,0.377877730509167,0,0,0,2026-04-05 13:36:20
943,12,31.19300600155224,74.30381888161236,93.24782487217375,13.059609975207573,80.11845964298914,1.227522135528055,1.0806457816188164,0.5232118292835999,0.5662759492860943,0.18875802056862953,0,0,0,2026-04-05 13:36:23
944,13,29.301145487306925,79.47444720888646,86.44133461988977,12.905133391761161,80.22369075582093,0.7129539321012359,11.69473762967742,0.9296784766404294,2.6674740076838175,0.8891550387111434,0,0,0,2026-04-05 13:36:27
945,14,29.84004101813936,72.15489457877771,83.872707526226,12.915861920352544,80.12570381025229,0.697831418371031,8.043215735313284,0.9437860885519207,1.9369666484472474,0.6456533973044247,0,0,0,2026-04-05 13:36:30
946,15,29.430784078880414,73.76643058522336,86.87672832150339,12.914730425029255,80.27439588487027,1.4944592422188059,5.541720127144518,0.48036222143947427,1.5033083181605598,0.5011011023831786,0,0,0,2026-04-05 13:36:34
947,16,29.550276065349212,75.79539747658292,98.59537261109179,12.92213638734164,80.28274015351373,0.754436520016057,4.561729604970808,2.939971566521127,1.6512275383015984,0.550407344742717,0,0,0,2026-04-05 13:36:37
948,17,29.25187111652949,74.61066058350657,83.21389354029368,13.084869052686289,80.29070285874785,1.723417165030341,4.194747729070865,0.6250456888904736,1.3086421165983357,0.4362125848241625,0,0,0,2026-04-05 13:36:41
949,18,30.083575677641637,65.26080379027722,118.96746684056012,13.058617903716103,80.23983115180314,2.960681379037016,2.0465155036408285,1.9650146605928995,1.3944423086541489,0.46481255350953793,0,0,0,2026-04-05 13:36:44
950,19,29.279887661590475,60.908744237494794,87.39646980834308,12.933613437155659,80.24166728536274,1.7911993613446668,0.14751421558837544,12.536130130509267,2.894968741488462,0.9649863638749411,0,0,0,2026-04-05 13:36:48
951,20,31.9453830630258,75.96966382907688,96.84414946743063,13.008274101624709,80.20703200424609,0.268448629768109,1.915967942155195,1.2836144127696159,0.693606196938584,0.23120129497521144,0,0,0,2026-04-05 13:36:51
952,1,39.483806270609044,52.03150090722424,151.993726918657,13.051767258357561,80.13242321966398,9.081882437261417,9.176997587106055,8.874145659765496,5.426605136826594,1.0,1,0,1,2026-04-05 13:37:00
953,2,29.46750475363887,65.08865317813732,80.55540672731878,12.977180321877622,80.13227589045871,1.9324412452511268,2.1122321299148,0.1386500030602278,0.836664675645231,0.27888729559075837,0,0,0,2026-04-05 13:37:03
954,3,45.02025432223646,73.15430001792998,100.6889131131966,12.91577179326615,80.29722954696307,15.048653991539219,15.599938386963094,16.769933358580346,9.483705147416533,1.0,1,0,1,2026-04-05 13:37:07
955,4,29.981391789921506,68.91750753821265,87.59115495064954,12.910673267867741,80.19708472041803,2.0644324241546776,2.0221037750378934,22.898863256988044,5.397079891236123,1.0,1,0,0,2026-04-05 13:37:10
956,5,34.271021414985185,63.815277263666346,97.9348544320202,13.003304652985474,80.2700789801015,0.7231497666920461,3.609855204337997,0.8704292509682077,1.0406868443996502,0.34689445848502176,0,0,1,2026-04-05 13:37:14
957,6,33.41113170870312,73.41376129691406,115.67418542151474,13.00900516261316,80.2751046291091,1.4737900884527946,3.1424908889598933,1.4020929461343101,1.2036747847093996,0.4012235908244971,0,0,1,2026-04-05 13:37:17
958,7,32.84497740620327,63.8735397207861,97.29804116319966,12.950434379564703,80.18920046230761,1.6498114802926835,3.023963875611495,1.8209752778863049,1.2989501267580967,0.43298193231292453,0,0,1,2026-04-05 13:37:21
959,8,28.805389847045916,63.47396026999971,87.02658396576598,12.968658452960586,80.20780814112958,1.7062846075878255,2.551359529893933,1.9744663959622386,1.2464221066887995,0.41547265065409766,0,0,0,2026-04-05 13:37:25
960,9,31.894134315999164,61.18688826667199,93.2560841424708,12.976053555595255,80.29252654936695,1.7374976756880613,2.0792475807799753,3.723029536832179,1.5079549586600431,0.5026499773867564,0,0,0,2026-04-05 13:37:28
961,10,37.13175292080892,66.18206738376438,142.44554076462498,12.963672796671956,80.15213919773149,6.807178877551323,6.414245194815088,8.429960361963257,4.330276886865934,1.0,1,0,1,2026-04-05 13:37:32
962,11,29.9967681730609,74.26956513561022,139.46466558158707,13.075836000615457,80.11380568578437,3.3979154642443206,3.7375131151538383,0.12449711919672879,1.4519851397189778,0.48399343326154837,0,0,1,2026-04-05 13:37:35
963,12,30.69254387071772,73.50051549562258,102.44869065252475,13.059609975207573,80.11845964298914,0.5863249062883717,3.5706924048756647,0.5004621308345207,0.9314958883997115,0.3104975944745889,0,0,0,2026-04-05 13:37:39
964,13,28.647919423971103,66.83262678006483,119.82595300930389,12.905133391761161,80.22369075582093,1.323544742721122,0.9161017528263619,0.653226063335822,0.5785745117766612,0.1928575277337946,0,0,0,2026-04-05 13:37:42
965,14,30.938163005148787,74.0739510434159,118.65186324798249,12.915861920352544,80.12570381025229,1.8694232045503156,2.873673127465777,1.0981219870094279,1.1682436638051041,0.38941325655751285,0,0,0,2026-04-05 13:37:46
966,15,28.888322165358908,72.79884728869959,104.11214234142074,12.914730425029255,80.27439588487027,1.9175673107566027,5.728483851033142,0.5424619135215067,1.6377026150622505,0.5458990520239101,0,0,0,2026-04-05 13:37:49
967,16,28.257702782776953,76.64141877088011,85.35790002568768,12.92213638734164,80.28274015351373,2.050889645579119,6.138451933618328,1.2925732825722598,1.8963829723539416,0.6321255503661459,0,0,0,2026-04-05 13:37:53
968,17,31.58938690665058,61.915470799588924,86.01241419965827,13.084869052686289,80.29070285874785,0.6798334524382135,2.003063513132028,2.337515790121092,1.0040825511382667,0.33469306806919535,0,0,0,2026-04-05 13:37:57
969,18,31.68795050228431,62.6865720148526,80.42981514226943,13.058617903716103,80.23983115180314,1.2933448245233023,0.6930591209313425,1.6043748246426723,0.7181557540194634,0.23938445339164316,0,0,0,2026-04-05 13:38:00
970,19,30.72312458259579,60.589456877297785,104.82702443441443,12.933613437155659,80.24166728536274,0.26336240898705654,2.1251431252268027,1.4432369210053153,0.766348491043835,0.2554486455191266,0,0,0,2026-04-05 13:38:04
971,20,31.681613980693058,79.43412867034039,90.72666228521324,13.008274101624709,80.20703200424609,0.004779957515459898,1.348641360249535,0.2637690823327432,0.32343808001954766,0.10781233396540267,0,0,0,2026-04-05 13:38:08
972,1,29.496835606521067,70.59454308937178,108.12188523122555,13.051767258357561,80.13242321966398,1.3692627982009213,0.5749905612062278,9.986970664087977,2.3862448046990252,0.7954122835253966,0,0,0,2026-04-05 13:38:16
973,2,29.947989776781103,60.38399672555157,97.47011493485279,12.977180321877622,80.13227589045871,1.476221779760298,3.69030800060589,0.48048502314223285,1.1294029607016842,0.3764663986792325,0,0,0,2026-04-05 13:38:20
974,3,28.47975232184645,71.40953120966537,98.00530785977142,12.91577179326615,80.29722954696307,2.2192675963045403,0.9579972144437647,16.54050200039001,3.9435533622276635,1.0,1,0,0,2026-04-05 13:38:24
975,4,30.590797848476733,76.67218700287263,111.96787348814584,12.910673267867741,80.19708472041803,1.5362478951286604,1.4431282387837416,0.6094060585552263,0.7177564384935258,0.23925134866001305,0,0,0,2026-04-05 13:38:27
976,5,33.81667463526142,58.828297436470066,113.76550264702185,13.003304652985474,80.2700789801015,1.1024484445105713,1.4856024595992245,0.4543467797237639,0.608479536766712,0.20282583616945007,0,0,1,2026-04-05 13:38:31
977,6,34.02558412125435,73.53723741958736,104.14815504877132,13.00900516261316,80.2751046291091,0.6539589284525036,1.5593309700727158,0.6144524125512305,0.5655484622152901,0.18851552568667773,0,0,1,2026-04-05 13:38:35
978,7,34.13020057797097,72.93968111940342,108.11138910593193,12.950434379564703,80.18920046230761,0.30783563468263253,3.9552552677524133,1.2852231717676972,1.1096628148405487,0.36988637199227625,0,0,1,2026-04-05 13:38:38
979,8,31.88084755057998,69.86169543934813,89.1088153101405,12.968658452960586,80.20780814112958,1.4262839473086864,1.2021031884206994,3.075457703534063,1.14076896785269,0.380255055100713,0,0,0,2026-04-05 13:38:42
980,9,31.211228082742945,66.46523771081141,104.544618418962,12.976053555595255,80.29252654936695,1.0586193673671893,2.7911092969986235,0.6829062332562188,0.9065269795244064,0.3021746525926268,0,0,0,2026-04-05 13:38:46
981,10,31.18174957203449,63.39342391255464,193.91878204475972,12.963672796671956,80.15213919773149,0.5245171198193859,1.4752657893585226,5.95000334877443,1.5899572515904679,0.5299839839168762,0,0,1,2026-04-05 13:38:49
982,11,30.519015323127626,79.96837099614152,105.36644530460038,13.075836000615457,80.11380568578437,2.8255094608937767,0.5889112701810587,0.5222471500667254,0.7873335762283122,0.26244365059726876,0,0,0,2026-04-05 13:38:53
983,12,31.81183574496821,65.12667725671078,110.94847490347269,13.059609975207573,80.11845964298914,1.715688003378773,1.823888842824945,1.1192918742504894,0.9317737440908415,0.3105902127295714,0,0,0,2026-04-05 13:38:57
984,13,31.553003320381286,77.23989643913167,81.21595344412248,12.905133391761161,80.22369075582093,1.6994185971559759,1.4855884549041427,2.905083896410183,1.2180181896940603,0.40600470988232046,0,0,0,2026-04-05 13:39:00
985,14,41.43163613972956,72.64441423323798,140.25468093629695,12.915861920352544,80.12570381025229,11.092547239881196,10.858123740632118,10.493473134580775,6.488828823018817,1.0,1,0,1,2026-04-05 13:39:04
986,15,30.825657974169488,63.40684752348088,116.9374111108868,12.914730425029255,80.27439588487027,0.11159150482628988,1.6721314117630897,1.9373358088105803,0.7442117450799921,0.24806975479414806,0,0,0,2026-04-05 13:39:08
987,16,31.509868477990793,61.19537854005247,88.05380682689349,12.92213638734164,80.28274015351373,1.3654638875262926,1.5003568517868828,3.25216569521384,1.223597286905403,0.4078644027537918,0,0,0,2026-04-05 13:39:12
988,17,28.827219606935714,72.30121569095523,92.38105955853453,13.084869052686289,80.29070285874785,2.1397110360467515,4.349516812664312,2.762167299714868,1.8502790296851863,0.6167576207029931,0,0,0,2026-04-05 13:39:15
989,18,30.44596105710746,68.60871873200489,82.0466013583204,13.058617903716103,80.23983115180314,2.6355000231917316,2.1446724793014105,1.2419894451768485,1.2044323895339981,0.4014761249242496,0,0,0,2026-04-05 13:39:19
990,19,28.99334874088084,76.91962576122255,108.3902293002659,12.933613437155659,80.24166728536274,2.0715827838345007,2.3028278499663486,1.7297758417149502,1.2208372951031599,0.4069444085530248,0,0,0,2026-04-05 13:39:23
991,20,31.188611584287116,67.27444996957662,103.54635519701284,13.008274101624709,80.20703200424609,0.5594253118971508,1.4588251623854565,0.49300239640594157,0.5022505741377098,0.16741629999156996,0,0,0,2026-04-05 13:39:27
992,1,31.260314881610583,77.950781020227,102.02955365602095,13.051767258357561,80.13242321966398,0.48944588907672326,0.8683818422233548,1.7634792750895159,0.6242614012779188,0.20808644013783914,0,0,0,2026-04-05 13:39:35
993,2,31.007587751480266,68.96091471480017,88.1916051310873,12.977180321877622,80.13227589045871,0.4478925214611067,4.573607678431408,1.0595979746991624,1.2162196349183354,0.40540519362213306,0,0,0,2026-04-05 13:39:39
994,3,28.368806399493135,69.7378981182843,106.5250004177038,12.91577179326615,80.29722954696307,2.3360596421382667,2.0741519981872387,0.11094592235331646,0.9042315125357644,0.3014094994802565,0,0,0,2026-04-05 13:39:43
995,4,29.653677179803285,64.26073761476296,89.81484412060719,12.910673267867741,80.19708472041803,2.4906641358681973,2.3453926592227092,0.9371206686734475,1.1546354927528708,0.3848772146602414,0,0,0,2026-04-05 13:39:47
996,5,33.87194320180896,52.99911594838118,111.99770985970954,13.003304652985474,80.2700789801015,0.5240173926672114,2.080112727737634,0.05526856654753942,0.531879737390477,0.1772926548213096,0,0,1,2026-04-05 13:39:51
997,6,35.50243091604524,58.26723082837944,90.80178087419769,13.00900516261316,80.2751046291091,0.7495556160514099,3.6593868021587865,1.4768467947908945,1.1771578426002183,0.39238463958460745,0,0,1,2026-04-05 13:39:54
998,7,34.297140756160736,61.95392019896771,106.31585510966846,12.950434379564703,80.18920046230761,0.030306193213725408,3.3917159886881514,0.16694017818976903,0.7177924720183292,0.2392633597949104,0,0,1,2026-04-05 13:39:58
999,8,68.78923355630452,72.14160387909014,96.19332352012742,12.968658452960586,80.20780814112958,38.32364644529383,37.29619986252829,36.908386005724545,22.505646462709336,1.0,1,0,1,2026-04-05 13:40:02
1000,9,28.148256650179107,63.682180238215686,113.09907686695894,12.976053555595255,80.29252654936695,2.012548294214806,5.479824215102558,3.062971432563838,2.1110687883762407,0.7036872505012453,0,0,0,2026-04-05 13:40:06
1001,10,29.230714670977576,74.74569125973875,105.91919178151402,12.963672796671956,80.15213919773149,1.3908712944163675,6.348073544812611,1.9510349010569144,1.9379959480571785,0.6459964960307394,0,0,0,2026-04-05 13:40:10
1002,11,30.74089231366119,70.17787934114742,83.31697675894073,13.075836000615457,80.11380568578437,1.9805284874674705,0.6190204790251647,0.2218769905335627,0.5642851914052396,0.18809443682029045,0,0,0,2026-04-05 13:40:13
1003,12,30.706139671432403,75.09507950494823,112.55856748228963,13.059609975207573,80.11845964298914,0.6123769553986982,0.2967919774849423,1.1056960735358068,0.40297300128388946,0.13432388601500977,0,0,0,2026-04-05 13:40:17
1004,13,31.061532045389388,61.46287532541845,104.06302020958242,12.905133391761161,80.22369075582093,1.1365745491983184,1.2373040804381834,0.49147127499189835,0.5730699809256801,0.1910226902329259,0,0,0,2026-04-05 13:40:21
1005,14,29.833616913370864,78.75270200698537,104.39147453641768,12.915861920352544,80.12570381025229,1.0153238149503139,0.6522709380234227,11.598019226358698,2.653122795866487,0.8843713173844377,0,0,0,2026-04-05 13:40:25
1006,15,28.10850025070851,75.9565814006173,110.52991831386336,12.914730425029255,80.27439588487027,2.637378769647899,1.5155076220797465,2.7171577234609785,1.374008823037725,0.45800141434119385,0,0,0,2026-04-05 13:40:29
1007,16,28.17686199743739,70.01008517626063,119.06146372259812,12.92213638734164,80.28274015351373,2.0345909202647157,0.3589309640760258,3.3330064805534043,1.1453056729788291,0.3817672851019927,0,0,0,2026-04-05 13:40:33
1008,17,30.771477698877938,62.489276687691415,93.07867390350276,13.084869052686289,80.29070285874785,0.21498591346372464,2.718978453956268,1.944258091942224,0.9756444918724434,0.32521374657832586,0,0,0,2026-04-05 13:40:37
1009,18,29.696066584623185,69.8727032370598,116.49272587833829,13.058617903716103,80.23983115180314,3.3544254647245957,2.791440148446913,0.7498944724842751,1.3791520171311566,0.4597158066576967,0,0,0,2026-04-05 13:40:40
1010,19,31.63087176701825,60.060704072947395,112.84214460399677,12.933613437155659,80.24166728536274,0.555464028679534,2.5152403358398203,2.6375230261374085,1.1416454781313528,0.3805472242197035,0,0,0,2026-04-05 13:40:44
1011,20,30.093609130767128,60.43038173429176,114.59881056072513,13.008274101624709,80.20703200424609,1.7899298450614225,14.43223286569165,1.0950024535199887,3.4634330328546126,1.0,1,0,0,2026-04-05 13:40:48
1012,1,30.73021433915773,79.88434111803393,95.33043820247512,13.051767258357561,80.13242321966398,0.04088050216485328,0.10404201818377364,0.5301005424528533,0.13500461256029606,0.04500138751547363,0,0,0,2026-04-05 13:40:57
1013,2,28.59327491258229,75.7616003219732,106.71751533996643,12.977180321877622,80.13227589045871,2.9293944770801765,2.5272158675874343,2.414312838897974,1.5741846367131171,0.5247264631494952,0,0,0,2026-04-05 13:41:01
1014,3,29.619421863362817,64.24253295728701,110.68151017880308,12.91577179326615,80.29722954696307,0.9906876937413003,1.6549771274117226,1.250615463869682,0.779256057004541,0.25975115316433645,0,0,0,2026-04-05 13:41:05
1015,4,29.678317180434647,77.25804419832681,102.73564012093348,12.910673267867741,80.19708472041803,2.4199740338211058,2.6515310090881443,0.024640000631361403,1.0192290087081224,0.339741870429806,0,0,0,2026-04-05 13:41:09
1016,5,37.39208659716911,59.40143766631954,87.69742108828831,13.003304652985474,80.2700789801015,3.00574110764871,6.276501880219933,3.520143395360151,2.560477276645759,0.8534895805833177,0,0,1,2026-04-05 13:41:13
1017,6,34.55172781270945,54.02895912586043,83.86759537417589,13.00900516261316,80.2751046291091,0.13967974043437437,4.69983039169209,0.9507031033357904,1.158042647092451,0.3860129289877204,0,0,1,2026-04-05 13:41:17
1018,7,33.937220579206944,62.29918509832723,103.24129799396928,12.950434379564703,80.18920046230761,0.3122743345377188,14.605807428033081,0.35992017695379275,3.0556003879049185,1.0,1,0,1,2026-04-05 13:41:21
1019,8,28.987157131886907,69.63446850899676,114.08059260873715,12.968658452960586,80.20780814112958,3.5055563474877793,2.9000766937772,39.80207642441762,9.241541893136521,1.0,1,0,0,2026-04-05 13:41:24
1020,9,29.028708978238388,61.69061803795136,97.61721249106398,12.976053555595255,80.29252654936695,1.0874405929578579,4.912747811400929,0.8804523280592811,1.3761281464836137,0.45870785313502743,0,0,0,2026-04-05 13:41:28
1021,10,31.21599100086264,61.9833596450979,103.84684906992126,12.963672796671956,80.15213919773149,0.708151109997079,2.242106584705476,1.985276329885064,0.9871068049175239,0.32903450485749175,0,0,0,2026-04-05 13:41:32
1022,11,28.594238947895366,64.79689743831788,176.38491129620598,13.075836000615457,80.11380568578437,4.097931687610096,1.4162800500374917,2.1466533657658218,1.5321730206826818,0.5107226378187678,0,0,1,2026-04-05 13:41:36
1023,12,31.80294080954311,69.31262368760072,86.73341537717955,13.059609975207573,80.11845964298914,1.7106588782198102,2.497031409664647,1.0968011381107061,1.0608982851990327,0.3536315829610677,0,0,0,2026-04-05 13:41:40
1024,13,28.165196703190798,79.88910761143288,118.14961357014232,12.905133391761161,80.22369075582093,1.8512271163625726,1.6784973311845295,2.89633534219859,1.2852119579491386,0.4284025579745196,0,0,0,2026-04-05 13:41:44
1025,14,28.330791803491977,61.78839879803827,102.71604322394784,12.915861920352544,80.12570381025229,2.4284066423078414,1.4984025611345497,1.5028251098788878,1.0859268626642558,0.36197441430670424,0,0,0,2026-04-05 13:41:48
1026,15,29.091462145097548,60.27079449568102,85.90568370604295,12.914730425029255,80.27439588487027,1.4956374293470702,1.3273231626153763,0.9829618943890388,0.7611844972702971,0.25372731999903236,0,0,0,2026-04-05 13:41:52
1027,16,30.102303749617597,73.91905778886941,109.7249584940547,12.92213638734164,80.28274015351373,0.08115341451644298,1.0074305027251604,1.925441752180209,0.6028051338843625,0.20093437484687135,0,0,0,2026-04-05 13:41:56
1028,17,29.90901500496428,68.13964653629836,101.93531676988962,13.084869052686289,80.29070285874785,1.1170754589419758,4.112910940097032,0.8624626939136562,1.2184898185905328,0.4061619189904476,0,0,0,2026-04-05 13:42:00
1029,18,30.64400940738081,71.75954238502074,90.91105102427458,13.058617903716103,80.23983115180314,2.3196430983540175,1.7310376947862842,0.947942822757625,0.9997247231795854,0.3332404635916498,0,0,0,2026-04-05 13:42:04
1030,19,83.05143293174564,66.46433705809521,113.99129815039954,12.933613437155659,80.24166728536274,51.85801466783904,53.931778732443654,51.42056116472739,31.442070913002016,1.0,1,0,1,2026-04-05 13:42:08
1031,20,29.327996722989482,65.15228678106554,97.19405310884791,13.008274101624709,80.20703200424609,2.5570202872705536,2.0886920439037886,0.7656124077776454,1.0822649477903976,0.3607537800841989,0,0,0,2026-04-05 13:42:12
1032,1,29.513265856462134,75.79348163803779,108.37572907869111,13.051767258357561,80.13242321966398,1.3435766360842436,1.3762309351758617,1.2169484826955959,0.7873512107911402,0.2624495287652842,0,0,0,2026-04-05 13:42:21
1033,2,30.588306499976767,66.40401035744432,80.29589208026923,12.977180321877622,80.13227589045871,0.33236894883812695,2.0780377588669467,1.9950315873944753,0.8810876590199099,0.2936949073569454,0,0,0,2026-04-05 13:42:25
1034,3,28.294380560319226,74.43470942574227,95.78022301737639,12.91577179326615,80.29722954696307,2.34703330262116,19.1206857151677,1.3250413030435908,4.5585520641664905,1.0,1,0,0,2026-04-05 13:42:29
1035,4,28.19441099746394,71.0708577331221,83.59050584487528,12.910673267867741,80.19708472041803,3.967325976339538,20.209681936765946,1.4839061829707063,5.132182819215238,1.0,1,0,0,2026-04-05 13:42:33
1036,5,35.345652742869035,71.45548258541247,92.68931721441295,13.003304652985474,80.2700789801015,0.8987942152313906,3.9375040100928183,2.0464338543000764,1.376546415924857,0.4588472758173663,0,0,1,2026-04-05 13:42:37
1037,6,34.348742960548975,70.35171225854187,93.9410022817695,13.00900516261316,80.2751046291091,0.4070200729524984,3.3405591059329374,0.20298485216047624,0.7901128062091824,0.2633700575028691,0,0,1,2026-04-05 13:42:41
1038,7,33.39573650796518,69.39130007271055,94.23453258998198,12.950434379564703,80.18920046230761,0.9457550813730293,3.9298834645606866,0.5414840712417615,1.0834245234350954,0.3611403040106851,0,0,1,2026-04-05 13:42:46
1039,8,29.712419335728896,68.29790597746418,100.0776364894586,12.968658452960586,80.20780814112958,2.7429014212434595,19.135584460330815,0.7252622038419894,4.520749617083252,1.0,1,0,0,2026-04-05 13:42:50
1040,9,3.3871033532724137,79.33080464366084,101.17234239662228,12.976053555595255,80.29252654936695,26.774628167545607,29.878463131072788,25.641605624965976,16.458939384716878,1.0,1,0,1,2026-04-05 13:42:54
1041,10,29.786152412857263,71.53431782622404,101.9253471118333,12.963672796671956,80.15213919773149,0.7338619088484286,1.95569959719757,1.4298385880053779,0.8238800188102753,0.2746257575175667,0,0,0,2026-04-05 13:42:58
1042,11,30.774712233656913,79.36223560641189,111.9294410994185,13.075836000615457,80.11380568578437,1.818820064092975,0.8253602289203741,2.180473285761547,0.9649307157549794,0.32164249977666054,0,0,0,2026-04-05 13:43:02
1043,12,30.05717676679914,69.69604722306704,103.5538260874186,13.059609975207573,80.11845964298914,0.0502837276747492,0.597525370124135,1.7457640427439678,0.47871462810857046,0.1595710107994875,0,0,0,2026-04-05 13:43:06
1044,13,30.25168500341577,79.50600288817105,107.89267880091407,12.905133391761161,80.22369075582093,0.4039103356351177,18.672414930866637,2.0864883002249712,4.232562713345345,1.0,1,0,0,2026-04-05 13:43:10
1045,14,28.786695972811415,78.22451533176013,99.17402189383513,12.915861920352544,80.12570381025229,1.8842285871068967,1.1311173141862245,0.4559041693194388,0.6942500141225121,0.2314158999878374,0,0,0,2026-04-05 13:43:14
1046,15,29.010043995458012,75.49942464615759,115.47401165917287,12.914730425029255,80.27439588487027,1.4729657344244949,18.616437375195332,0.08141814963953564,4.034164251851872,1.0,1,0,0,2026-04-05 13:43:18
1047,16,29.665498808544847,61.99163859179349,96.21699716437648,12.92213638734164,80.28274015351373,0.5285061837078082,18.47083572817108,0.4368049410727508,3.8872293705903282,1.0,1,0,0,2026-04-05 13:43:23
1048,17,28.80566214773429,76.34715298912744,91.31037625937668,13.084869052686289,80.29070285874785,2.18089636946182,4.6404728891986515,1.1033528572299929,1.5849444231780931,0.5283130466825421,0,0,0,2026-04-05 13:43:27
1049,18,39.93331044816753,53.66339856190965,132.0980592304569,13.058617903716103,80.23983115180314,6.876764760790245,9.105843171076616,9.289301040786722,5.054381794530716,1.0,1,0,1,2026-04-05 13:43:31
1050,19,29.55757283060126,61.15277385803646,89.59032652751574,12.933613437155659,80.24166728536274,4.335294501718913,0.44985566196711463,53.49386010114438,11.655802052966083,1.0,1,0,0,2026-04-05 13:43:35
1051,20,30.094186364259407,79.67367574735819,114.66010345200512,13.008274101624709,80.20703200424609,1.679609837405593,4.507480418714803,0.766189641269925,1.3906559794780644,0.4635504479911948,0,0,0,2026-04-05 13:43:39
1052,1,28.04506201152258,69.01430173031984,84.42007864046809,13.051767258357561,80.13242321966398,2.8508494188490054,2.4283364886216923,1.468203844939552,1.34947795048205,0.4498244840790697,0,0,0,2026-04-05 13:43:48
1053,2,29.45989884845532,63.82662118998313,92.44059566255305,12.977180321877622,80.13227589045871,1.398144618299252,1.645098033185236,1.1284076515214458,0.8343300606011868,0.27810909317008503,0,0,0,2026-04-05 13:43:53
