id,node_id,temperature,humidity,aqi,latitude,longitude,temporal_score,spatial_score,rate_score,anomaly_score,confidence,anomaly_flag,ml_flag,true_label,timestamp
1,14,13.6,48.9,113.0,13.030954407570956,80.16155727218381,0.0,0,0.0,0.0,0.0,0,0,0,2004-03-10 18:00:00
2,1,13.3,47.7,92.0,13.060830422334265,80.25389767746672,0.0,0,0.29999999999999893,0.05999999999999979,0.011560691414124925,0,0,0,2004-03-10 19:00:00
3,4,11.9,54.0,114.0,13.099870474833587,80.18621467712353,0.0,0,1.4000000000000004,0.2800000000000001,0.05394989326591652,0,0,0,2004-03-10 20:00:00
4,10,11.0,60.0,122.0,13.047897655363874,80.22439709479698,0.0,0,0.9000000000000004,0.18000000000000008,0.03468207424237491,0,0,0,2004-03-10 21:00:00
5,18,11.2,59.6,116.0,12.90567110348881,80.10540173273286,1.0,0,0.1999999999999993,0.5399999999999998,0.10404622272712465,0,0,0,2004-03-10 22:00:00
6,2,11.2,59.2,96.0,13.089091266928232,80.2507433929788,0.5199999999999996,0,0.0,0.2599999999999998,0.05009632946120814,0,0,0,2004-03-10 23:00:00
7,4,11.3,56.8,77.0,12.913764802557967,80.27083548705096,0.019999999999999574,0,0.10000000000000142,0.030000000000000072,0.005780345707062496,0,0,0,2004-03-11 00:00:00
8,11,10.7,60.0,76.0,13.037086849861824,80.17605358062592,0.38000000000000256,0,0.6000000000000014,0.31000000000000155,0.059730238972979285,0,0,0,2004-03-11 01:00:00
9,7,10.7,59.7,60.0,12.977154756541754,80.10158142284821,0.3200000000000003,0,0.0,0.16000000000000014,0.0308285104376666,0,0,0,2004-03-11 02:00:00
10,18,11.0,56.2,28.0,12.902055473242644,80.14980879472824,0.019999999999999574,0,0.3000000000000007,0.06999999999999992,0.013487473316479112,0,0,0,2004-03-11 05:00:00
11,10,10.5,58.1,48.0,12.937493804945543,80.15433665062658,0.33999999999999986,0,0.5,0.2699999999999999,0.05202311136356232,0,0,0,2004-03-11 06:00:00
12,14,10.2,59.6,82.0,12.940010355464274,80.25615037764108,0.41999999999999993,0,0.3000000000000007,0.27000000000000013,0.05202311136356237,0,0,0,2004-03-11 07:00:00
13,4,10.8,57.4,112.0,13.010796020560884,80.11080702969058,0.16000000000000192,0,0.6000000000000014,0.20000000000000123,0.03853563804708345,0,0,0,2004-03-11 08:00:00
14,18,10.5,60.6,101.0,13.083541887215642,80.26127001885702,0.09999999999999964,0,0.3000000000000007,0.10999999999999996,0.02119460092589576,0,0,0,2004-03-11 09:00:00
15,4,10.8,58.4,98.0,13.096384674438275,80.2458825034678,0.240000000000002,0,0.3000000000000007,0.18000000000000113,0.03468207424237511,0,0,0,2004-03-11 10:00:00
16,5,10.5,57.9,92.0,12.948415813142534,80.20220459563738,0.05999999999999872,0,0.3000000000000007,0.0899999999999995,0.017341037121187352,0,0,0,2004-03-11 11:00:00
17,2,9.5,66.8,95.0,13.097998741841142,80.17137907796095,0.9199999999999982,0,1.0,0.659999999999999,0.12716760555537443,0,0,0,2004-03-11 12:00:00
18,2,8.3,76.4,112.0,12.932852562283864,80.14727358065944,1.6199999999999992,0,1.1999999999999993,1.0499999999999994,0.20231209974718678,0,0,0,2004-03-11 13:00:00
19,9,8.0,81.1,128.0,12.938813981250592,80.24840842542599,1.42,0,0.3000000000000007,0.7700000000000001,0.1483622064812704,0,0,0,2004-03-11 14:00:00
20,10,8.3,79.8,126.0,12.98912506030088,80.16500053231323,0.6199999999999974,0,0.3000000000000007,0.3699999999999989,0.07129093038710374,0,0,0,2004-03-11 15:00:00
21,3,9.7,71.2,131.0,12.963572379999713,80.14013204033155,0.9399999999999995,0,1.3999999999999986,0.7499999999999996,0.14450864267656197,0,0,0,2004-03-11 16:00:00
22,18,9.8,67.6,135.0,12.904027575044378,80.21741321394063,0.9800000000000022,0,0.10000000000000142,0.5100000000000013,0.09826587702006247,0,0,0,2004-03-11 17:00:00
23,19,10.3,64.2,151.0,13.05732736413341,80.27978643531092,1.08,0,0.5,0.64,0.12331404175066629,0,0,0,2004-03-11 18:00:00
24,6,9.7,69.3,172.0,13.076037924405963,80.25688664077583,0.14000000000000057,0,0.6000000000000014,0.19000000000000056,0.03660885614472916,0,0,0,2004-03-11 19:00:00
25,19,9.6,67.8,165.0,12.955784011166882,80.29170716980573,0.22000000000000064,0,0.09999999999999964,0.13000000000000025,0.02504816473060414,0,0,0,2004-03-11 20:00:00
26,16,9.1,64.0,136.0,13.093804612314594,80.2590360468381,0.5999999999999996,0,0.5,0.3999999999999998,0.07707127609416639,0,0,0,2004-03-11 21:00:00
27,5,8.2,63.4,85.0,13.082719163555028,80.1635379324753,1.1800000000000015,0,0.9000000000000004,0.7700000000000008,0.14836220648127055,0,0,0,2004-03-11 22:00:00
28,17,8.2,60.8,53.0,13.09105823873366,80.18667707864473,0.7599999999999998,0,0.0,0.3799999999999999,0.07321771228945809,0,0,0,2004-03-11 23:00:00
29,11,8.3,58.5,97.0,12.992015040362189,80.19434832749202,0.37999999999999723,0,0.10000000000000142,0.2099999999999989,0.04046241994943717,0,0,0,2004-03-12 00:00:00
30,16,7.7,59.7,110.0,12.931298422722676,80.25943066307205,0.6000000000000005,0,0.6000000000000005,0.4200000000000004,0.08092483989887483,0,0,0,2004-03-12 01:00:00
31,5,7.1,61.8,91.0,13.01155654916618,80.2463691662743,0.8000000000000007,0,0.6000000000000005,0.5200000000000005,0.10019265892241645,0,0,0,2004-03-12 02:00:00
32,3,6.3,65.0,44.0,13.075029583583646,80.21314222323761,1.2200000000000006,0,0.7999999999999998,0.7700000000000002,0.14836220648127044,0,0,0,2004-03-12 05:00:00
33,1,6.8,62.9,71.0,12.916399060884853,80.12998594696877,0.4400000000000004,0,0.5,0.3200000000000002,0.06165702087533318,0,0,0,2004-03-12 06:00:00
34,9,6.4,65.1,104.0,12.913054630738962,80.13351932950826,0.4599999999999991,0,0.39999999999999947,0.30999999999999944,0.05973023897297888,0,0,0,2004-03-12 07:00:00
35,19,7.3,63.1,141.0,12.933835103115033,80.13301743939257,0.5200000000000005,0,0.8999999999999995,0.44000000000000017,0.08477840370358311,0,0,0,2004-03-12 08:00:00
36,3,13.2,41.7,122.0,12.936916430464235,80.28070553550542,5.199999999999999,0,5.8999999999999995,3.7799999999999994,0.7283235590898727,1,0,1,2004-03-12 10:00:00
37,10,14.3,38.4,143.0,13.026442577065524,80.15353064507487,4.700000000000001,0,1.1000000000000014,2.5700000000000007,0.49518294890501946,1,0,1,2004-03-12 11:00:00
38,1,15.0,36.5,113.0,13.043729553347264,80.13838096354445,3.7600000000000016,0,0.6999999999999993,2.0200000000000005,0.38920994427554056,1,0,1,2004-03-12 12:00:00
39,3,16.1,34.5,116.0,12.953150833905875,80.21736896672607,2.92,0,1.1000000000000014,1.6800000000000002,0.32369935959549906,0,0,0,2004-03-12 13:00:00
40,4,16.3,35.7,123.0,13.023380158982292,80.21964675839365,1.3200000000000003,0,0.1999999999999993,0.7,0.13487473316479126,0,0,0,2004-03-12 14:00:00
41,1,15.8,37.0,126.0,13.05278087059228,80.27085464417115,0.3000000000000007,0,0.5,0.25000000000000033,0.04816954755885409,0,0,0,2004-03-12 15:00:00
42,5,15.9,37.2,120.0,12.96371963213418,80.23226775246702,0.0799999999999983,0,0.09999999999999964,0.05999999999999908,0.011560691414124788,0,0,0,2004-03-12 16:00:00
43,19,16.9,34.3,119.0,13.089118753622287,80.1438923231315,0.6999999999999993,0,0.9999999999999982,0.5499999999999993,0.1059730046294787,0,0,0,2004-03-12 17:00:00
44,8,15.1,39.6,149.0,12.998814446400516,80.15847929410944,0.9000000000000004,0,1.799999999999999,0.81,0.15606933409068705,0,0,0,2004-03-12 18:00:00
45,18,14.4,43.4,145.0,12.99516804459864,80.22243557141496,1.2199999999999989,0,0.6999999999999993,0.7499999999999993,0.14450864267656194,0,0,0,2004-03-12 19:00:00
46,11,12.9,50.5,170.0,12.964626196386373,80.19581633193198,2.1400000000000006,0,1.5,1.3700000000000003,0.2639691206225201,0,0,0,2004-03-12 20:00:00
47,20,12.1,53.3,149.0,12.921137396648707,80.24072586848273,2.1800000000000015,0,0.8000000000000007,1.2500000000000009,0.24084773779427027,0,0,0,2004-03-12 21:00:00
48,3,11.0,59.1,139.0,13.025778075701787,80.23371378596502,2.0999999999999996,0,1.0999999999999996,1.2699999999999998,0.2447013015989784,0,0,0,2004-03-12 22:00:00
49,3,9.7,64.6,134.0,12.99289735284068,80.15810653585096,2.3200000000000003,0,1.3000000000000007,1.4200000000000004,0.27360303013429094,0,0,0,2004-03-12 23:00:00
50,18,9.5,64.1,113.0,12.978584692135088,80.2316270445838,1.540000000000001,0,0.1999999999999993,0.8100000000000003,0.15606933409068707,0,0,0,2004-03-13 00:00:00
51,19,9.1,63.9,97.0,12.922463601586623,80.17390705872039,1.1799999999999997,0,0.40000000000000036,0.6699999999999999,0.12909438745772878,0,0,0,2004-03-13 01:00:00
52,7,8.8,63.9,82.0,12.91614946970848,80.24889037648035,0.8200000000000003,0,0.29999999999999893,0.4699999999999999,0.09055874941064554,0,0,0,2004-03-13 02:00:00
53,13,8.3,63.6,65.0,13.004610034043147,80.16655489248976,0.7799999999999994,0,0.5,0.48999999999999966,0.09441231321535382,0,0,0,2004-03-13 05:00:00
54,19,7.2,67.5,60.0,12.94478976523319,80.1792104665304,1.3800000000000017,0,1.1000000000000005,0.9100000000000009,0.17533715311422882,0,0,0,2004-03-13 06:00:00
55,15,6.3,71.9,77.0,12.93132741602277,80.13155533637857,1.6400000000000006,0,0.9000000000000004,1.0000000000000004,0.19267819023541619,0,0,0,2004-03-13 07:00:00
56,5,6.5,71.6,96.0,13.047378917967775,80.11557106223441,0.9199999999999999,0,0.20000000000000018,0.5,0.09633909511770804,0,0,0,2004-03-13 08:00:00
57,20,9.6,59.7,119.0,12.956776944166032,80.27369036710853,2.0199999999999996,0,3.0999999999999996,1.63,0.3140654500837282,0,0,0,2004-03-13 09:00:00
58,4,12.4,51.2,126.0,12.985696264961875,80.23095236156689,4.0,0,2.8000000000000007,2.56,0.49325616700266517,1,0,1,2004-03-13 10:00:00
59,9,15.6,42.2,158.0,12.962481497587884,80.25478872652126,5.52,0,3.1999999999999993,3.3999999999999995,0.6551058468004146,1,0,1,2004-03-13 11:00:00
60,2,18.4,33.8,161.0,12.99324402006207,80.21093721634873,5.899999999999999,0,2.799999999999999,3.509999999999999,0.6763004477263103,1,0,1,2004-03-13 12:00:00
61,15,19.4,31.3,124.0,13.082669847154337,80.14961305136775,4.319999999999997,0,1.0,2.3599999999999985,0.4547205289555817,1,0,1,2004-03-13 13:00:00
62,12,18.0,34.8,102.0,12.998987127765767,80.18294799618532,1.2399999999999984,0,1.3999999999999986,0.899999999999999,0.1734103712118743,0,0,0,2004-03-13 14:00:00
63,15,18.4,33.6,116.0,12.908201332398438,80.24489529625134,0.4399999999999977,0,0.3999999999999986,0.2999999999999986,0.05780345707062456,0,0,0,2004-03-13 15:00:00
64,20,17.6,35.1,124.0,13.036597849472129,80.11955339097246,0.7599999999999945,0,0.7999999999999972,0.5399999999999967,0.10404622272712405,0,0,0,2004-03-13 16:00:00
65,1,16.7,37.8,125.0,13.047830029213609,80.10201374188838,1.3200000000000003,0,0.9000000000000021,0.8400000000000005,0.1618496797977496,0,0,0,2004-03-13 17:00:00
66,2,16.1,41.0,148.0,13.053222392992668,80.13121170721442,1.259999999999998,0,0.5999999999999979,0.7499999999999986,0.1445086426765618,0,0,0,2004-03-13 18:00:00
67,11,15.8,42.4,165.0,13.051150593978837,80.21716577445375,1.120000000000001,0,0.3000000000000007,0.6200000000000007,0.1194604779459581,0,0,0,2004-03-13 19:00:00
68,3,15.7,44.1,161.0,13.04108567627732,80.25775067070701,0.6800000000000033,0,0.10000000000000142,0.36000000000000193,0.06936414848475016,0,0,0,2004-03-13 20:00:00
69,13,15.3,46.8,159.0,13.008803707631762,80.14393758006342,0.620000000000001,0,0.3999999999999986,0.39000000000000024,0.07514449419181232,0,0,0,2004-03-13 21:00:00
70,2,14.6,48.6,143.0,12.966802178848415,80.2415940562871,0.9000000000000004,0,0.7000000000000011,0.5900000000000004,0.11368013223889557,0,0,0,2004-03-13 22:00:00
71,2,14.7,49.3,130.0,12.966928539473127,80.22356557201263,0.5199999999999996,0,0.09999999999999964,0.2799999999999997,0.05394989326591645,0,0,0,2004-03-13 23:00:00
72,7,13.9,53.6,129.0,12.972812741621528,80.26528783362576,0.9399999999999995,0,0.7999999999999989,0.6299999999999996,0.12138725984831206,0,0,0,2004-03-14 00:00:00
73,20,14.6,51.5,119.0,13.043824414807156,80.22857624111852,0.019999999999999574,0,0.6999999999999993,0.14999999999999966,0.028901728535312348,0,0,0,2004-03-14 01:00:00
74,15,12.5,58.9,104.0,13.036589940842836,80.26844705632003,1.5599999999999987,0,2.0999999999999996,1.1999999999999993,0.23121382828249917,0,0,0,2004-03-14 02:00:00
75,3,11.5,63.1,70.0,12.90316710852708,80.14619294404977,1.9400000000000013,0,1.0,1.1700000000000006,0.22543348257543694,0,0,0,2004-03-14 05:00:00
76,15,11.6,62.2,63.0,13.099301956162059,80.29791041973165,1.2199999999999989,0,0.09999999999999964,0.6299999999999993,0.121387259848312,0,0,0,2004-03-14 06:00:00
77,3,10.4,67.6,67.0,12.974846311235416,80.26087704826952,1.7199999999999989,0,1.1999999999999993,1.0999999999999992,0.21194600925895754,0,0,0,2004-03-14 07:00:00
78,7,11.6,62.7,84.0,13.051586785059442,80.17274351366414,0.08000000000000007,0,1.1999999999999993,0.2799999999999999,0.05394989326591649,0,0,0,2004-03-14 08:00:00
79,14,12.4,60.0,83.0,12.913989126505431,80.24025495556322,0.9000000000000004,0,0.8000000000000007,0.6100000000000003,0.11753369604360388,0,0,0,2004-03-14 09:00:00
80,6,14.5,53.1,98.0,12.902295323442539,80.20384417390326,2.4000000000000004,0,2.0999999999999996,1.62,0.3121386681813741,0,0,0,2004-03-14 10:00:00
81,8,16.9,46.1,114.0,13.093170887223788,80.17058338595564,3.7399999999999984,0,2.3999999999999986,2.3499999999999988,0.45279374705322756,1,0,1,2004-03-14 11:00:00
82,5,19.3,38.3,119.0,12.9550991890675,80.15211759802355,4.359999999999999,0,2.400000000000002,2.66,0.5125239860262069,1,0,1,2004-03-14 12:00:00
83,3,21.2,31.4,104.0,13.086303173776132,80.20164965412918,4.34,0,1.8999999999999986,2.55,0.491329385100311,1,0,1,2004-03-14 13:00:00
84,9,21.4,30.2,102.0,13.057668551348113,80.29848715373004,2.740000000000002,0,0.1999999999999993,1.4100000000000008,0.2716762482319368,0,0,0,2004-03-14 14:00:00
85,15,21.9,29.0,107.0,12.964149548671129,80.2273283186242,1.7600000000000016,0,0.5,0.9800000000000008,0.1888246264307079,0,0,0,2004-03-14 15:00:00
86,1,22.2,28.4,129.0,13.031985592349038,80.26609787822406,1.0,0,0.3000000000000007,0.5600000000000002,0.10789978653183303,0,0,0,2004-03-14 16:00:00
87,14,21.3,30.8,128.0,13.072722935982659,80.29416585957641,0.3000000000000007,0,0.8999999999999986,0.33000000000000007,0.06358380277768733,0,0,0,2004-03-14 17:00:00
88,7,19.7,36.7,121.0,12.990735042461125,80.215531058856,1.6000000000000014,0,1.6000000000000014,1.120000000000001,0.2157995730636662,0,0,0,2004-03-14 18:00:00
89,8,18.4,41.7,157.0,13.001749307869451,80.19401167390787,2.299999999999997,0,1.3000000000000007,1.4099999999999988,0.2716762482319365,0,0,0,2004-03-14 19:00:00
90,17,17.6,46.1,173.0,13.018496872858499,80.21322476930179,2.2399999999999984,0,0.7999999999999972,1.2799999999999987,0.24662808350133233,0,0,0,2004-03-14 20:00:00
91,7,16.7,49.6,146.0,12.961173115304662,80.18150211476889,2.039999999999999,0,0.9000000000000021,1.2,0.23121382828249928,0,0,0,2004-03-14 21:00:00
92,1,16.3,51.0,121.0,12.94128048236782,80.19628816422717,1.4400000000000013,0,0.3999999999999986,0.8000000000000004,0.15414255218833295,0,0,0,2004-03-14 22:00:00
93,15,14.7,55.9,119.0,13.018343840216179,80.2388946691371,2.039999999999999,0,1.6000000000000014,1.3399999999999999,0.25818877491545755,0,0,0,2004-03-14 23:00:00
94,11,14.8,54.7,99.0,12.989729951040744,80.14698068010225,1.2200000000000024,0,0.10000000000000142,0.6300000000000014,0.12138725984831242,0,0,0,2004-03-15 00:00:00
95,16,14.0,57.0,93.0,13.030049674652386,80.25177286665924,1.3000000000000007,0,0.8000000000000007,0.8100000000000005,0.15606933409068713,0,0,0,2004-03-15 01:00:00
96,3,13.4,61.3,88.0,12.95192983594825,80.17695015816533,1.2400000000000002,0,0.5999999999999996,0.74,0.1425818607742079,0,0,0,2004-03-15 02:00:00
97,1,11.9,67.4,74.0,12.900612418982384,80.2045658183144,1.8600000000000012,0,1.5,1.2300000000000006,0.2369941739895619,0,0,0,2004-03-15 05:00:00
98,10,11.4,70.5,80.0,12.904075214538528,80.20872715604317,1.6999999999999993,0,0.5,0.9499999999999996,0.1830442807236452,0,0,0,2004-03-15 06:00:00
99,4,11.3,70.2,89.0,13.097058099838115,80.11086518183085,1.1000000000000014,0,0.09999999999999964,0.5700000000000006,0.10982656843418728,0,0,0,2004-03-15 07:00:00
100,7,12.4,63.9,114.0,12.9581782459065,80.22156246545029,0.3200000000000003,0,1.0999999999999996,0.3800000000000001,0.07321771228945813,0,0,0,2004-03-15 08:00:00
101,17,14.8,54.3,149.0,13.09646419718122,80.2712084647119,2.4400000000000013,0,2.4000000000000004,1.7000000000000006,0.3275529234002075,0,0,0,2004-03-15 09:00:00
102,5,17.4,45.6,157.0,13.066359969348015,80.26767611849355,3.9399999999999995,0,2.599999999999998,2.4899999999999993,0.4797686936861859,1,0,1,2004-03-15 10:00:00
103,13,19.8,38.5,155.0,13.002785948500513,80.23320968362103,4.66,0,2.400000000000002,2.8100000000000005,0.5414257145615193,1,0,1,2004-03-15 11:00:00
104,17,22.0,34.1,134.0,12.938889524554146,80.25798050789491,4.719999999999999,0,2.1999999999999993,2.7999999999999994,0.5394989326591649,1,0,1,2004-03-15 12:00:00
105,13,23.3,32.2,119.0,12.963019200116793,80.13171049045856,3.84,0,1.3000000000000007,2.18,0.4200384547132071,1,0,1,2004-03-15 13:00:00
106,16,23.9,30.0,111.0,12.924090251182287,80.18536714287337,2.6199999999999974,0,0.5999999999999979,1.4299999999999984,0.2755298120366447,0,0,0,2004-03-15 14:00:00
107,9,24.4,28.9,104.0,12.982737290436052,80.28948180722813,1.7199999999999989,0,0.5,0.9599999999999994,0.18497106262599933,0,0,0,2004-03-15 15:00:00
108,2,24.4,29.4,99.0,13.091683678728252,80.2901205086815,0.7999999999999972,0,0.0,0.3999999999999986,0.07707127609416616,0,0,0,2004-03-15 16:00:00
109,6,23.8,31.3,110.0,12.926992934679314,80.20277037621359,0.16000000000000014,0,0.5999999999999979,0.19999999999999965,0.03853563804708315,0,0,0,2004-03-15 17:00:00
110,15,22.5,35.4,162.0,12.971128391331582,80.1530493883927,1.3000000000000007,0,1.3000000000000007,0.9100000000000006,0.17533715311422876,0,0,0,2004-03-15 18:00:00
111,1,20.4,42.5,187.0,13.03794092866691,80.18960765944512,2.700000000000003,0,2.1000000000000014,1.7700000000000018,0.34104039671668684,0,0,0,2004-03-15 19:00:00
112,16,18.3,52.6,165.0,13.042754809959247,80.21122340393295,3.580000000000002,0,2.099999999999998,2.2100000000000004,0.42581880042026965,1,0,1,2004-03-15 20:00:00
113,3,16.7,57.4,145.0,12.977088745198653,80.25532401178972,3.639999999999997,0,1.6000000000000014,2.139999999999999,0.41233132710379017,1,0,1,2004-03-15 21:00:00
114,11,15.7,60.2,125.0,12.978459879336684,80.18679449823392,3.0199999999999996,0,1.0,1.7099999999999997,0.32947970530256143,0,0,0,2004-03-15 22:00:00
115,16,15.3,61.4,101.0,13.012082020335145,80.10079735149316,1.9800000000000004,0,0.3999999999999986,1.0699999999999998,0.2061656635518952,0,0,0,2004-03-15 23:00:00
116,10,14.1,65.7,103.0,13.058755482721804,80.12698453790844,1.92,0,1.200000000000001,1.2000000000000002,0.23121382828249934,0,0,0,2004-03-16 00:00:00
117,2,14.8,60.6,88.0,12.95370789804838,80.14746554510617,0.5199999999999978,0,0.7000000000000011,0.39999999999999913,0.07707127609416627,0,0,0,2004-03-16 01:00:00
118,3,14.8,59.2,61.0,12.900798216231037,80.11641501009369,0.14000000000000057,0,0.0,0.07000000000000028,0.013487473316479181,0,0,0,2004-03-16 02:00:00
119,18,12.8,63.2,52.0,12.930728553403974,80.187198337445,1.5599999999999987,0,2.0,1.1799999999999993,0.22736026447779084,0,0,0,2004-03-16 05:00:00
120,6,11.2,68.5,64.0,13.039695700059678,80.13875981265068,2.3400000000000016,0,1.6000000000000014,1.490000000000001,0.2870905034507702,0,0,0,2004-03-16 06:00:00
121,16,11.0,66.5,70.0,12.976908980705556,80.1650417430803,1.9199999999999982,0,0.1999999999999993,0.9999999999999989,0.19267819023541588,0,0,0,2004-03-16 07:00:00
122,1,11.7,63.7,97.0,13.026298298460155,80.2814769510015,0.6000000000000014,0,0.6999999999999993,0.4400000000000006,0.0847784037035832,0,0,0,2004-03-16 08:00:00
123,19,13.6,56.3,95.0,12.916930337362329,80.16146031015954,1.540000000000001,0,1.9000000000000004,1.1500000000000006,0.2215799187707286,0,0,0,2004-03-16 09:00:00
124,8,17.8,42.9,150.0,12.98639557810215,80.12389067085617,4.740000000000002,0,4.200000000000001,3.2100000000000013,0.6184969906556859,1,0,1,2004-03-16 10:00:00
125,4,21.4,33.3,162.0,12.960504107880972,80.22399272312921,6.299999999999999,0,3.599999999999998,3.869999999999999,0.7456645962110601,1,0,1,2004-03-16 11:00:00
126,11,24.4,27.4,154.0,13.09845876290809,80.29616364252531,6.620000000000001,0,3.0,3.9100000000000006,0.753371723820477,1,0,1,2004-03-16 12:00:00
127,20,25.3,26.1,161.0,13.060901349497625,80.24151049219911,4.800000000000001,0,0.9000000000000021,2.580000000000001,0.4971097308073737,1,0,1,2004-03-16 13:00:00
128,3,25.8,23.2,161.0,13.004071957644813,80.23181696581184,2.8599999999999994,0,0.5,1.5299999999999998,0.2947976310601866,0,0,0,2004-03-16 14:00:00
129,1,27.0,20.2,128.0,13.051871270727483,80.25263957716214,2.219999999999999,0,1.1999999999999993,1.3499999999999992,0.26011555681781157,0,0,0,2004-03-16 15:00:00
130,10,28.2,18.6,129.0,12.95526312502746,80.10336359004857,2.0600000000000023,0,1.1999999999999993,1.270000000000001,0.2447013015989786,0,0,0,2004-03-16 16:00:00
131,1,28.0,19.1,133.0,12.93099375814056,80.11463377120845,1.139999999999997,0,0.1999999999999993,0.6099999999999983,0.11753369604360349,0,0,0,2004-03-16 17:00:00
132,5,23.9,25.7,139.0,12.919875290182523,80.2659861154542,2.679999999999996,0,4.100000000000001,2.1599999999999984,0.4161848909084984,1,0,1,2004-03-16 18:00:00
133,13,21.3,34.8,137.0,12.939649083306149,80.25811812824907,4.379999999999999,0,2.599999999999998,2.709999999999999,0.5221578955379774,1,0,1,2004-03-16 19:00:00
134,20,20.4,36.7,143.0,13.012027948702919,80.18414151959223,3.960000000000001,0,0.9000000000000021,2.160000000000001,0.416184890908499,1,0,1,2004-03-16 20:00:00
135,4,19.0,41.3,177.0,12.924990508072757,80.21336405277555,3.5199999999999996,0,1.3999999999999986,2.0399999999999996,0.39306350808024876,1,0,1,2004-03-16 21:00:00
136,14,17.9,45.9,138.0,13.035756857629178,80.2357409273632,2.599999999999998,0,1.1000000000000014,1.5199999999999991,0.2928708491578323,0,0,0,2004-03-16 22:00:00
137,2,16.7,48.9,117.0,12.901355810337666,80.10004584116136,2.3599999999999994,0,1.1999999999999993,1.4199999999999995,0.27360303013429077,0,0,0,2004-03-16 23:00:00
138,17,15.5,52.9,107.0,13.030301321202796,80.17834734974328,2.3999999999999986,0,1.1999999999999993,1.439999999999999,0.27745659393899896,0,0,0,2004-03-17 00:00:00
139,18,15.5,51.9,90.0,13.037617822335871,80.27742890085078,1.4199999999999982,0,0.0,0.7099999999999991,0.13680151506714525,0,0,0,2004-03-17 01:00:00
140,14,14.1,55.6,79.0,12.911777531799837,80.25374379458525,1.839999999999998,0,1.4000000000000004,1.199999999999999,0.23121382828249912,0,0,0,2004-03-17 02:00:00
141,14,11.8,58.0,40.0,12.979909080881347,80.2775064593666,2.9200000000000017,0,2.299999999999999,1.9200000000000006,0.369942125251999,0,0,0,2004-03-17 05:00:00
142,15,11.9,57.4,53.0,12.962258731870552,80.24075688074066,1.8599999999999994,0,0.09999999999999964,0.9499999999999996,0.1830442807236452,0,0,0,2004-03-17 06:00:00
143,16,9.9,65.2,84.0,12.911355553795484,80.11959865142076,2.74,0,2.0,1.77,0.34104039671668646,0,0,0,2004-03-17 07:00:00
144,15,11.1,60.2,108.0,12.961911251691339,80.1885019173069,0.6600000000000001,0,1.1999999999999993,0.57,0.10982656843418716,0,0,0,2004-03-17 08:00:00
145,9,14.1,50.0,127.0,13.045491996873354,80.2732963416792,2.34,0,3.0,1.77,0.34104039671668646,0,0,0,2004-03-17 09:00:00
146,5,17.7,40.1,134.0,13.010253606917317,80.16896611065275,4.759999999999998,0,3.5999999999999996,3.0999999999999988,0.5973023897297897,1,0,1,2004-03-17 10:00:00
147,20,21.1,33.4,135.0,12.978345448873082,80.2458858804903,6.32,0,3.400000000000002,3.8400000000000007,0.7398842505039979,1,0,1,2004-03-17 11:00:00
148,11,24.3,28.3,142.0,12.976411640271756,80.26378627010159,6.639999999999997,0,3.1999999999999993,3.959999999999998,0.7630056333322474,1,0,1,2004-03-17 12:00:00
149,8,25.6,25.6,153.0,13.02981886353612,80.10769928876446,5.040000000000003,0,1.3000000000000007,2.7800000000000016,0.535645368854457,1,0,1,2004-03-17 13:00:00
150,18,25.9,25.9,123.0,13.097544103677977,80.15052669008503,2.979999999999997,0,0.29999999999999716,1.5499999999999978,0.2986511948648945,0,0,0,2004-03-17 14:00:00
151,7,26.8,18.7,104.0,12.961030067409204,80.14165888160358,2.0599999999999987,0,0.9000000000000021,1.2099999999999997,0.2331406101848534,0,0,0,2004-03-17 15:00:00
152,16,29.3,15.8,129.0,13.092246171851102,80.2247218824027,2.919999999999998,0,2.5,1.959999999999999,0.3776492528614154,0,0,0,2004-03-17 16:00:00
153,18,28.5,14.9,114.0,13.096630649961298,80.2368309859229,1.2800000000000011,0,0.8000000000000007,0.8000000000000007,0.154142552188333,0,0,0,2004-03-17 17:00:00
154,17,25.9,16.0,158.0,12.944729904296334,80.14728535853128,1.3800000000000026,0,2.6000000000000014,1.2100000000000017,0.2331406101848538,0,0,0,2004-03-17 18:00:00
155,8,23.1,26.5,194.0,12.963608431760564,80.24241586543806,3.6199999999999974,0,2.799999999999997,2.3699999999999983,0.4566473108579358,1,0,1,2004-03-17 19:00:00
156,8,20.5,38.2,182.0,13.092912799831218,80.17572432741879,4.960000000000001,0,2.6000000000000014,3.000000000000001,0.5780345707062484,1,0,1,2004-03-17 20:00:00
157,6,19.1,42.6,180.0,12.977155772450697,80.27320948867725,4.32,0,1.3999999999999986,2.44,0.47013478417441523,1,0,1,2004-03-17 21:00:00
158,13,17.2,44.1,136.0,12.916999549082695,80.26333530998923,3.9600000000000044,0,1.9000000000000021,2.3600000000000025,0.45472052895558246,1,0,1,2004-03-17 22:00:00
159,5,16.0,50.9,127.0,12.908833325587745,80.18322651700346,3.1799999999999997,0,1.1999999999999993,1.8299999999999996,0.35260108813081137,0,0,0,2004-03-17 23:00:00
160,19,14.8,53.9,116.0,12.976023663841481,80.14129731633453,2.7200000000000024,0,1.1999999999999993,1.600000000000001,0.30828510437666595,0,0,0,2004-03-18 00:00:00
161,13,14.3,55.4,107.0,13.082062595539998,80.25766829135254,1.9800000000000004,0,0.5,1.0900000000000003,0.21001922735660358,0,0,0,2004-03-18 01:00:00
162,12,14.8,52.1,88.0,13.026928908737409,80.25239943555519,0.6199999999999974,0,0.5,0.4099999999999987,0.07899805799652035,0,0,0,2004-03-18 02:00:00
163,20,12.0,58.9,57.0,13.004115329616436,80.1807178861036,2.380000000000001,0,2.8000000000000007,1.7500000000000004,0.33718683291197826,0,0,0,2004-03-18 05:00:00
164,14,10.9,62.1,71.0,13.023994020903901,80.10837649442806,2.459999999999999,0,1.0999999999999996,1.4499999999999995,0.27938337584135325,0,0,0,2004-03-18 06:00:00
165,5,10.6,63.3,85.0,13.05237633046691,80.28298167402006,1.9200000000000017,0,0.3000000000000007,1.020000000000001,0.19653175404012457,0,0,0,2004-03-18 07:00:00
166,17,11.5,60.0,124.0,13.081129160402995,80.13256312015118,0.4599999999999991,0,0.9000000000000004,0.4099999999999996,0.07899805799652052,0,0,0,2004-03-18 08:00:00
167,14,14.3,50.6,151.0,12.981155423961212,80.1823640951898,2.4399999999999995,0,2.8000000000000007,1.7799999999999998,0.3429671786190406,0,0,0,2004-03-18 09:00:00
168,18,21.3,24.2,101.0,12.915313206376442,80.22158954004097,7.580000000000002,0,7.0,5.190000000000001,0.9999998073218097,1,0,1,2004-03-22 16:00:00
169,11,20.2,28.5,103.0,12.962319056919137,80.25903472248194,4.619999999999997,0,1.1000000000000014,2.529999999999999,0.4874758212956025,1,0,1,2004-03-22 17:00:00
170,14,17.0,43.1,129.0,13.083539080365686,80.22676681173124,0.13999999999999702,0,3.1999999999999993,0.7099999999999984,0.1368015150671451,0,0,0,2004-03-22 18:00:00
171,20,15.6,47.4,143.0,12.982529368397943,80.27463093311162,2.08,0,1.4000000000000004,1.32,0.25433521111074925,0,0,0,2004-03-22 19:00:00
172,15,15.3,47.4,146.0,13.07887104116023,80.14130338724084,2.5799999999999983,0,0.29999999999999893,1.349999999999999,0.2601155568178115,0,0,0,2004-03-22 20:00:00
173,3,14.5,49.7,124.0,12.976215389176497,80.18239381913531,2.0199999999999996,0,0.8000000000000007,1.17,0.2254334825754368,0,0,0,2004-03-22 21:00:00
174,13,13.9,52.0,113.0,12.92227245455343,80.16203843061055,1.3599999999999994,0,0.5999999999999996,0.7999999999999996,0.15414255218833278,0,0,0,2004-03-22 22:00:00
175,19,14.5,49.4,80.0,13.009110532751023,80.16800167219408,0.2599999999999998,0,0.5999999999999996,0.24999999999999983,0.04816954755885399,0,0,0,2004-03-22 23:00:00
176,7,13.8,51.4,72.0,12.965781178946715,80.24327559025305,0.5999999999999996,0,0.6999999999999993,0.4399999999999997,0.08477840370358303,0,0,0,2004-03-23 00:00:00
177,13,14.0,51.3,64.0,13.027691689977331,80.24628347413733,0.14000000000000057,0,0.1999999999999993,0.11000000000000015,0.0211946009258958,0,0,0,2004-03-23 01:00:00
178,14,13.0,56.8,70.0,13.076562872700785,80.19883326581873,0.8399999999999999,0,1.0,0.6199999999999999,0.11946047794595795,0,0,0,2004-03-23 02:00:00
179,18,8.8,80.5,22.0,13.064153659057691,80.28700066361351,4.019999999999998,0,4.199999999999999,2.8499999999999988,0.5491328421709356,1,0,1,2004-03-23 05:00:00
180,14,9.6,75.4,47.0,12.973441806293762,80.19973619103428,2.24,0,0.7999999999999989,1.2799999999999998,0.24662808350133256,0,0,0,2004-03-23 06:00:00
181,3,9.8,75.0,88.0,13.084696143151449,80.18102458750718,1.2400000000000002,0,0.20000000000000107,0.6600000000000004,0.12716760555537468,0,0,0,2004-03-23 07:00:00
182,11,10.0,74.2,130.0,13.025203423536068,80.22910427499797,0.2400000000000002,0,0.1999999999999993,0.15999999999999998,0.03082851043766657,0,0,0,2004-03-23 08:00:00
183,13,11.2,69.7,132.0,13.084092878810921,80.14973305781808,1.3200000000000003,0,1.1999999999999993,0.9,0.17341037121187447,0,0,0,2004-03-23 09:00:00
184,14,12.0,62.9,132.0,13.066976693362419,80.12109524540605,1.4800000000000004,0,0.8000000000000007,0.9000000000000004,0.17341037121187455,0,0,0,2004-03-23 10:00:00
185,12,12.8,55.8,131.0,12.969449337689896,80.13617648763662,1.6400000000000006,0,0.8000000000000007,0.9800000000000004,0.18882462643070785,0,0,0,2004-03-23 11:00:00
186,1,13.1,54.8,129.0,12.93815014064634,80.13998758710261,1.2800000000000011,0,0.29999999999999893,0.7000000000000004,0.13487473316479134,0,0,0,2004-03-23 12:00:00
187,8,13.8,53.4,132.0,12.919207160860081,80.27698887897274,1.2200000000000006,0,0.7000000000000011,0.7500000000000006,0.14450864267656216,0,0,0,2004-03-23 13:00:00
188,10,16.0,42.4,110.0,13.061853829061732,80.15142269225989,2.459999999999999,0,2.1999999999999993,1.6699999999999995,0.32177257769314477,0,0,0,2004-03-23 14:00:00
189,19,14.1,49.8,99.0,12.962585854851644,80.10023202875009,0.14000000000000057,0,1.9000000000000004,0.4500000000000004,0.08670518560593732,0,0,0,2004-03-23 15:00:00
190,9,12.0,61.1,100.0,12.920253468619347,80.11150435165355,1.8000000000000007,0,2.0999999999999996,1.3200000000000003,0.2543352111107493,0,0,0,2004-03-23 16:00:00
191,18,13.6,54.6,122.0,12.92485869993046,80.2683899650701,0.3000000000000007,0,1.5999999999999996,0.4700000000000003,0.09055874941064562,0,0,0,2004-03-23 17:00:00
192,9,13.7,49.5,97.0,13.096555631581456,80.20452965391993,0.1800000000000015,0,0.09999999999999964,0.11000000000000068,0.0211946009258959,0,0,0,2004-03-23 18:00:00
193,16,11.7,57.1,112.0,12.98020600736971,80.16545585955858,1.3200000000000003,0,2.0,1.06,0.20423888164954107,0,0,0,2004-03-23 19:00:00
194,13,11.5,58.2,128.0,13.055283003159373,80.21784706992023,1.0,0,0.1999999999999993,0.5399999999999998,0.10404622272712465,0,0,0,2004-03-23 20:00:00
195,2,12.6,54.2,101.0,12.917207336217247,80.2790538197665,0.019999999999999574,0,1.0999999999999996,0.22999999999999973,0.044315983754145645,0,0,0,2004-03-23 21:00:00
196,5,12.0,54.9,96.0,12.94529951442258,80.20649952867676,0.3000000000000007,0,0.5999999999999996,0.2700000000000003,0.0520231113635624,0,0,0,2004-03-23 22:00:00
197,12,11.0,61.4,86.0,13.099415737545556,80.12144504612431,0.7599999999999998,0,1.0,0.5799999999999998,0.1117533503365413,0,0,0,2004-03-23 23:00:00
198,15,11.1,62.2,85.0,12.99671838334185,80.27111137738837,0.5399999999999991,0,0.09999999999999964,0.2899999999999995,0.055876675168270565,0,0,0,2004-03-24 00:00:00
199,18,10.8,62.5,79.0,13.05013840444899,80.13857463542142,0.6999999999999993,0,0.29999999999999893,0.4099999999999994,0.07899805799652049,0,0,0,2004-03-24 01:00:00
200,15,11.3,60.0,61.0,12.954363322900106,80.16668101109725,0.0600000000000005,0,0.5,0.13000000000000025,0.02504816473060414,0,0,0,2004-03-24 02:00:00
201,12,10.9,58.6,54.0,12.947746379548413,80.27968052048429,0.11999999999999922,0,0.40000000000000036,0.13999999999999968,0.02697494663295819,0,0,0,2004-03-24 05:00:00
202,14,10.8,57.2,57.0,12.963686285317582,80.23650609829738,0.17999999999999972,0,0.09999999999999964,0.10999999999999979,0.02119460092589573,0,0,0,2004-03-24 06:00:00
203,20,10.4,59.2,75.0,13.072137148793566,80.10547881952007,0.4399999999999995,0,0.40000000000000036,0.2999999999999998,0.05780345707062479,0,0,0,2004-03-24 07:00:00
204,2,11.0,57.3,97.0,13.015786279358124,80.21007602571964,0.11999999999999922,0,0.5999999999999996,0.17999999999999955,0.03468207424237481,0,0,0,2004-03-24 08:00:00
205,18,11.2,56.9,110.0,13.079870910065411,80.10083809888866,0.33999999999999986,0,0.1999999999999993,0.2099999999999998,0.04046241994943734,0,0,0,2004-03-24 09:00:00
206,10,12.1,54.9,113.0,13.080563076628199,80.25061748866199,1.0,0,0.9000000000000004,0.68,0.13102116936008296,0,0,0,2004-03-24 10:00:00
207,6,15.1,44.3,88.0,13.056980380442168,80.25557626594724,3.1400000000000006,0,3.0,2.1700000000000004,0.418111672810853,1,0,1,2004-03-24 11:00:00
208,9,15.6,40.6,85.0,13.053048930300863,80.2542551863608,2.5999999999999996,0,0.5,1.4,0.2697494663295825,0,0,0,2004-03-24 12:00:00
209,7,16.9,34.6,96.0,12.965866673062004,80.14066152547302,2.719999999999997,0,1.299999999999999,1.6199999999999983,0.31213866818137376,0,0,0,2004-03-24 13:00:00
210,15,16.6,35.6,106.0,12.987573012988994,80.13828840863916,1.3400000000000016,0,0.29999999999999716,0.7300000000000002,0.14065507887185377,0,0,0,2004-03-24 14:00:00
211,7,9.6,81.1,126.0,13.090625110871978,80.25412785854314,5.16,0,7.000000000000002,3.9800000000000004,0.7668591971369562,1,0,1,2004-03-24 16:00:00
212,20,11.7,69.1,130.0,12.92247488606666,80.2754778556173,2.3800000000000026,0,2.0999999999999996,1.6100000000000012,0.31021188627902013,0,0,0,2004-03-24 17:00:00
213,2,10.7,68.5,111.0,13.075273110661964,80.1916307629983,2.4000000000000004,0,1.0,1.4000000000000001,0.2697494663295825,0,0,0,2004-03-24 18:00:00
214,18,10.7,67.3,134.0,12.941878224578856,80.1131150666912,1.1600000000000001,0,0.0,0.5800000000000001,0.11175335033654134,0,0,0,2004-03-24 19:00:00
215,4,10.8,65.7,136.0,13.019649959914936,80.18268884516256,0.10000000000000142,0,0.10000000000000142,0.07000000000000099,0.013487473316479317,0,0,0,2004-03-24 20:00:00
216,2,10.3,66.3,125.0,13.000010155665258,80.17793500934633,0.5399999999999991,0,0.5,0.36999999999999955,0.07129093038710387,0,0,0,2004-03-24 21:00:00
217,15,10.1,66.9,108.0,13.02862772204232,80.27573767794172,0.41999999999999993,0,0.20000000000000107,0.25000000000000017,0.04816954755885405,0,0,0,2004-03-24 22:00:00
218,11,10.4,61.1,87.0,12.926790299114407,80.20884870982864,0.05999999999999872,0,0.3000000000000007,0.0899999999999995,0.017341037121187352,0,0,0,2004-03-24 23:00:00
219,12,10.3,59.9,89.0,13.003064102148324,80.16473288314704,0.08000000000000007,0,0.09999999999999964,0.05999999999999997,0.01156069141412496,0,0,0,2004-03-25 00:00:00
220,6,11.0,58.4,58.0,13.089989677104812,80.187646289485,0.5800000000000001,0,0.6999999999999993,0.42999999999999994,0.0828516218012289,0,0,0,2004-03-25 01:00:00
221,3,9.1,68.1,54.0,12.972371119325544,80.18615565099799,1.0800000000000018,0,1.9000000000000004,0.920000000000001,0.177263935016583,0,0,0,2004-03-25 02:00:00
222,8,9.3,72.3,28.0,12.951970076674703,80.17135766363094,0.7199999999999989,0,0.20000000000000107,0.39999999999999963,0.07707127609416636,0,0,0,2004-03-25 04:00:00
223,20,9.9,66.8,20.0,13.073084361207526,80.16257669647506,0.019999999999999574,0,0.5999999999999996,0.12999999999999973,0.02504816473060404,0,0,0,2004-03-25 05:00:00
224,18,7.6,83.2,51.0,13.09737098715555,80.23757542472917,1.7799999999999994,0,2.3000000000000007,1.3499999999999999,0.2601155568178117,0,0,0,2004-03-25 06:00:00
225,16,8.1,79.0,82.0,12.955132997718076,80.1984338585456,0.7000000000000011,0,0.5,0.4500000000000005,0.08670518560593733,0,0,0,2004-03-25 07:00:00
226,8,8.7,74.6,112.0,13.080946276212345,80.17481576278242,0.02000000000000135,0,0.5999999999999996,0.13000000000000062,0.02504816473060421,0,0,0,2004-03-25 08:00:00
227,19,8.6,75.1,119.0,13.000374864647362,80.16223546029528,0.019999999999999574,0,0.09999999999999964,0.029999999999999718,0.005780345707062429,0,0,0,2004-03-25 09:00:00
228,12,9.7,69.7,99.0,13.097623279250307,80.22995580814631,1.1599999999999984,0,1.0999999999999996,0.7999999999999992,0.1541425521883327,0,0,0,2004-03-25 10:00:00
229,6,11.0,64.4,98.0,12.911942554060493,80.18570149933694,1.7800000000000011,0,1.3000000000000007,1.1500000000000008,0.22157991877072866,0,0,0,2004-03-25 11:00:00
230,17,13.6,53.0,88.0,12.942553133628785,80.13774750469096,3.280000000000001,0,2.5999999999999996,2.1600000000000006,0.41618489090849886,1,0,1,2004-03-25 12:00:00
231,6,14.2,48.4,96.0,13.040750656484526,80.24684872096839,2.7799999999999994,0,0.5999999999999996,1.5099999999999996,0.2909440672554782,0,0,0,2004-03-25 13:00:00
232,6,14.2,46.3,81.0,12.971508637864112,80.19868642958588,1.6600000000000001,0,0.0,0.8300000000000001,0.15992289789539538,0,0,0,2004-03-25 14:00:00
233,1,16.0,41.3,92.0,13.075001501635198,80.27410916304878,2.1999999999999993,0,1.8000000000000007,1.4599999999999997,0.28131015774370743,0,0,0,2004-03-25 15:00:00
234,8,17.7,35.4,105.0,12.962780516399812,80.1907872247478,2.5599999999999987,0,1.6999999999999993,1.6199999999999992,0.3121386681813739,0,0,0,2004-03-25 16:00:00
235,15,17.1,37.4,88.0,12.980566785221741,80.15593905663489,1.2600000000000016,0,0.5999999999999979,0.7500000000000003,0.14450864267656213,0,0,0,2004-03-25 17:00:00
236,6,14.9,40.5,103.0,13.082083476872224,80.2188964229327,1.0799999999999983,0,2.200000000000001,0.9799999999999993,0.18882462643070763,0,0,0,2004-03-25 18:00:00
237,13,13.4,47.8,141.0,12.943786881072462,80.19010113065845,2.419999999999998,0,1.5,1.5099999999999991,0.2909440672554781,0,0,0,2004-03-25 19:00:00
238,11,12.6,52.5,133.0,12.995190676636554,80.18558946395976,2.540000000000001,0,0.8000000000000007,1.4300000000000006,0.2755298120366451,0,0,0,2004-03-25 20:00:00
239,4,12.2,53.2,119.0,13.045684632189754,80.13558500700258,1.8400000000000016,0,0.40000000000000036,1.0000000000000009,0.19267819023541627,0,0,0,2004-03-25 21:00:00
240,15,10.6,56.1,106.0,13.011075892551588,80.23813801731966,2.139999999999999,0,1.5999999999999996,1.3899999999999992,0.26782268442722823,0,0,0,2004-03-25 22:00:00
241,19,9.9,59.5,92.0,12.939015070951683,80.23907422890932,1.839999999999998,0,0.6999999999999993,1.059999999999999,0.20423888164954085,0,0,0,2004-03-25 23:00:00
242,8,9.6,61.1,97.0,13.015337712741996,80.28769236611032,1.3800000000000008,0,0.3000000000000007,0.7500000000000006,0.14450864267656216,0,0,0,2004-03-26 00:00:00
243,20,9.7,61.6,91.0,13.085875106094525,80.20788458856829,0.7000000000000011,0,0.09999999999999964,0.37000000000000044,0.07129093038710403,0,0,0,2004-03-26 01:00:00
244,12,9.4,62.6,83.0,12.93630765629446,80.15065048925341,0.4399999999999995,0,0.29999999999999893,0.2799999999999995,0.05394989326591641,0,0,0,2004-03-26 02:00:00
245,16,8.0,69.4,59.0,13.034722451207928,80.25759584059745,1.3199999999999985,0,1.4000000000000004,0.9399999999999993,0.181117498821291,0,0,0,2004-03-26 04:00:00
246,10,7.7,72.4,73.0,13.028970123459247,80.21355961522877,1.1799999999999988,0,0.2999999999999998,0.6499999999999994,0.12524082365302033,0,0,0,2004-03-26 05:00:00
247,8,8.0,71.8,78.0,13.002657751646618,80.25663075193039,0.5599999999999987,0,0.2999999999999998,0.3399999999999993,0.06551058468004134,0,0,0,2004-03-26 06:00:00
248,16,8.5,66.3,90.0,12.98999807129339,80.12797967859838,0.1800000000000015,0,0.5,0.19000000000000075,0.0366088561447292,0,0,0,2004-03-26 07:00:00
249,8,9.8,59.6,110.0,13.004809029694291,80.14463569563982,1.4000000000000004,0,1.3000000000000007,0.9600000000000004,0.18497106262599952,0,0,0,2004-03-26 08:00:00
250,12,11.2,57.0,114.0,12.928353947375212,80.2866240231525,2.1599999999999984,0,1.3999999999999986,1.359999999999999,0.2620423387201657,0,0,0,2004-03-26 09:00:00
251,9,14.8,44.1,119.0,12.995698274435588,80.2742738903751,4.340000000000002,0,3.6000000000000014,2.890000000000001,0.5568399697803527,1,0,1,2004-03-26 10:00:00
252,17,16.8,35.3,121.0,13.000300208963216,80.2146586149371,4.580000000000002,0,2.0,2.690000000000001,0.5183043317332694,1,0,1,2004-03-26 11:00:00
253,7,19.2,27.1,97.0,13.081441305032014,80.16204707504222,4.84,0,2.3999999999999986,2.8999999999999995,0.5587667516827065,1,0,1,2004-03-26 12:00:00
254,7,19.1,26.2,99.0,12.980948032022315,80.20621075179362,2.8800000000000026,0,0.09999999999999787,1.4600000000000009,0.28131015774370766,0,0,0,2004-03-26 13:00:00
255,6,16.3,30.8,85.0,12.986660520738937,80.18016901977342,0.9400000000000013,0,2.8000000000000007,1.0300000000000007,0.1984585359424787,0,0,0,2004-03-26 14:00:00
256,14,14.2,36.8,75.0,12.988577753197658,80.20919335758673,2.919999999999998,0,2.1000000000000014,1.8799999999999994,0.36223499764258216,0,0,0,2004-03-26 15:00:00
257,6,13.4,41.0,87.0,13.069773017566353,80.1086566019774,3.0399999999999974,0,0.7999999999999989,1.6799999999999984,0.3236993595954987,0,0,0,2004-03-26 16:00:00
258,14,14.2,43.3,102.0,13.002783571723839,80.25307787363396,1.240000000000002,0,0.7999999999999989,0.7800000000000008,0.1502889883836247,0,0,0,2004-03-26 17:00:00
259,9,12.1,45.6,105.0,13.051172973619286,80.19714237192422,1.9399999999999977,0,2.0999999999999996,1.3899999999999988,0.2678226844272281,0,0,0,2004-03-26 18:00:00
260,8,10.4,48.0,98.0,13.021145171230042,80.10175300591371,2.459999999999999,0,1.6999999999999993,1.5699999999999994,0.30250475866960314,0,0,0,2004-03-26 19:00:00
261,14,10.0,51.1,93.0,13.060565345080649,80.14434350598897,2.0199999999999996,0,0.40000000000000036,1.0899999999999999,0.2100192273566035,0,0,0,2004-03-26 20:00:00
262,3,9.8,50.8,91.0,13.034801138726436,80.12053285475736,1.4999999999999982,0,0.1999999999999993,0.7899999999999989,0.1522157702859785,0,0,0,2004-03-26 21:00:00
263,5,9.7,50.4,85.0,12.950848109615249,80.27084611290815,0.7000000000000011,0,0.10000000000000142,0.37000000000000083,0.07129093038710412,0,0,0,2004-03-26 22:00:00
264,18,9.9,50.2,74.0,13.02835284300317,80.17091439056523,0.05999999999999872,0,0.20000000000000107,0.06999999999999958,0.013487473316479044,0,0,0,2004-03-26 23:00:00
265,18,9.4,53.4,87.0,12.989877533542321,80.21622183477966,0.35999999999999943,0,0.5,0.2799999999999997,0.05394989326591645,0,0,0,2004-03-27 00:00:00
266,20,8.6,57.8,79.0,12.913450853874034,80.13681213532769,0.8800000000000008,0,0.8000000000000007,0.6000000000000005,0.11560691414124975,0,0,0,2004-03-27 01:00:00
267,13,8.1,62.1,78.0,13.070900950812465,80.16856808152235,1.0399999999999991,0,0.5,0.6199999999999996,0.11946047794595789,0,0,0,2004-03-27 02:00:00
268,1,8.2,58.9,48.0,13.048854062251277,80.2326979678649,0.6400000000000006,0,0.09999999999999964,0.3400000000000002,0.0655105846800415,0,0,0,2004-03-27 05:00:00
269,17,6.3,66.6,59.0,12.934426056129087,80.15155374479178,1.8200000000000012,0,1.8999999999999995,1.2900000000000005,0.24855486540368685,0,0,0,2004-03-27 06:00:00
270,3,7.2,62.9,65.0,13.0221131533914,80.26764506595698,0.47999999999999776,0,0.9000000000000004,0.41999999999999893,0.08092483989887456,0,0,0,2004-03-27 07:00:00
271,14,7.2,63.9,71.0,13.092103257582979,80.22695180003426,0.1999999999999984,0,0.0,0.0999999999999992,0.019267819023541456,0,0,0,2004-03-27 08:00:00
272,15,11.1,50.5,84.0,13.025836772896154,80.28311670608213,3.1000000000000014,0,3.8999999999999995,2.3300000000000005,0.4489401832485196,1,0,1,2004-03-27 09:00:00
273,18,15.5,36.1,93.0,13.081833396624894,80.27663819739192,6.040000000000001,0,4.4,3.9000000000000004,0.7514449419181228,1,0,1,2004-03-27 10:00:00
274,18,17.8,29.2,99.0,12.989220990361577,80.25630017880046,6.040000000000001,0,2.3000000000000007,3.4800000000000004,0.670520102019248,1,0,1,2004-03-27 11:00:00
275,13,17.6,30.1,93.0,13.080944869330448,80.21224921658052,3.7600000000000016,0,0.1999999999999993,1.9200000000000006,0.369942125251999,0,0,0,2004-03-27 12:00:00
276,11,19.1,26.8,96.0,12.992405080083707,80.29097340634777,2.8800000000000026,0,1.5,1.7400000000000013,0.33526005100962425,0,0,0,2004-03-27 13:00:00
277,17,17.7,28.6,114.0,13.024999998993941,80.14422646696461,0.16000000000000014,0,1.4000000000000021,0.3600000000000005,0.06936414848474988,0,0,0,2004-03-27 14:00:00
278,2,17.8,28.4,101.0,13.072455934476206,80.17532171555604,0.1999999999999993,0,0.10000000000000142,0.11999999999999993,0.023121382828249916,0,0,0,2004-03-27 15:00:00
279,12,18.7,26.0,108.0,12.911369040525942,80.21238810280855,0.5199999999999996,0,0.8999999999999986,0.4399999999999995,0.08477840370358299,0,0,0,2004-03-27 16:00:00
280,12,17.1,31.3,117.0,12.9441889404863,80.23598077719481,0.9800000000000004,0,1.5999999999999979,0.8099999999999998,0.156069334090687,0,0,0,2004-03-27 17:00:00
281,7,15.8,36.1,125.0,12.983696026863194,80.17579832889558,1.620000000000001,0,1.3000000000000007,1.0700000000000007,0.20616566355189536,0,0,0,2004-03-27 18:00:00
282,14,14.7,40.1,133.0,12.957734120271358,80.11311456445324,2.120000000000001,0,1.1000000000000014,1.2800000000000007,0.24662808350133272,0,0,0,2004-03-27 19:00:00
283,9,13.6,44.9,119.0,12.996896208451487,80.10575847488849,2.379999999999999,0,1.0999999999999996,1.4099999999999995,0.2716762482319366,0,0,0,2004-03-27 20:00:00
284,9,12.5,48.1,107.0,12.919941425766748,80.224038924262,2.24,0,1.0999999999999996,1.34,0.25818877491545755,0,0,0,2004-03-27 21:00:00
285,10,11.8,50.8,96.0,13.08177930726793,80.23158557188324,1.8799999999999972,0,0.6999999999999993,1.0799999999999985,0.2080924454542491,0,0,0,2004-03-27 22:00:00
286,8,10.9,56.1,105.0,13.044491409436842,80.10858385890528,1.799999999999999,0,0.9000000000000004,1.0799999999999996,0.2080924454542493,0,0,0,2004-03-27 23:00:00
287,18,10.9,55.9,102.0,13.068179770249996,80.1968358116178,1.0399999999999991,0,0.0,0.5199999999999996,0.10019265892241629,0,0,0,2004-03-28 00:00:00
288,13,10.3,58.1,97.0,13.026192265001331,80.12377685053102,0.9799999999999986,0,0.5999999999999996,0.6099999999999992,0.11753369604360366,0,0,0,2004-03-28 01:00:00
289,19,9.3,62.2,79.0,12.962208049011956,80.16050239873641,1.3399999999999999,0,1.0,0.8699999999999999,0.16763002550481199,0,0,0,2004-03-28 02:00:00
290,14,8.3,64.9,69.0,12.997034598594913,80.29303012594103,1.6399999999999988,0,1.0,1.0199999999999994,0.1965317540401243,0,0,0,2004-03-28 04:00:00
291,19,9.6,58.5,52.0,12.96496282711634,80.11812237014657,0.08000000000000007,0,1.299999999999999,0.2999999999999998,0.05780345707062479,0,0,0,2004-03-28 05:00:00
292,14,7.7,66.4,62.0,13.003623468025616,80.13066657870746,1.3400000000000007,0,1.8999999999999995,1.0500000000000003,0.20231209974718695,0,0,0,2004-03-28 06:00:00
293,14,7.4,68.0,69.0,13.014002801605868,80.21611296353518,1.0599999999999987,0,0.2999999999999998,0.5899999999999993,0.11368013223889535,0,0,0,2004-03-28 07:00:00
294,2,9.7,58.6,75.0,12.95054528987907,80.27254688307,1.1599999999999984,0,2.299999999999999,1.039999999999999,0.20038531784483252,0,0,0,2004-03-28 08:00:00
295,12,12.5,50.1,83.0,12.979356401828262,80.21532239865269,3.120000000000001,0,2.8000000000000007,2.1200000000000006,0.4084777632990822,1,0,1,2004-03-28 09:00:00
296,19,16.8,36.9,94.0,12.967700958809717,80.24860328717116,5.98,0,4.300000000000001,3.8500000000000005,0.741811032406352,1,0,1,2004-03-28 10:00:00
297,8,19.2,31.3,96.0,13.040116213754883,80.13856351043016,6.08,0,2.3999999999999986,3.5199999999999996,0.6782272296286646,1,0,1,2004-03-28 11:00:00
298,9,21.3,26.4,86.0,13.064323765161697,80.12689925035538,5.4,0,2.1000000000000014,3.1200000000000006,0.6011559535344982,1,0,1,2004-03-28 12:00:00
299,11,21.2,23.1,72.0,12.97750706251808,80.22014113249377,3.0,0,0.10000000000000142,1.5200000000000002,0.2928708491578325,0,0,0,2004-03-28 13:00:00
300,6,18.6,25.0,53.0,13.005143815248132,80.16518355316624,0.8199999999999967,0,2.599999999999998,0.9299999999999979,0.17919071691893657,0,0,0,2004-03-28 14:00:00
301,9,18.0,27.3,65.0,13.075623946868998,80.19780943483113,1.6600000000000001,0,0.6000000000000014,0.9500000000000004,0.18304428072364537,0,0,0,2004-03-28 15:00:00
302,16,18.2,28.3,70.0,12.994036236336985,80.23855363921828,1.2600000000000016,0,0.1999999999999993,0.6700000000000006,0.1290943874577289,0,0,0,2004-03-28 16:00:00
303,8,17.0,31.4,75.0,13.020150999899421,80.19054017684941,1.6000000000000014,0,1.1999999999999993,1.0400000000000005,0.20038531784483282,0,0,0,2004-03-28 17:00:00
304,9,15.6,35.0,86.0,13.050692401069899,80.26269872642484,1.8799999999999972,0,1.4000000000000004,1.2199999999999986,0.23506739208720737,0,0,0,2004-03-28 18:00:00
305,14,14.1,40.2,94.0,12.940409043861845,80.2215959452328,2.4799999999999986,0,1.5,1.5399999999999994,0.29672441296254065,0,0,0,2004-03-28 19:00:00
306,3,13.4,43.2,103.0,12.924914611169397,80.27764980276743,2.26,0,0.6999999999999993,1.2699999999999998,0.2447013015989784,0,0,0,2004-03-28 20:00:00
307,16,12.3,46.8,81.0,12.96044920073212,80.11930696931293,2.1799999999999997,0,1.0999999999999996,1.3099999999999998,0.25240842920839507,0,0,0,2004-03-28 21:00:00
308,19,11.9,46.5,80.0,13.086128511944853,80.12283447535113,1.5599999999999987,0,0.40000000000000036,0.8599999999999994,0.16570324360245772,0,0,0,2004-03-28 22:00:00
309,13,11.5,46.6,77.0,12.917327536922661,80.23917292377696,1.1400000000000006,0,0.40000000000000036,0.6500000000000004,0.12524082365302053,0,0,0,2004-03-28 23:00:00
310,20,10.6,48.0,58.0,13.071865303114471,80.10181402960811,1.3399999999999999,0,0.9000000000000004,0.85,0.16377646170010368,0,0,0,2004-03-29 00:00:00
311,15,10.7,45.8,31.0,13.008825778477775,80.28102925878872,0.7000000000000011,0,0.09999999999999964,0.37000000000000044,0.07129093038710403,0,0,0,2004-03-29 01:00:00
312,10,10.4,46.6,38.0,13.053635183242731,80.1420275636002,0.6199999999999992,0,0.29999999999999893,0.3699999999999994,0.07129093038710384,0,0,0,2004-03-29 02:00:00
313,19,11.3,46.9,59.0,12.962146169281496,80.28642805278564,0.40000000000000036,0,0.9000000000000004,0.3800000000000002,0.07321771228945816,0,0,0,2004-03-29 04:00:00
314,2,10.1,51.2,70.0,13.015017835844011,80.26243589065143,0.5199999999999996,0,1.200000000000001,0.5,0.09633909511770804,0,0,0,2004-03-29 05:00:00
315,15,9.9,50.7,75.0,12.973803555469622,80.12495148086306,0.5799999999999983,0,0.1999999999999993,0.329999999999999,0.06358380277768712,0,0,0,2004-03-29 06:00:00
316,12,8.1,56.8,103.0,12.928004410440451,80.12416245362583,1.8599999999999994,0,1.8000000000000007,1.2899999999999998,0.2485548654036867,0,0,0,2004-03-29 07:00:00
317,14,10.9,44.1,134.0,12.97106536656381,80.2722227063376,0.8400000000000016,0,2.8000000000000007,0.980000000000001,0.18882462643070796,0,0,0,2004-03-29 08:00:00
318,7,11.8,37.6,98.0,12.919890306412197,80.13607972259292,1.6400000000000006,0,0.9000000000000004,1.0000000000000004,0.19267819023541619,0,0,0,2004-03-29 09:00:00
319,17,13.9,33.2,97.0,13.083431869145505,80.23101592614165,2.980000000000002,0,2.0999999999999996,1.910000000000001,0.3680153433496449,0,0,0,2004-03-29 10:00:00
320,5,15.6,30.1,98.0,12.984544114062162,80.17857070384221,3.540000000000001,0,1.6999999999999993,2.1100000000000003,0.406550981396728,1,0,1,2004-03-29 11:00:00
321,2,16.5,29.0,78.0,13.080575096087719,80.28490540915573,2.7600000000000016,0,0.9000000000000004,1.560000000000001,0.3005779767672493,0,0,0,2004-03-29 12:00:00
322,16,17.5,27.9,83.0,12.983592119092359,80.11002597931767,2.4400000000000013,0,1.0,1.4200000000000006,0.27360303013429094,0,0,0,2004-03-29 13:00:00
323,3,17.9,26.8,92.0,12.937109258081,80.11053477558782,1.6199999999999974,0,0.3999999999999986,0.8899999999999985,0.17148358930952,0,0,0,2004-03-29 14:00:00
324,12,18.2,26.1,81.0,13.092568566574249,80.14066130089869,1.0600000000000023,0,0.3000000000000007,0.5900000000000013,0.11368013223889574,0,0,0,2004-03-29 15:00:00
325,14,18.0,27.1,90.0,13.063372832838459,80.2580304987992,0.38000000000000256,0,0.1999999999999993,0.23000000000000115,0.04431598375414592,0,0,0,2004-03-29 16:00:00
326,1,17.0,28.9,95.0,12.97557472229466,80.21295015805711,0.7199999999999989,0,1.0,0.5599999999999994,0.1078997865318329,0,0,0,2004-03-29 17:00:00
327,20,16.1,31.3,114.0,13.029371890543384,80.20342014148122,1.3399999999999999,0,0.8999999999999986,0.8499999999999996,0.1637764617001036,0,0,0,2004-03-29 18:00:00
328,5,14.5,35.4,106.0,12.90097785990805,80.12626372357202,2.259999999999998,0,1.6000000000000014,1.4499999999999993,0.2793833758413532,0,0,0,2004-03-29 19:00:00
329,3,13.2,37.9,99.0,13.078657075598676,80.26078488407731,2.559999999999997,0,1.3000000000000007,1.5399999999999987,0.29672441296254054,0,0,0,2004-03-29 20:00:00
330,15,13.1,34.4,90.0,12.97906188166748,80.1607301671583,1.679999999999998,0,0.09999999999999964,0.8599999999999989,0.1657032436024576,0,0,0,2004-03-29 21:00:00
331,14,13.5,28.5,82.0,13.021659942590256,80.10702510265983,0.5799999999999983,0,0.40000000000000036,0.3699999999999992,0.0712909303871038,0,0,0,2004-03-29 22:00:00
332,17,12.4,31.9,74.0,13.004869602511013,80.24257820945722,0.9399999999999977,0,1.0999999999999996,0.6899999999999988,0.1329479512624369,0,0,0,2004-03-29 23:00:00
333,14,13.1,26.8,76.0,13.041044751344064,80.26739318667418,0.040000000000000924,0,0.6999999999999993,0.16000000000000034,0.03082851043766664,0,0,0,2004-03-30 00:00:00
334,8,11.6,33.6,66.0,13.03648933221792,80.13663080161439,1.1399999999999988,0,1.5,0.8699999999999994,0.16763002550481187,0,0,0,2004-03-30 01:00:00
335,9,10.5,42.9,73.0,12.948979983539784,80.21245132268868,1.7199999999999989,0,1.0999999999999996,1.0799999999999994,0.20809244545424926,0,0,0,2004-03-30 02:00:00
336,12,12.9,33.9,71.0,13.087211601057842,80.23353467397668,0.8000000000000007,0,2.4000000000000004,0.8800000000000004,0.16955680740716625,0,0,0,2004-03-30 05:00:00
337,17,11.3,40.3,98.0,12.95883053175646,80.25284573428497,0.5799999999999983,0,1.5999999999999996,0.6099999999999991,0.11753369604360364,0,0,0,2004-03-30 06:00:00
338,19,11.9,38.4,115.0,13.084650093392328,80.16372452483985,0.2599999999999998,0,0.5999999999999996,0.24999999999999983,0.04816954755885399,0,0,0,2004-03-30 07:00:00
339,19,13.3,35.6,130.0,13.014350883246992,80.14581197229309,1.3200000000000003,0,1.4000000000000004,0.9400000000000002,0.18111749882129116,0,0,0,2004-03-30 08:00:00
340,8,16.3,28.8,150.0,13.042651221146395,80.1034308872207,3.16,0,3.0,2.18,0.4200384547132071,1,0,1,2004-03-30 09:00:00
341,8,17.9,28.2,159.0,13.062193742353076,80.11087097680314,3.759999999999998,0,1.5999999999999979,2.1999999999999984,0.4238920185179151,1,0,1,2004-03-30 10:00:00
342,18,18.3,26.6,146.0,13.091685762997757,80.19895597650329,2.7600000000000033,0,0.40000000000000213,1.4600000000000022,0.28131015774370793,0,0,0,2004-03-30 11:00:00
343,8,20.8,22.5,138.0,13.066497573312871,80.26028132817349,3.4800000000000004,0,2.5,2.24,0.4315991461273321,1,0,1,2004-03-30 12:00:00
344,1,22.4,20.0,128.0,12.976737689409026,80.26641151467442,3.2600000000000016,0,1.5999999999999979,1.9500000000000004,0.37572247095906147,0,0,0,2004-03-30 13:00:00
345,17,20.9,21.7,97.0,12.996240027835379,80.28561891214338,0.8399999999999999,0,1.5,0.72,0.13872829696949956,0,0,0,2004-03-30 14:00:00
346,5,19.1,26.5,91.0,13.09977928961048,80.25863853253506,1.1999999999999993,0,1.7999999999999972,0.9599999999999991,0.18497106262599927,0,0,0,2004-03-30 15:00:00
347,6,18.1,30.6,81.0,12.975933886224945,80.17715620811705,2.1599999999999966,0,1.0,1.2799999999999983,0.24662808350133225,0,0,0,2004-03-30 16:00:00
348,8,17.3,34.7,99.0,13.0181556632227,80.29219042524538,2.259999999999998,0,0.8000000000000007,1.2899999999999991,0.2485548654036866,0,0,0,2004-03-30 17:00:00
349,11,15.8,40.4,101.0,12.982617932396037,80.20356162516073,2.4400000000000013,0,1.5,1.5200000000000007,0.29287084915783257,0,0,0,2004-03-30 18:00:00
350,17,15.9,42.0,106.0,12.905788095691815,80.20362215643311,1.3400000000000016,0,0.09999999999999964,0.6900000000000007,0.13294795126243725,0,0,0,2004-03-30 19:00:00
351,3,15.9,43.5,102.0,12.956935330916108,80.22799294779007,0.7000000000000011,0,0.0,0.35000000000000053,0.06743736658239573,0,0,0,2004-03-30 20:00:00
352,11,15.0,46.1,84.0,12.929304273377232,80.16623097448965,0.9800000000000004,0,0.9000000000000004,0.6700000000000003,0.12909438745772883,0,0,0,2004-03-30 21:00:00
353,15,15.1,44.6,81.0,13.085661772410193,80.29804759399546,0.4400000000000013,0,0.09999999999999964,0.24000000000000057,0.04624276565649997,0,0,0,2004-03-30 22:00:00
354,20,14.9,43.5,91.0,13.023074441887104,80.11857995315529,0.4599999999999991,0,0.1999999999999993,0.2699999999999994,0.052023111363562226,0,0,0,2004-03-30 23:00:00
355,12,14.8,41.0,82.0,13.053578135219611,80.22016033959407,0.33999999999999986,0,0.09999999999999964,0.18999999999999986,0.03660885614472903,0,0,0,2004-03-31 00:00:00
356,7,14.8,40.8,64.0,13.095800612513152,80.25323673657643,0.11999999999999744,0,0.0,0.05999999999999872,0.011560691414124719,0,0,0,2004-03-31 01:00:00
357,5,14.8,40.8,70.0,12.967828276493975,80.11795520201633,0.0799999999999983,0,0.0,0.03999999999999915,0.007707127609416479,0,0,0,2004-03-31 02:00:00
358,16,14.5,36.1,26.0,12.998620895688248,80.21722582380406,0.2599999999999998,0,0.3000000000000007,0.19000000000000003,0.036608856144729064,0,0,0,2004-03-31 04:00:00
359,11,14.6,36.0,58.0,12.911363911273426,80.11420615155457,0.09999999999999964,0,0.09999999999999964,0.06999999999999976,0.013487473316479079,0,0,0,2004-03-31 05:00:00
360,11,14.4,38.5,93.0,13.059672933781261,80.26955027997245,0.21999999999999886,0,0.1999999999999993,0.1499999999999993,0.02890172853531228,0,0,0,2004-03-31 06:00:00
361,13,13.8,58.2,110.0,13.0199746528111,80.21284329751495,0.6199999999999974,0,0.5999999999999996,0.42999999999999866,0.08285162180122865,0,0,0,2004-03-31 07:00:00
362,11,13.2,61.1,115.0,12.98026185002231,80.28557876923689,0.9000000000000004,0,0.6000000000000014,0.5700000000000005,0.10982656843418727,0,0,0,2004-03-31 08:00:00
363,15,10.4,74.4,125.0,12.912633676204566,80.29999135199628,2.8799999999999972,0,2.799999999999999,1.9999999999999984,0.38535638047083187,1,0,1,2004-03-31 09:00:00
364,4,11.5,71.0,118.0,13.052247124169865,80.27001712292059,1.1600000000000001,0,1.0999999999999996,0.8,0.15414255218833287,0,0,0,2004-03-31 10:00:00
365,19,12.2,70.0,109.0,12.90440811394254,80.2156780919461,0.019999999999999574,0,0.6999999999999993,0.14999999999999966,0.028901728535312348,0,0,0,2004-03-31 11:00:00
366,1,12.3,73.3,123.0,13.063468605778436,80.2996992206494,0.3800000000000008,0,0.10000000000000142,0.21000000000000069,0.04046241994943751,0,0,0,2004-03-31 12:00:00
367,13,11.3,78.1,114.0,12.932702781064387,80.2833379473548,0.23999999999999844,0,1.0,0.31999999999999923,0.061657020875333,0,0,0,2004-03-31 13:00:00
368,2,13.6,69.2,114.0,13.017791048159465,80.2972383667402,1.42,0,2.299999999999999,1.1699999999999997,0.22543348257543677,0,0,0,2004-03-31 14:00:00
369,1,14.9,59.3,119.0,12.901811551714179,80.25706203359991,2.040000000000001,0,1.3000000000000007,1.2800000000000007,0.24662808350133272,0,0,0,2004-03-31 15:00:00
370,15,15.7,50.9,111.0,12.950466283085145,80.10784549931529,2.1400000000000006,0,0.7999999999999989,1.23,0.2369941739895618,0,0,0,2004-03-31 16:00:00
371,9,15.2,52.9,103.0,13.080975105702713,80.19272228991024,1.0599999999999987,0,0.5,0.6299999999999993,0.121387259848312,0,0,0,2004-03-31 17:00:00
372,11,15.5,50.8,103.0,13.083025396824457,80.17174894830784,0.5200000000000014,0,0.3000000000000007,0.32000000000000084,0.06165702087533331,0,0,0,2004-03-31 18:00:00
373,12,14.3,52.9,107.0,12.941419218007114,80.15686358776742,0.8199999999999985,0,1.1999999999999993,0.6499999999999991,0.12524082365302028,0,0,0,2004-03-31 19:00:00
374,1,13.2,56.0,105.0,13.060085328852734,80.10546758893892,1.5799999999999983,0,1.1000000000000014,1.0099999999999993,0.19460497213777012,0,0,0,2004-03-31 20:00:00
375,13,12.6,57.0,91.0,13.092570036736149,80.2476722178897,1.5600000000000005,0,0.5999999999999996,0.9000000000000001,0.1734103712118745,0,0,0,2004-03-31 21:00:00
376,15,12.3,57.8,79.0,13.024570653697072,80.13093407114381,1.2799999999999976,0,0.29999999999999893,0.6999999999999986,0.13487473316479098,0,0,0,2004-03-31 22:00:00
377,10,12.0,58.4,79.0,12.989122493099707,80.28658103274019,0.879999999999999,0,0.3000000000000007,0.49999999999999967,0.09633909511770798,0,0,0,2004-03-31 23:00:00
378,5,12.0,61.6,86.0,12.979007089303984,80.2166163161206,0.41999999999999815,0,0.0,0.20999999999999908,0.0404624199494372,0,0,0,2004-04-01 00:00:00
379,15,11.5,63.9,70.0,12.969997737107578,80.18316891117139,0.5799999999999983,0,0.5,0.3899999999999991,0.0751444941918121,0,0,0,2004-04-01 01:00:00
380,20,10.7,67.2,55.0,12.989793941932147,80.20649415065894,1.0,0,0.8000000000000007,0.6600000000000001,0.12716760555537465,0,0,0,2004-04-01 02:00:00
381,10,10.2,66.6,49.0,13.094206257434232,80.12929435057819,1.0799999999999983,0,0.5,0.6399999999999991,0.12331404175066613,0,0,0,2004-04-01 04:00:00
382,17,11.0,63.7,50.0,12.948734233133392,80.10496190265388,0.0799999999999983,0,0.8000000000000007,0.1999999999999993,0.03853563804708308,0,0,0,2004-04-01 05:00:00
383,11,9.6,68.8,67.0,12.975878470564393,80.17093712783144,0.9999999999999982,0,1.4000000000000004,0.7799999999999991,0.1502889883836244,0,0,0,2004-04-01 06:00:00
384,9,9.5,69.6,94.0,13.039871677672988,80.24257717071255,0.6999999999999993,0,0.09999999999999964,0.36999999999999955,0.07129093038710387,0,0,0,2004-04-01 07:00:00
385,16,11.9,60.9,119.0,12.914529265616705,80.27917974084257,1.459999999999999,0,2.4000000000000004,1.2099999999999995,0.23314061018485338,0,0,0,2004-04-01 08:00:00
386,18,16.2,48.6,139.0,12.974969837551898,80.1927659418855,4.5600000000000005,0,4.299999999999999,3.14,0.6050095173392065,1,0,1,2004-04-01 09:00:00
387,9,19.2,39.6,113.0,13.077449974322978,80.18090223592728,5.920000000000002,0,3.0,3.560000000000001,0.6859343572380815,1,0,1,2004-04-01 10:00:00
388,9,19.7,38.4,88.0,13.090184201092299,80.18803186051899,4.399999999999999,0,0.5,2.2999999999999994,0.4431598375414569,1,0,1,2004-04-01 11:00:00
389,18,20.6,36.7,73.0,12.922765766780365,80.17511729405112,3.080000000000002,0,0.9000000000000021,1.7200000000000013,0.33140648720491594,0,0,0,2004-04-01 12:00:00
390,6,21.8,33.9,73.0,13.040317957189108,80.17210657476596,2.3000000000000043,0,1.1999999999999993,1.390000000000002,0.26782268442722873,0,0,0,2004-04-01 13:00:00
391,3,23.6,27.5,106.0,13.077025455072434,80.19287867545555,2.620000000000001,0,1.8000000000000007,1.6700000000000006,0.321772577693145,0,0,0,2004-04-01 17:00:00
392,12,22.8,32.1,132.0,13.060357403280065,80.13411031399365,1.1000000000000014,0,0.8000000000000007,0.7100000000000009,0.13680151506714558,0,0,0,2004-04-01 18:00:00
393,9,20.8,36.7,164.0,13.099929496032976,80.11370450123881,1.1199999999999974,0,2.0,0.9599999999999987,0.1849710626259992,0,0,0,2004-04-01 19:00:00
394,13,18.3,40.9,161.0,13.047768299991098,80.15929247677742,3.16,0,2.5,2.08,0.4007706356896655,1,0,1,2004-04-01 20:00:00
395,18,16.8,44.0,124.0,12.923386431903253,80.20514112348414,3.66,0,1.5,2.13,0.41040454520143627,1,0,1,2004-04-01 21:00:00
396,10,15.8,48.0,113.0,12.980615986535954,80.17349103569035,3.099999999999998,0,1.0,1.749999999999999,0.33718683291197793,0,0,0,2004-04-01 22:00:00
397,20,14.9,52.0,103.0,13.047527470195392,80.13683199880825,2.42,0,0.9000000000000004,1.3900000000000001,0.2678226844272284,0,0,0,2004-04-01 23:00:00
398,18,14.1,54.4,104.0,13.09327355929725,80.13860803085574,1.8800000000000008,0,0.8000000000000007,1.1000000000000005,0.2119460092589578,0,0,0,2004-04-02 00:00:00
399,17,13.3,58.8,93.0,12.922437623922656,80.14179321263858,1.679999999999998,0,0.7999999999999989,0.9999999999999988,0.19267819023541585,0,0,0,2004-04-02 01:00:00
400,2,13.3,60.9,60.0,12.970610906649894,80.14027723896153,0.9800000000000004,0,0.0,0.4900000000000002,0.09441231321535393,0,0,0,2004-04-02 02:00:00
401,19,11.3,72.9,66.0,12.944422108827968,80.27658892224144,2.08,0,2.0,1.44,0.27745659393899913,0,0,0,2004-04-02 05:00:00
402,19,11.4,71.8,82.0,13.019462434798275,80.25315314858172,1.2799999999999994,0,0.09999999999999964,0.6599999999999996,0.12716760555537454,0,0,0,2004-04-02 06:00:00
403,9,11.9,73.7,109.0,13.061712115270003,80.2349700898527,0.3399999999999981,0,0.5,0.269999999999999,0.052023111363562156,0,0,0,2004-04-02 07:00:00
404,5,12.6,70.2,114.0,12.936212705092561,80.26529686533682,0.5,0,0.6999999999999993,0.3899999999999999,0.07514449419181225,0,0,0,2004-04-02 08:00:00
405,5,13.6,65.3,139.0,12.938670548478791,80.22512153692317,1.4399999999999995,0,1.0,0.9199999999999997,0.17726393501658275,0,0,0,2004-04-02 09:00:00
406,18,16.9,52.3,127.0,12.97955517946843,80.11228460554717,3.620000000000001,0,3.299999999999999,2.47,0.47591512988147777,1,0,1,2004-04-02 10:00:00
407,6,19.4,44.1,127.0,13.023829132660389,80.22872328952074,4.52,0,2.5,2.76,0.5317918050497483,1,0,1,2004-04-02 11:00:00
408,8,22.9,33.8,135.0,12.941696014146565,80.21668278465239,5.82,0,3.5,3.6100000000000003,0.6955682667498522,1,0,1,2004-04-02 12:00:00
409,5,23.6,31.3,130.0,13.068282899524618,80.13501009198683,4.320000000000004,0,0.7000000000000028,2.3000000000000025,0.4431598375414575,1,0,1,2004-04-02 13:00:00
410,8,24.7,30.5,126.0,12.99449679187159,80.16437140229574,3.200000000000003,0,1.0999999999999979,1.820000000000001,0.35067430622845747,0,0,0,2004-04-02 14:00:00
411,7,26.1,27.3,121.0,13.029560613663481,80.24465892153536,2.760000000000005,0,1.4000000000000021,1.660000000000003,0.3198457957907913,0,0,0,2004-04-02 15:00:00
412,11,27.6,22.8,122.0,13.043729875857805,80.2522987410046,2.6200000000000045,0,1.5,1.6100000000000023,0.31021188627902035,0,0,0,2004-04-02 16:00:00
413,7,26.9,22.3,138.0,13.015294247559432,80.11209551945666,1.1199999999999974,0,0.7000000000000028,0.6999999999999993,0.13487473316479112,0,0,0,2004-04-02 17:00:00
414,3,24.3,30.1,165.0,12.933940523333513,80.23049842676139,1.6199999999999974,0,2.599999999999998,1.3299999999999983,0.25626199301310304,0,0,0,2004-04-02 18:00:00
415,2,21.2,40.1,154.0,12.997778548920424,80.10454121049304,4.02,0,3.1000000000000014,2.63,0.5067436403191443,1,0,1,2004-04-02 19:00:00
416,9,19.4,42.5,168.0,12.977066104163336,80.133374039709,4.48,0,1.8000000000000007,2.6000000000000005,0.5009632946120819,1,0,1,2004-04-02 20:00:00
417,17,18.5,43.0,146.0,13.071618353758359,80.23963458130508,3.5599999999999987,0,0.8999999999999986,1.959999999999999,0.3776492528614154,0,0,0,2004-04-02 21:00:00
418,2,17.8,47.0,124.0,12.985545674850677,80.11001965419429,2.4399999999999977,0,0.6999999999999993,1.3599999999999988,0.26204233872016564,0,0,0,2004-04-02 22:00:00
419,3,16.8,53.2,124.0,12.980379850050237,80.17556272584208,1.9399999999999977,0,1.0,1.1699999999999988,0.2254334825754366,0,0,0,2004-04-02 23:00:00
420,13,17.1,51.8,106.0,12.953753397776653,80.1850839389619,0.8199999999999967,0,0.3000000000000007,0.46999999999999853,0.09055874941064528,0,0,0,2004-04-03 00:00:00
421,4,16.2,54.2,88.0,12.957347623539414,80.16694237010168,1.0800000000000018,0,0.9000000000000021,0.7200000000000013,0.13872829696949984,0,0,0,2004-04-03 01:00:00
422,15,15.1,58.2,83.0,13.05240147583019,80.20702406507584,1.5000000000000018,0,1.0999999999999996,0.9700000000000009,0.18689784452835376,0,0,0,2004-04-03 02:00:00
423,12,14.5,58.0,74.0,12.907002923919524,80.29760137207028,1.4399999999999977,0,0.5999999999999996,0.8399999999999987,0.16184967979774928,0,0,0,2004-04-03 04:00:00
424,8,13.7,61.6,64.0,13.004200727654823,80.16400692968472,1.6199999999999992,0,0.8000000000000007,0.9699999999999998,0.18689784452835356,0,0,0,2004-04-03 05:00:00
425,20,13.9,59.6,69.0,13.05866230314434,80.22981760974655,0.7800000000000011,0,0.20000000000000107,0.43000000000000077,0.08285162180122907,0,0,0,2004-04-03 06:00:00
426,12,13.3,61.7,91.0,13.053941050547964,80.23271924461488,0.7999999999999989,0,0.5999999999999996,0.5199999999999994,0.10019265892241624,0,0,0,2004-04-03 07:00:00
427,10,15.1,55.8,96.0,12.927741259881536,80.16992606785855,1.0,0,1.799999999999999,0.8599999999999999,0.1657032436024578,0,0,0,2004-04-03 08:00:00
428,16,17.0,50.5,106.0,12.973019250813657,80.11450253822156,2.4000000000000004,0,1.9000000000000004,1.5800000000000003,0.3044315405719575,0,0,0,2004-04-03 09:00:00
429,10,15.6,57.4,124.0,12.974288468890448,80.27473074876553,0.620000000000001,0,1.4000000000000004,0.5900000000000005,0.11368013223889559,0,0,0,2004-04-05 10:00:00
430,19,16.6,55.2,121.0,13.097244201327568,80.27741354525735,1.0800000000000018,0,1.0000000000000018,0.7400000000000013,0.14258186077420815,0,0,0,2004-04-05 11:00:00
431,6,17.0,54.3,114.0,12.997770661905067,80.24204424839662,0.740000000000002,0,0.3999999999999986,0.45000000000000073,0.08670518560593737,0,0,0,2004-04-05 12:00:00
432,4,18.0,51.5,114.0,13.066371023649342,80.25333808358832,1.1600000000000001,0,1.0,0.78,0.15028898838362456,0,0,0,2004-04-05 13:00:00
433,20,19.5,47.5,106.0,13.097531110797709,80.20890717676207,2.1600000000000037,0,1.5,1.380000000000002,0.26589590252487455,0,0,0,2004-04-05 14:00:00
434,16,21.6,41.7,89.0,12.937040662809954,80.19149910827575,3.0600000000000023,0,2.1000000000000014,1.9500000000000015,0.37572247095906164,0,0,0,2004-04-05 15:00:00
435,7,22.2,38.3,82.0,13.054856577360374,80.26540472953695,2.539999999999999,0,0.5999999999999979,1.3899999999999992,0.26782268442722823,0,0,0,2004-04-05 16:00:00
436,7,20.3,42.8,111.0,12.909363041609765,80.10504804149626,0.019999999999999574,0,1.8999999999999986,0.3899999999999995,0.07514449419181218,0,0,0,2004-04-05 17:00:00
437,19,19.7,45.4,132.0,13.090658959547582,80.13252535477822,0.9599999999999973,0,0.6000000000000014,0.599999999999999,0.11560691414124946,0,0,0,2004-04-05 18:00:00
438,17,18.8,47.5,121.0,12.910913988356784,80.10212425670372,1.7199999999999989,0,0.8999999999999986,1.0399999999999991,0.20038531784483257,0,0,0,2004-04-05 19:00:00
439,3,17.9,49.4,116.0,12.923904351110284,80.2867261610405,1.879999999999999,0,0.9000000000000021,1.1199999999999999,0.21579957306366598,0,0,0,2004-04-05 20:00:00
440,20,17.5,50.9,100.0,13.029002731726603,80.27679998501647,1.3399999999999963,0,0.3999999999999986,0.7499999999999979,0.14450864267656166,0,0,0,2004-04-05 21:00:00
441,4,17.4,51.8,89.0,12.908737654683623,80.299702740574,0.8599999999999994,0,0.10000000000000142,0.45,0.08670518560593724,0,0,0,2004-04-05 22:00:00
442,2,17.0,53.9,92.0,13.07694003048643,80.27620936940427,0.7199999999999989,0,0.3999999999999986,0.43999999999999917,0.08477840370358292,0,0,0,2004-04-05 23:00:00
443,13,16.6,55.4,71.0,13.054991044478863,80.28134441355022,0.6799999999999962,0,0.3999999999999986,0.4199999999999978,0.08092483989887433,0,0,0,2004-04-06 00:00:00
444,3,15.9,57.0,51.0,13.038955893815604,80.11805046596756,0.9800000000000022,0,0.7000000000000011,0.6300000000000013,0.12138725984831239,0,0,0,2004-04-06 01:00:00
445,13,15.0,59.2,39.0,12.997487883426517,80.26901747399607,1.3800000000000026,0,0.9000000000000004,0.8700000000000013,0.16763002550481226,0,0,0,2004-04-06 02:00:00
446,16,14.1,61.6,35.0,12.975611036178154,80.18017583762591,1.6199999999999992,0,0.9000000000000004,0.9899999999999997,0.19075140833306187,0,0,0,2004-04-06 04:00:00
447,12,14.6,58.8,64.0,13.093718094331146,80.2569408753291,0.6399999999999988,0,0.5,0.4199999999999994,0.08092483989887464,0,0,0,2004-04-06 05:00:00
448,3,14.4,58.9,94.0,12.947563071041474,80.10218216052432,0.40000000000000036,0,0.1999999999999993,0.24000000000000005,0.04624276565649987,0,0,0,2004-04-06 06:00:00
449,19,15.3,55.2,134.0,13.048771669341198,80.16793396844233,0.6200000000000028,0,0.9000000000000004,0.49000000000000143,0.09441231321535416,0,0,0,2004-04-06 07:00:00
450,6,16.2,52.5,129.0,12.97593802150862,80.26962633081453,1.2800000000000011,0,0.8999999999999986,0.8200000000000003,0.15799611599304125,0,0,0,2004-04-06 08:00:00
451,16,18.4,46.3,125.0,12.987953474909677,80.12841399917424,2.620000000000001,0,2.1999999999999993,1.7500000000000004,0.33718683291197826,0,0,0,2004-04-06 09:00:00
452,17,19.6,41.8,107.0,13.012597837372185,80.1987882907042,2.8200000000000003,0,1.2000000000000028,1.6500000000000008,0.3179190138884367,0,0,0,2004-04-06 10:00:00
453,17,20.2,40.1,78.0,13.084276020040823,80.25580815059675,2.2600000000000016,0,0.5999999999999979,1.2500000000000004,0.24084773779427018,0,0,0,2004-04-06 11:00:00
454,18,20.9,36.6,91.0,13.027076290952174,80.22269055218733,1.8399999999999999,0,0.6999999999999993,1.0599999999999998,0.20423888164954102,0,0,0,2004-04-06 12:00:00
455,1,20.4,34.7,116.0,13.002851455519895,80.13740404409704,0.5,0,0.5,0.35,0.06743736658239563,0,0,0,2004-04-06 13:00:00
456,5,19.3,35.4,131.0,12.923881281272157,80.13066451141383,0.7800000000000011,0,1.0999999999999979,0.6100000000000001,0.11753369604360384,0,0,0,2004-04-06 14:00:00
457,16,18.6,36.9,113.0,13.044916204710377,80.2008222257103,1.2799999999999976,0,0.6999999999999993,0.7799999999999987,0.15028898838362428,0,0,0,2004-04-06 15:00:00
458,15,18.8,36.8,98.0,13.073422686238965,80.25164110235856,0.7999999999999972,0,0.1999999999999993,0.43999999999999845,0.08477840370358278,0,0,0,2004-04-06 16:00:00
459,8,17.5,40.6,116.0,12.998878024568576,80.26476596441712,1.4199999999999982,0,1.3000000000000007,0.9699999999999993,0.18689784452835348,0,0,0,2004-04-06 17:00:00
460,9,16.8,44.3,120.0,13.071244229723641,80.15632126223507,1.3999999999999986,0,0.6999999999999993,0.8399999999999992,0.16184967979774936,0,0,0,2004-04-06 18:00:00
461,3,16.3,47.7,126.0,13.008603226111333,80.26527965801279,1.3000000000000007,0,0.5,0.7500000000000003,0.14450864267656213,0,0,0,2004-04-06 19:00:00
462,4,15.6,50.7,126.0,12.93376103384767,80.17584154303644,1.4000000000000004,0,0.7000000000000011,0.8400000000000004,0.16184967979774958,0,0,0,2004-04-06 20:00:00
463,5,15.7,49.4,90.0,13.03700901823261,80.15681386878607,0.6799999999999997,0,0.09999999999999964,0.35999999999999976,0.06936414848474974,0,0,0,2004-04-06 21:00:00
464,6,15.8,48.6,81.0,12.98444153958495,80.27865246789317,0.23999999999999844,0,0.10000000000000142,0.1399999999999995,0.026974946632958158,0,0,0,2004-04-06 22:00:00
465,19,15.7,47.0,74.0,13.054796999589483,80.22470890229191,0.11999999999999922,0,0.10000000000000142,0.07999999999999989,0.015414255218833266,0,0,0,2004-04-06 23:00:00
466,1,15.7,45.9,67.0,13.063819869490828,80.16818084635199,0.0,0,0.0,0.0,0.0,0,0,0,2004-04-07 00:00:00
467,7,15.6,44.9,46.0,12.932834911579368,80.13079200496331,0.09999999999999964,0,0.09999999999999964,0.06999999999999976,0.013487473316479079,0,0,0,2004-04-07 01:00:00
468,13,15.6,44.4,30.0,13.039807394170365,80.1656393116346,0.0799999999999983,0,0.0,0.03999999999999915,0.007707127609416479,0,0,0,2004-04-07 02:00:00
469,18,15.7,45.4,19.0,12.908661496424024,80.18753265328499,0.03999999999999915,0,0.09999999999999964,0.03999999999999951,0.007707127609416549,0,0,0,2004-04-07 04:00:00
470,10,15.3,50.1,32.0,13.090988330207644,80.13306735860208,0.2799999999999976,0,0.3999999999999986,0.21999999999999853,0.04238920185179126,0,0,0,2004-04-07 05:00:00
471,16,14.2,58.6,61.0,13.029318878701448,80.11500189502857,1.0799999999999983,0,1.1000000000000014,0.7599999999999995,0.14643542457891612,0,0,0,2004-04-07 06:00:00
472,5,14.3,58.2,111.0,13.013419994365673,80.13005304158612,0.7199999999999989,0,0.10000000000000142,0.3799999999999997,0.07321771228945806,0,0,0,2004-04-07 07:00:00
473,2,15.0,52.0,102.0,12.911499013354875,80.14498592240268,0.1000000000000032,0,0.6999999999999993,0.19000000000000147,0.03660885614472934,0,0,0,2004-04-07 08:00:00
474,11,13.6,61.4,116.0,13.016997156739981,80.27950139770586,0.879999999999999,0,1.4000000000000004,0.7199999999999995,0.13872829696949948,0,0,0,2004-04-07 09:00:00
475,10,16.1,53.1,96.0,12.97578216983387,80.10428049190158,1.4600000000000044,0,2.5000000000000018,1.2300000000000026,0.2369941739895623,0,0,0,2004-04-07 10:00:00
476,6,16.6,44.3,97.0,12.998362636884737,80.26292624680252,1.4800000000000022,0,0.5,0.8400000000000011,0.16184967979774972,0,0,0,2004-04-07 11:00:00
477,11,17.4,40.3,110.0,13.022930589421359,80.10372316616524,1.6600000000000001,0,0.7999999999999972,0.9899999999999995,0.19075140833306184,0,0,0,2004-04-07 12:00:00
478,2,18.1,42.2,103.0,12.962603757047265,80.18299462697979,1.740000000000002,0,0.7000000000000028,1.0100000000000016,0.19460497213777056,0,0,0,2004-04-07 13:00:00
479,14,14.4,51.8,79.0,12.950782123292486,80.12943789582549,2.119999999999999,0,3.700000000000001,1.7999999999999998,0.34682074242374894,0,0,0,2004-04-07 14:00:00
480,12,10.9,76.4,104.0,12.922723950487272,80.12949911306092,4.579999999999998,0,3.5,2.9899999999999993,0.576107788803894,1,0,1,2004-04-07 15:00:00
481,19,16.4,47.7,69.0,12.969660613963777,80.10596364452611,0.9600000000000009,0,5.499999999999998,1.58,0.3044315405719574,0,0,0,2004-04-07 16:00:00
482,18,18.0,37.1,96.0,13.069472745179095,80.266564131724,2.440000000000003,0,1.6000000000000014,1.5400000000000018,0.2967244129625411,0,0,0,2004-04-07 17:00:00
483,3,14.7,48.7,121.0,12.960304355783993,80.26136063101255,0.17999999999999972,0,3.3000000000000007,0.75,0.14450864267656208,0,0,0,2004-04-07 18:00:00
484,8,11.3,71.3,129.0,13.067700084752277,80.13187601363951,2.9599999999999955,0,3.3999999999999986,2.1599999999999975,0.41618489090849825,1,0,1,2004-04-07 19:00:00
485,18,10.0,74.0,116.0,13.009972024240152,80.1212938214102,4.079999999999998,0,1.3000000000000007,2.2999999999999994,0.4431598375414569,1,0,1,2004-04-07 20:00:00
486,20,9.8,71.8,71.0,13.041781525077006,80.26986966281498,2.959999999999999,0,0.1999999999999993,1.5199999999999994,0.29287084915783235,0,0,0,2004-04-07 21:00:00
487,9,9.3,75.2,85.0,13.046276189507209,80.13274016895272,1.7199999999999989,0,0.5,0.9599999999999994,0.18497106262599933,0,0,0,2004-04-07 22:00:00
488,1,9.6,76.0,101.0,13.086999997580623,80.26177135613963,0.3999999999999986,0,0.29999999999999893,0.25999999999999907,0.050096329461208004,0,0,0,2004-04-07 23:00:00
489,4,9.3,75.0,97.0,12.923953990411771,80.16506142242622,0.29999999999999716,0,0.29999999999999893,0.20999999999999835,0.04046241994943706,0,0,0,2004-04-08 00:00:00
490,17,9.0,76.7,89.0,13.05272043304125,80.20088250106424,0.3999999999999986,0,0.3000000000000007,0.25999999999999945,0.05009632946120808,0,0,0,2004-04-08 01:00:00
491,10,8.2,79.6,72.0,13.014183109246401,80.29674367854066,0.879999999999999,0,0.8000000000000007,0.5999999999999996,0.11560691414124959,0,0,0,2004-04-08 02:00:00
492,10,8.1,72.1,62.0,13.015970376554163,80.27387714193824,0.7399999999999984,0,0.09999999999999964,0.3899999999999991,0.0751444941918121,0,0,0,2004-04-08 05:00:00
493,16,8.1,70.4,64.0,12.93494054158182,80.24541984165485,0.4399999999999977,0,0.0,0.21999999999999886,0.04238920185179132,0,0,0,2004-04-08 06:00:00
494,13,8.1,70.5,80.0,13.08019435502158,80.18114906709076,0.1999999999999993,0,0.0,0.09999999999999964,0.01926781902354154,0,0,0,2004-04-08 07:00:00
495,10,9.9,64.3,118.0,13.067469509851547,80.13375070670875,1.4200000000000017,0,1.8000000000000007,1.070000000000001,0.2061656635518954,0,0,0,2004-04-08 08:00:00
496,10,13.0,54.2,130.0,12.941644518845793,80.13875198892309,3.5600000000000023,0,3.0999999999999996,2.4000000000000012,0.46242765656499885,1,0,1,2004-04-08 09:00:00
497,4,16.5,42.6,113.0,12.956283415094939,80.277612980075,5.380000000000001,0,3.5,3.3900000000000006,0.6531790648980607,1,0,1,2004-04-08 10:00:00
498,8,19.3,34.2,112.0,12.98145497122604,80.25626068944852,5.940000000000001,0,2.8000000000000007,3.5300000000000007,0.680154011531019,1,0,1,2004-04-08 11:00:00
499,2,21.5,27.4,96.0,13.021590295142117,80.20250791083252,5.460000000000001,0,2.1999999999999993,3.1700000000000004,0.610789863046269,1,0,1,2004-04-08 12:00:00
500,8,20.4,26.7,125.0,13.05987027954493,80.15138257996365,2.2600000000000016,0,1.1000000000000014,1.350000000000001,0.2601155568178119,0,0,0,2004-04-08 13:00:00
501,3,20.6,22.6,128.0,12.905375173409908,80.22756987301713,0.9400000000000048,0,0.20000000000000284,0.510000000000003,0.09826587702006279,0,0,0,2004-04-08 14:00:00
502,12,20.6,24.8,101.0,13.039991693694576,80.1928967076952,0.12000000000000455,0,0.0,0.060000000000002274,0.011560691414125404,0,0,0,2004-04-08 15:00:00
503,11,21.0,25.4,95.0,13.061490450255986,80.28519746643464,0.17999999999999972,0,0.3999999999999986,0.1699999999999996,0.032755292340020656,0,0,0,2004-04-08 16:00:00
504,19,21.5,24.5,138.0,12.980032333799326,80.10082867518553,0.6799999999999997,0,0.5,0.43999999999999984,0.08477840370358304,0,0,0,2004-04-08 17:00:00
505,9,19.3,28.6,154.0,12.985562115129682,80.20509855919725,1.3000000000000007,0,2.1999999999999993,1.0900000000000003,0.21001922735660358,0,0,0,2004-04-08 18:00:00
506,14,18.0,32.9,171.0,13.005132353833647,80.13913217887192,2.0799999999999983,0,1.3000000000000007,1.2999999999999994,0.2504816473060408,0,0,0,2004-04-08 19:00:00
507,13,15.8,39.8,136.0,13.024896328318654,80.19139496644814,3.3199999999999967,0,2.1999999999999993,2.0999999999999983,0.40462419949437345,1,0,1,2004-04-08 20:00:00
508,10,15.3,41.5,93.0,13.02883771072062,80.1166384803447,2.6799999999999997,0,0.5,1.44,0.27745659393899913,0,0,0,2004-04-08 21:00:00
509,14,14.1,46.0,99.0,13.09164727573681,80.17936768776205,2.4000000000000004,0,1.200000000000001,1.4400000000000004,0.27745659393899924,0,0,0,2004-04-08 22:00:00
510,12,12.0,67.9,95.0,12.96647271957053,80.26915481872824,3.0399999999999974,0,2.0999999999999996,1.9399999999999986,0.37379568905670696,0,0,0,2004-04-09 23:00:00
511,16,12.0,66.9,79.0,13.06946829198493,80.22588208286841,1.839999999999998,0,0.0,0.919999999999999,0.1772639350165826,0,0,0,2004-04-10 00:00:00
512,8,11.5,70.1,78.0,13.023672296518297,80.12959274399348,1.4799999999999986,0,0.5,0.8399999999999993,0.1618496797977494,0,0,0,2004-04-10 01:00:00
513,12,11.4,69.8,75.0,12.981878563282807,80.14501671510487,0.7999999999999989,0,0.09999999999999964,0.4199999999999994,0.08092483989887464,0,0,0,2004-04-10 02:00:00
514,5,10.8,70.3,52.0,13.056720806110834,80.10020946697188,0.7399999999999967,0,0.5999999999999996,0.48999999999999827,0.09441231321535355,0,0,0,2004-04-10 04:00:00
515,9,10.2,73.4,55.0,12.928056803787266,80.16844828653711,0.9799999999999986,0,0.6000000000000014,0.6099999999999997,0.11753369604360375,0,0,0,2004-04-10 05:00:00
516,8,10.8,70.5,65.0,13.032127336484795,80.28323219573515,0.13999999999999702,0,0.6000000000000014,0.18999999999999878,0.03660885614472882,0,0,0,2004-04-10 06:00:00
517,9,11.0,71.0,72.0,12.919260965132894,80.15806794849694,0.16000000000000192,0,0.1999999999999993,0.12000000000000083,0.02312138282825009,0,0,0,2004-04-10 07:00:00
518,13,12.4,64.0,76.0,13.018269882712952,80.19128636697006,1.3600000000000012,0,1.4000000000000004,0.9600000000000006,0.18497106262599958,0,0,0,2004-04-10 08:00:00
519,15,15.0,53.1,84.0,12.95614965092223,80.15078442383346,3.120000000000001,0,2.5999999999999996,2.0800000000000005,0.40077063568966553,1,0,1,2004-04-10 09:00:00
520,16,16.6,44.4,90.0,13.0424394446323,80.25510675387787,3.4400000000000013,0,1.6000000000000014,2.040000000000001,0.393063508080249,1,0,1,2004-04-10 10:00:00
521,5,18.0,38.4,89.0,13.014807417565494,80.18348717431759,3.4000000000000004,0,1.3999999999999986,1.98,0.38150281666612385,1,0,1,2004-04-10 11:00:00
522,18,20.6,30.0,87.0,12.931931698065751,80.17692221587471,4.080000000000002,0,2.6000000000000014,2.5600000000000014,0.49325616700266545,1,0,1,2004-04-10 12:00:00
523,7,19.9,26.7,88.0,12.988407135416756,80.13846271518184,1.879999999999999,0,0.7000000000000028,1.08,0.20809244545424938,0,0,0,2004-04-10 13:00:00
524,8,19.8,23.1,81.0,13.095922531284913,80.20721385935038,0.8200000000000038,0,0.09999999999999787,0.4300000000000015,0.08285162180122921,0,0,0,2004-04-10 14:00:00
525,1,21.4,22.7,89.0,12.924072399660202,80.29073727181014,1.4600000000000009,0,1.5999999999999979,1.05,0.2023120997471869,0,0,0,2004-04-10 15:00:00
526,18,22.1,21.3,91.0,12.90919866114407,80.12735967432887,1.3400000000000034,0,0.7000000000000028,0.8100000000000023,0.15606933409068746,0,0,0,2004-04-10 16:00:00
527,5,21.1,24.5,104.0,12.93784547923896,80.1518353389226,0.240000000000002,0,1.0,0.320000000000001,0.06165702087533334,0,0,0,2004-04-10 17:00:00
528,9,18.3,31.6,111.0,13.084550771305347,80.27131645045442,2.2399999999999984,0,2.8000000000000007,1.6799999999999993,0.3236993595954989,0,0,0,2004-04-10 18:00:00
529,20,16.1,35.0,129.0,12.905854638495883,80.19394467866205,3.6999999999999993,0,2.1999999999999993,2.2899999999999996,0.44123305563910276,1,0,1,2004-04-10 19:00:00
530,9,14.8,41.5,133.0,12.920592200149901,80.19727304379452,3.6799999999999997,0,1.3000000000000007,2.1,0.4046241994943738,1,0,1,2004-04-10 20:00:00
531,17,13.2,50.3,115.0,12.96748275157975,80.27265221940509,3.5,0,1.6000000000000014,2.0700000000000003,0.39884385378731135,1,0,1,2004-04-10 21:00:00
532,5,12.3,55.5,125.0,12.902075061770788,80.18717988032212,2.6400000000000006,0,0.8999999999999986,1.5,0.28901728535312415,0,0,0,2004-04-10 22:00:00
533,15,11.8,56.6,117.0,12.995924548118337,80.29102472028079,1.8399999999999963,0,0.5,1.0199999999999982,0.19653175404012407,0,0,0,2004-04-10 23:00:00
534,20,11.2,56.2,84.0,13.075257697733536,80.17032824726083,1.4600000000000009,0,0.6000000000000014,0.8500000000000008,0.16377646170010382,0,0,0,2004-04-11 00:00:00
535,17,11.0,56.6,63.0,13.005603341986422,80.10571630740777,0.9000000000000004,0,0.1999999999999993,0.49000000000000005,0.09441231321535389,0,0,0,2004-04-11 01:00:00
536,2,9.3,64.3,68.0,12.90479483248343,80.25236185453004,1.8199999999999985,0,1.6999999999999993,1.2499999999999991,0.24084773779426993,0,0,0,2004-04-11 02:00:00
537,5,7.7,70.7,49.0,13.036527718408562,80.16914226156277,2.499999999999999,0,1.6000000000000005,1.5699999999999996,0.3025047586696032,0,0,0,2004-04-11 05:00:00
538,6,7.4,71.0,49.0,12.92893861908482,80.14996170334283,1.9199999999999982,0,0.2999999999999998,1.0199999999999991,0.19653175404012424,0,0,0,2004-04-11 06:00:00
539,15,8.2,66.6,52.0,12.97890561042847,80.10728154384854,0.5199999999999996,0,0.7999999999999989,0.4199999999999996,0.08092483989887468,0,0,0,2004-04-11 07:00:00
540,17,8.7,64.3,58.0,13.049504903184616,80.16702232560259,0.4400000000000013,0,0.5,0.3200000000000006,0.061657020875333264,0,0,0,2004-04-11 08:00:00
541,14,13.0,47.9,51.0,13.070733479444788,80.29711592287569,4.000000000000002,0,4.300000000000001,2.860000000000001,0.5510596240732902,1,0,1,2004-04-11 09:00:00
542,13,17.4,35.4,77.0,13.055858150898297,80.20172317314898,6.460000000000001,0,4.399999999999999,4.11,0.7919073618675602,1,0,1,2004-04-11 10:00:00
543,3,20.2,29.2,90.0,12.942379650139827,80.10139641692712,6.700000000000003,0,2.8000000000000007,3.9100000000000015,0.7533717238204772,1,0,1,2004-04-11 11:00:00
544,6,22.7,22.9,118.0,12.936737074886874,80.10954742854115,6.300000000000001,0,2.5,3.6500000000000004,0.7032753943592688,1,0,1,2004-04-11 12:00:00
545,9,22.3,22.4,70.0,13.088915765065117,80.29550973305072,3.1800000000000033,0,0.3999999999999986,1.6700000000000013,0.3217725776931451,0,0,0,2004-04-11 13:00:00
546,3,22.2,18.9,35.0,13.042506535272787,80.224939785993,1.2399999999999984,0,0.10000000000000142,0.6399999999999995,0.1233140417506662,0,0,0,2004-04-11 14:00:00
547,15,22.0,19.0,46.0,13.036581989384453,80.1426873091057,0.120000000000001,0,0.1999999999999993,0.10000000000000037,0.019267819023541678,0,0,0,2004-04-11 15:00:00
548,14,21.0,23.6,58.0,12.945642731145217,80.15159138309976,1.0399999999999991,0,1.0,0.7199999999999995,0.13872829696949948,0,0,0,2004-04-11 16:00:00
549,4,19.6,27.4,61.0,13.053643298138724,80.27705374089103,1.8199999999999967,0,1.3999999999999986,1.1899999999999982,0.2292870463801448,0,0,0,2004-04-11 17:00:00
550,18,17.9,30.8,80.0,12.944698737817838,80.15943056661982,2.6400000000000006,0,1.7000000000000028,1.6600000000000008,0.31984579579079087,0,0,0,2004-04-11 18:00:00
551,13,16.4,35.3,93.0,13.047327425368735,80.26283716313608,2.980000000000004,0,1.5,1.790000000000002,0.3448939605213952,0,0,0,2004-04-11 19:00:00
552,6,15.6,37.5,78.0,12.96663057627714,80.20023298258981,2.5000000000000018,0,0.7999999999999989,1.4100000000000006,0.2716762482319368,0,0,0,2004-04-11 20:00:00
553,8,15.5,36.7,76.0,13.09096754822907,80.12308954328904,1.5,0,0.09999999999999964,0.7699999999999999,0.14836220648127038,0,0,0,2004-04-11 21:00:00
554,4,14.5,39.0,74.0,13.085859651065412,80.19353862743034,1.4799999999999986,0,1.0,0.9399999999999993,0.181117498821291,0,0,0,2004-04-11 22:00:00
555,11,14.2,38.2,81.0,12.987609018983534,80.12949420178701,1.0399999999999991,0,0.3000000000000007,0.5799999999999997,0.11175335033654128,0,0,0,2004-04-11 23:00:00
556,12,13.7,38.3,58.0,12.910282133056715,80.28542049512912,0.9999999999999982,0,0.5,0.5999999999999991,0.11560691414124948,0,0,0,2004-04-12 00:00:00
557,17,14.1,34.0,59.0,12.982525858473172,80.14804065844238,0.29999999999999716,0,0.40000000000000036,0.22999999999999865,0.04431598375414544,0,0,0,2004-04-12 01:00:00
558,14,14.6,34.0,54.0,12.902097034933023,80.2311758275371,0.3800000000000008,0,0.5,0.29000000000000037,0.05587667516827074,0,0,0,2004-04-12 02:00:00
559,4,13.9,30.9,25.0,12.93369383487156,80.2801115898974,0.1999999999999975,0,0.6999999999999993,0.23999999999999863,0.046242765656499596,0,0,0,2004-04-12 04:00:00
560,6,13.5,37.9,26.0,13.010200601532828,80.20665674261465,0.4599999999999991,0,0.40000000000000036,0.3099999999999996,0.05973023897297891,0,0,0,2004-04-12 05:00:00
561,12,13.9,43.6,49.0,13.029268923463226,80.19624234207161,0.09999999999999609,0,0.40000000000000036,0.12999999999999812,0.025048164730603728,0,0,0,2004-04-12 06:00:00
562,11,13.5,50.1,53.0,12.994916956157159,80.1381826959623,0.379999999999999,0,0.40000000000000036,0.2699999999999996,0.05202311136356226,0,0,0,2004-04-12 07:00:00
563,19,13.3,53.6,57.0,13.089665845819788,80.18710061237343,0.3199999999999985,0,0.1999999999999993,0.19999999999999912,0.03853563804708305,0,0,0,2004-04-12 08:00:00
564,2,13.4,56.0,73.0,13.02077762374423,80.23648265288715,0.11999999999999922,0,0.09999999999999964,0.07999999999999954,0.0154142552188332,0,0,0,2004-04-12 09:00:00
565,6,13.0,59.6,78.0,12.949949980552,80.2130878577074,0.41999999999999815,0,0.40000000000000036,0.28999999999999915,0.0558766751682705,0,0,0,2004-04-12 10:00:00
566,16,12.7,62.7,93.0,12.920658111113204,80.10199946208925,0.47999999999999865,0,0.3000000000000007,0.2999999999999995,0.05780345707062473,0,0,0,2004-04-12 11:00:00
567,3,12.1,60.5,71.0,12.924031569771028,80.20558165957316,0.7999999999999972,0,0.5999999999999996,0.5199999999999985,0.10019265892241606,0,0,0,2004-04-12 12:00:00
568,18,11.2,64.4,56.0,12.90702650596004,80.26731053851238,1.2799999999999994,0,0.9000000000000004,0.8199999999999997,0.15799611599304114,0,0,0,2004-04-12 13:00:00
569,9,10.7,67.6,60.0,12.948145296187596,80.2154988998915,1.2399999999999984,0,0.5,0.7199999999999992,0.13872829696949943,0,0,0,2004-04-12 14:00:00
570,14,11.4,61.2,77.0,12.98923656129039,80.15184852136001,0.2199999999999971,0,0.7000000000000011,0.24999999999999875,0.04816954755885378,0,0,0,2004-04-12 15:00:00
571,8,9.9,70.5,82.0,12.944286733655186,80.25440577555017,1.1599999999999984,0,1.5,0.8799999999999992,0.169556807407166,0,0,0,2004-04-12 16:00:00
572,13,10.3,65.2,77.0,13.084470998002587,80.1821505779193,0.3999999999999986,0,0.40000000000000036,0.27999999999999936,0.05394989326591638,0,0,0,2004-04-12 17:00:00
573,6,11.0,58.9,91.0,12.99197641233478,80.20803343338561,0.33999999999999986,0,0.6999999999999993,0.30999999999999983,0.05973023897297895,0,0,0,2004-04-12 18:00:00
574,11,10.6,59.5,93.0,13.078995774927966,80.21890331746518,0.03999999999999737,0,0.40000000000000036,0.09999999999999876,0.01926781902354137,0,0,0,2004-04-12 19:00:00
575,7,10.6,57.7,82.0,12.912114498150434,80.22329174805996,0.120000000000001,0,0.0,0.0600000000000005,0.01156069141412506,0,0,0,2004-04-12 20:00:00
576,4,10.6,56.1,74.0,12.950795219556564,80.23950052449325,0.019999999999999574,0,0.0,0.009999999999999787,0.0019267819023541198,0,0,0,2004-04-12 21:00:00
577,10,10.3,58.0,68.0,13.064529540425507,80.25562898817607,0.3199999999999985,0,0.29999999999999893,0.21999999999999903,0.042389201851791354,0,0,0,2004-04-12 22:00:00
578,5,10.4,58.4,65.0,12.932098786411544,80.15158068044717,0.09999999999999787,0,0.09999999999999964,0.06999999999999887,0.013487473316478909,0,0,0,2004-04-12 23:00:00
579,6,10.7,58.2,58.0,13.0878365733933,80.17049714919219,0.1800000000000015,0,0.29999999999999893,0.15000000000000052,0.028901728535312515,0,0,0,2004-04-13 00:00:00
580,2,10.5,59.9,36.0,13.097601386453801,80.1570049756988,1.7763568394002505e-15,0,0.1999999999999993,0.04000000000000075,0.007707127609416788,0,0,0,2004-04-13 01:00:00
581,18,10.5,60.8,29.0,12.966350359853822,80.16470342719285,0.02000000000000135,0,0.0,0.010000000000000675,0.001926781902354291,0,0,0,2004-04-13 02:00:00
582,19,11.1,60.1,28.0,13.092058414984736,80.2809522173592,0.46000000000000085,0,0.5999999999999996,0.35000000000000037,0.0674373665823957,0,0,0,2004-04-13 04:00:00
583,13,10.1,68.4,68.0,13.039418688220337,80.23798381008721,0.47999999999999865,0,1.0,0.43999999999999934,0.08477840370358294,0,0,0,2004-04-13 05:00:00
584,6,10.0,68.7,99.0,12.999121517238255,80.14084352840891,0.4399999999999995,0,0.09999999999999964,0.23999999999999969,0.0462427656564998,0,0,0,2004-04-13 06:00:00
585,5,11.0,64.2,130.0,13.02320050745116,80.26213100399133,0.46000000000000085,0,1.0,0.43000000000000044,0.082851621801229,0,0,0,2004-04-13 07:00:00
586,10,12.0,58.1,128.0,13.03172419884465,80.1469742644709,1.1600000000000001,0,1.0,0.78,0.15028898838362456,0,0,0,2004-04-13 08:00:00
587,4,12.8,52.0,120.0,12.990422255385376,80.16672918294312,1.6200000000000028,0,0.8000000000000007,0.9700000000000015,0.1868978445283539,0,0,0,2004-04-13 09:00:00
588,5,12.6,50.8,93.0,12.944908953204944,80.28375225209474,0.9200000000000017,0,0.20000000000000107,0.5000000000000011,0.09633909511770826,0,0,0,2004-04-13 10:00:00
589,15,13.8,47.4,96.0,12.966204030644304,80.19538536183961,1.360000000000003,0,1.200000000000001,0.9200000000000017,0.17726393501658314,0,0,0,2004-04-13 11:00:00
590,17,15.1,42.7,84.0,13.016758760352701,80.27810969106223,1.8399999999999999,0,1.299999999999999,1.1799999999999997,0.22736026447779092,0,0,0,2004-04-13 12:00:00
591,11,16.3,38.1,87.0,13.02846128455228,80.19858291782771,2.1800000000000015,0,1.200000000000001,1.330000000000001,0.2562619930131036,0,0,0,2004-04-13 13:00:00
592,20,16.6,36.7,87.0,12.911215934001214,80.13552483179602,1.7200000000000006,0,0.3000000000000007,0.9200000000000005,0.17726393501658289,0,0,0,2004-04-13 14:00:00
593,12,15.8,40.5,103.0,12.984962823743382,80.27008576608154,0.28000000000000114,0,0.8000000000000007,0.3000000000000007,0.05780345707062496,0,0,0,2004-04-13 15:00:00
594,4,16.3,41.8,88.0,13.071637687439377,80.22484972508502,0.28000000000000114,0,0.5,0.24000000000000057,0.04624276565649997,0,0,0,2004-04-13 16:00:00
595,17,16.1,42.8,118.0,12.90013636162701,80.10336612699996,0.11999999999999744,0,0.1999999999999993,0.09999999999999859,0.019267819023541338,0,0,0,2004-04-13 17:00:00
596,8,15.3,46.8,134.0,13.048892665856773,80.25678883329181,0.7199999999999989,0,0.8000000000000007,0.5199999999999996,0.10019265892241629,0,0,0,2004-04-13 18:00:00
597,9,14.7,47.0,144.0,13.09959995902325,80.13277168092449,0.9399999999999977,0,0.6000000000000014,0.5899999999999992,0.11368013223889534,0,0,0,2004-04-13 19:00:00
598,6,14.1,49.6,129.0,12.901969970013152,80.2888761401752,1.200000000000001,0,0.5999999999999996,0.7200000000000004,0.13872829696949968,0,0,0,2004-04-13 20:00:00
599,19,13.5,54.1,108.0,12.965344704170223,80.2003422254467,1.2399999999999984,0,0.5999999999999996,0.7399999999999991,0.14258186077420773,0,0,0,2004-04-13 21:00:00
600,8,12.3,59.2,104.0,12.96341929788975,80.11019458241528,1.679999999999998,0,1.1999999999999993,1.0799999999999987,0.20809244545424913,0,0,0,2004-04-13 22:00:00
601,19,11.6,62.2,90.0,13.032984649217346,80.12899618833086,1.6399999999999988,0,0.7000000000000011,0.9599999999999996,0.18497106262599938,0,0,0,2004-04-13 23:00:00
602,17,11.5,61.4,74.0,12.978145537065545,80.11184635478304,1.0999999999999979,0,0.09999999999999964,0.5699999999999988,0.10982656843418695,0,0,0,2004-04-14 00:00:00
603,13,10.9,64.6,73.0,13.018283786524801,80.1922489569163,1.059999999999997,0,0.5999999999999996,0.6499999999999984,0.12524082365302014,0,0,0,2004-04-14 01:00:00
604,1,11.1,63.2,60.0,13.015543307869523,80.24120871190932,0.379999999999999,0,0.1999999999999993,0.22999999999999937,0.044315983754145576,0,0,0,2004-04-14 02:00:00
605,16,10.2,65.8,62.0,12.996350448225385,80.29868102067023,0.8599999999999994,0,0.9000000000000004,0.6099999999999998,0.11753369604360377,0,0,0,2004-04-14 05:00:00
606,14,10.3,65.6,71.0,13.002063524867383,80.1394247074237,0.4999999999999982,0,0.10000000000000142,0.2699999999999994,0.052023111363562226,0,0,0,2004-04-14 06:00:00
607,15,10.8,64.0,94.0,12.980679011221275,80.18873193270792,0.14000000000000057,0,0.5,0.1700000000000003,0.03275529234002079,0,0,0,2004-04-14 07:00:00
608,9,13.3,55.6,99.0,13.029361720986406,80.25590874069448,2.160000000000002,0,2.5,1.580000000000001,0.3044315405719576,0,0,0,2004-04-14 08:00:00
609,10,15.8,46.8,119.0,13.091208246692467,80.1246519012239,3.7200000000000024,0,2.5,2.360000000000001,0.4547205289555822,1,0,1,2004-04-14 09:00:00
610,17,19.5,34.4,103.0,12.954207488761327,80.29860481510936,5.560000000000002,0,3.6999999999999993,3.520000000000001,0.6782272296286648,1,0,1,2004-04-14 10:00:00
611,3,21.1,30.2,95.0,12.935522248369072,80.13999645881809,5.0,0,1.6000000000000014,2.8200000000000003,0.5433524964638734,1,0,1,2004-04-14 11:00:00
612,16,18.4,34.2,95.0,12.970643549210678,80.16642985587214,0.7800000000000011,0,2.700000000000003,0.9300000000000012,0.17919071691893718,0,0,0,2004-04-14 12:00:00
613,9,13.5,53.4,114.0,13.003889388465497,80.2469283492469,4.159999999999997,0,4.899999999999999,3.059999999999998,0.5895952621203728,1,0,1,2004-04-15 09:00:00
614,4,15.0,49.3,127.0,12.929995681833635,80.18428837514361,2.4999999999999964,0,1.5,1.5499999999999983,0.2986511948648946,0,0,0,2004-04-15 10:00:00
615,16,17.1,42.1,135.0,12.967206375363663,80.2956358403873,0.08000000000000185,0,2.1000000000000014,0.46000000000000124,0.08863196750829164,0,0,0,2004-04-15 11:00:00
616,5,18.4,36.9,135.0,12.917778700907535,80.19486506032129,1.9200000000000017,0,1.2999999999999972,1.2200000000000002,0.23506739208720767,0,0,0,2004-04-15 12:00:00
617,11,19.3,35.4,120.0,13.024701322830328,80.18561369878714,2.640000000000004,0,0.9000000000000021,1.5000000000000024,0.2890172853531246,0,0,0,2004-04-15 13:00:00
618,17,19.2,35.7,129.0,13.054248348049434,80.12105408079289,1.4000000000000021,0,0.10000000000000142,0.7200000000000013,0.13872829696949984,0,0,0,2004-04-15 14:00:00
619,7,21.5,30.4,114.0,12.955373671393758,80.27733954281702,2.400000000000002,0,2.3000000000000007,1.6600000000000013,0.3198457957907909,0,0,0,2004-04-15 15:00:00
620,14,19.6,34.6,129.0,13.055320266110883,80.2107323018967,0.0,0,1.8999999999999986,0.3799999999999997,0.07321771228945806,0,0,0,2004-04-15 16:00:00
621,9,19.6,35.5,149.0,12.942931387135197,80.29229249999884,0.23999999999999488,0,0.0,0.11999999999999744,0.023121382828249437,0,0,0,2004-04-15 17:00:00
622,7,18.3,44.1,149.0,13.020118671570945,80.14264636665831,1.3399999999999963,0,1.3000000000000007,0.9299999999999984,0.17919071691893665,0,0,0,2004-04-15 18:00:00
623,10,17.4,47.8,158.0,13.046848485287558,80.20050892313398,1.879999999999999,0,0.9000000000000021,1.1199999999999999,0.21579957306366598,0,0,0,2004-04-15 19:00:00
624,5,16.8,49.8,148.0,12.947793990256875,80.20516324796823,1.5399999999999956,0,0.5999999999999979,0.8899999999999973,0.17148358930951982,0,0,0,2004-04-15 20:00:00
625,7,16.2,53.2,134.0,13.027384958137686,80.18118623863289,1.4600000000000009,0,0.6000000000000014,0.8500000000000008,0.16377646170010382,0,0,0,2004-04-15 21:00:00
626,13,14.9,59.1,111.0,13.044651800609959,80.15509013775542,1.8199999999999985,0,1.299999999999999,1.169999999999999,0.22543348257543663,0,0,0,2004-04-15 22:00:00
627,14,13.9,64.0,106.0,13.049777715711988,80.27245846860359,1.9399999999999977,0,1.0,1.1699999999999988,0.2254334825754366,0,0,0,2004-04-15 23:00:00
628,16,13.7,66.8,108.0,13.000524929747998,80.29753336073917,1.4000000000000004,0,0.20000000000000107,0.7400000000000004,0.14258186077420798,0,0,0,2004-04-16 00:00:00
629,2,13.4,69.6,93.0,13.030287600768357,80.2247966699177,1.0199999999999978,0,0.29999999999999893,0.5699999999999987,0.10982656843418692,0,0,0,2004-04-16 01:00:00
630,8,12.8,71.9,83.0,13.089686730198874,80.1436297613618,0.9399999999999977,0,0.5999999999999996,0.5899999999999987,0.11368013223889525,0,0,0,2004-04-16 02:00:00
631,18,11.9,74.8,69.0,12.955255420757284,80.24348829325523,1.2399999999999967,0,0.9000000000000004,0.7999999999999984,0.15414255218833256,0,0,0,2004-04-16 04:00:00
632,17,11.6,76.4,77.0,13.052840841647392,80.28041538847619,1.0799999999999983,0,0.3000000000000007,0.5999999999999993,0.11560691414124952,0,0,0,2004-04-16 05:00:00
633,19,11.7,75.3,87.0,12.98803710938295,80.13981625228845,0.5799999999999983,0,0.09999999999999964,0.30999999999999905,0.05973023897297881,0,0,0,2004-04-16 06:00:00
634,12,12.8,71.0,109.0,12.997942698813,80.144424326633,0.6400000000000006,0,1.1000000000000014,0.5400000000000006,0.1040462227271248,0,0,0,2004-04-16 07:00:00
635,8,13.8,61.1,116.0,13.074789230648605,80.21087205760035,1.440000000000003,0,1.0,0.9200000000000015,0.17726393501658308,0,0,0,2004-04-16 08:00:00
636,11,15.3,51.4,105.0,13.0901683329765,80.2664471989944,2.2600000000000033,0,1.5,1.4300000000000017,0.27552981203664534,0,0,0,2004-04-16 09:00:00
637,17,16.6,48.7,106.0,13.094655088370866,80.23000988260895,2.560000000000004,0,1.3000000000000007,1.5400000000000023,0.2967244129625412,0,0,0,2004-04-16 10:00:00
638,2,17.6,46.7,108.0,12.938994819762705,80.29337827569927,2.3800000000000026,0,1.0,1.3900000000000012,0.2678226844272286,0,0,0,2004-04-16 11:00:00
639,15,19.2,42.7,100.0,12.959173965955166,80.16934955625572,2.6999999999999993,0,1.5999999999999979,1.6699999999999993,0.3217725776931447,0,0,0,2004-04-16 12:00:00
640,6,15.7,62.5,149.0,13.09299350908755,80.11603286865362,1.1800000000000033,0,3.5,1.2900000000000018,0.2485548654036871,0,0,0,2004-04-16 13:00:00
641,12,14.5,75.7,148.0,13.045806123328335,80.18941647395626,2.219999999999999,0,1.1999999999999993,1.3499999999999992,0.26011555681781157,0,0,0,2004-04-16 14:00:00
642,12,14.4,77.4,126.0,13.097731256578141,80.26642583643675,1.8799999999999972,0,0.09999999999999964,0.9599999999999985,0.18497106262599916,0,0,0,2004-04-16 15:00:00
643,5,14.6,74.9,140.0,12.90724035863065,80.10642579797712,1.0799999999999983,0,0.1999999999999993,0.579999999999999,0.11175335033654113,0,0,0,2004-04-16 16:00:00
644,6,14.6,76.0,142.0,12.922462660895059,80.2467368886119,0.1599999999999966,0,0.0,0.0799999999999983,0.015414255218832959,0,0,0,2004-04-16 17:00:00
645,5,14.0,76.3,141.0,12.95227027143689,80.26750393233127,0.41999999999999815,0,0.5999999999999996,0.329999999999999,0.06358380277768712,0,0,0,2004-04-16 18:00:00
646,10,13.9,78.0,149.0,12.954209424351557,80.18377960809852,0.40000000000000036,0,0.09999999999999964,0.2200000000000001,0.04238920185179156,0,0,0,2004-04-16 19:00:00
647,5,13.8,78.0,140.0,12.920222857485127,80.20048683915373,0.37999999999999723,0,0.09999999999999964,0.20999999999999855,0.0404624199494371,0,0,0,2004-04-16 20:00:00
648,11,13.5,79.4,117.0,12.964906174299536,80.23932619503708,0.4599999999999991,0,0.3000000000000007,0.2899999999999997,0.055876675168270606,0,0,0,2004-04-16 21:00:00
649,20,13.1,80.1,103.0,13.021287766952657,80.29781137539959,0.5600000000000005,0,0.40000000000000036,0.3600000000000003,0.06936414848474985,0,0,0,2004-04-16 22:00:00
650,18,12.8,81.0,99.0,13.033635160919673,80.2268540606321,0.6199999999999974,0,0.29999999999999893,0.3699999999999985,0.07129093038710366,0,0,0,2004-04-16 23:00:00
651,4,12.7,80.6,100.0,12.946321745316542,80.2597973480291,0.47999999999999865,0,0.10000000000000142,0.2599999999999996,0.05009632946120811,0,0,0,2004-04-17 00:00:00
652,11,12.5,81.8,88.0,12.941655054910779,80.16175255621687,0.41999999999999815,0,0.1999999999999993,0.24999999999999895,0.04816954755885382,0,0,0,2004-04-17 01:00:00
653,17,12.7,81.2,83.0,13.030073756239128,80.1444468351066,0.0600000000000005,0,0.1999999999999993,0.07000000000000012,0.013487473316479148,0,0,0,2004-04-17 02:00:00
654,19,14.2,52.2,59.0,12.989074408907697,80.29359966355837,1.2200000000000006,0,1.5,0.9100000000000004,0.1753371531142287,0,0,0,2004-04-23 05:00:00
655,13,14.3,55.4,67.0,13.05997598656196,80.18876493864744,1.0200000000000031,0,0.10000000000000142,0.5300000000000018,0.10211944082477087,0,0,0,2004-04-23 06:00:00
656,19,14.0,58.0,95.0,13.060350306130207,80.23335781963274,0.46000000000000263,0,0.3000000000000007,0.2900000000000015,0.05587667516827095,0,0,0,2004-04-23 07:00:00
657,8,15.4,53.3,123.0,13.08107778203901,80.29432296507761,1.2800000000000011,0,1.4000000000000004,0.9200000000000006,0.1772639350165829,0,0,0,2004-04-23 08:00:00
658,6,19.1,42.1,142.0,13.068280134424477,80.10522368519639,3.700000000000001,0,3.700000000000001,2.5900000000000007,0.4990365127097278,1,0,1,2004-04-23 09:00:00
659,13,23.7,31.0,142.0,12.914491143332388,80.29332543214652,6.399999999999999,0,4.599999999999998,4.119999999999999,0.7938341437699141,1,0,1,2004-04-23 10:00:00
660,18,26.9,25.7,169.0,13.024045858514315,80.18233792257833,7.079999999999998,0,3.1999999999999993,4.179999999999999,0.805394835184039,1,0,1,2004-04-23 11:00:00
661,16,29.7,20.6,142.0,13.040543517520748,80.10322497025832,6.739999999999998,0,2.8000000000000007,3.9299999999999993,0.757225287625185,1,0,1,2004-04-23 12:00:00
662,5,29.2,21.5,136.0,13.040203522885308,80.10350174260364,3.4800000000000004,0,0.5,1.8400000000000003,0.35452787003316566,0,0,0,2004-04-23 13:00:00
663,13,29.6,20.1,147.0,13.072133604370297,80.15969477898118,1.7800000000000011,0,0.40000000000000213,0.970000000000001,0.18689784452835378,0,0,0,2004-04-23 14:00:00
664,16,30.0,19.4,196.0,12.955387910216773,80.14159407177146,0.9199999999999982,0,0.3999999999999986,0.5399999999999988,0.10404622272712445,0,0,0,2004-04-23 15:00:00
665,12,29.5,20.1,186.0,12.979884186831361,80.18842345497711,0.10000000000000142,0,0.5,0.15000000000000072,0.02890172853531255,0,0,0,2004-04-23 16:00:00
666,20,27.0,26.8,177.0,12.974243652685955,80.25586502410624,2.0600000000000023,0,2.5,1.5300000000000011,0.2947976310601868,0,0,0,2004-04-23 17:00:00
667,19,24.9,30.8,164.0,13.087815739718035,80.10924352536455,3.3000000000000007,0,2.1000000000000014,2.0700000000000007,0.39884385378731146,1,0,1,2004-04-23 18:00:00
668,11,23.1,36.7,161.0,13.096185191552308,80.18414262350326,3.799999999999997,0,1.7999999999999972,2.259999999999998,0.43545270993204,1,0,1,2004-04-23 19:00:00
669,15,21.5,40.8,146.0,12.951831439823343,80.28024315649036,3.6999999999999957,0,1.6000000000000014,2.169999999999998,0.41811167281085254,1,0,1,2004-04-23 20:00:00
670,3,20.5,41.5,98.0,12.979902179058099,80.24843823809091,2.8999999999999986,0,1.0,1.6499999999999992,0.3179190138884364,0,0,0,2004-04-23 21:00:00
671,3,19.2,44.9,108.0,12.98791885916226,80.12097258685806,2.639999999999997,0,1.3000000000000007,1.5799999999999987,0.30443154057195715,0,0,0,2004-04-23 22:00:00
672,13,18.8,47.7,107.0,12.906161973085133,80.13140219199425,1.8199999999999967,0,0.3999999999999986,0.9899999999999981,0.19075140833306156,0,0,0,2004-04-23 23:00:00
673,2,18.2,49.7,113.0,12.981763494768742,80.22652000571401,1.4399999999999977,0,0.6000000000000014,0.8399999999999992,0.16184967979774936,0,0,0,2004-04-24 00:00:00
674,10,16.1,57.4,100.0,12.968956272751653,80.16715228776944,2.4599999999999937,0,2.099999999999998,1.6499999999999964,0.31791901388843585,0,0,0,2004-04-24 01:00:00
675,20,16.3,55.3,87.0,13.061549988106236,80.19445970701761,1.4199999999999982,0,0.1999999999999993,0.7499999999999989,0.14450864267656185,0,0,0,2004-04-24 02:00:00
676,14,14.8,57.7,65.0,13.045815143120405,80.18674069248107,2.039999999999999,0,1.5,1.3199999999999996,0.25433521111074914,0,0,0,2004-04-24 05:00:00
677,12,14.0,59.7,64.0,12.984472482613363,80.10850424709898,1.879999999999999,0,0.8000000000000007,1.0999999999999996,0.21194600925895762,0,0,0,2004-04-24 06:00:00
678,17,14.6,56.8,73.0,12.952378265129335,80.106420680529,0.5600000000000005,0,0.5999999999999996,0.4000000000000002,0.07707127609416647,0,0,0,2004-04-24 07:00:00
679,8,16.7,51.9,86.0,12.922879576334521,80.22816884043826,1.4200000000000017,0,2.0999999999999996,1.1300000000000008,0.21772635496602033,0,0,0,2004-04-24 08:00:00
680,16,20.0,45.0,105.0,12.985512637895841,80.28994631719183,3.9800000000000004,0,3.3000000000000007,2.6500000000000004,0.5105972041238527,1,0,1,2004-04-24 09:00:00
681,16,23.9,33.7,107.0,13.032050972302025,80.22513173733866,6.060000000000002,0,3.8999999999999986,3.810000000000001,0.7341039047969354,1,0,1,2004-04-24 10:00:00
682,6,26.8,29.5,114.0,13.001203685854302,80.26806474027201,6.400000000000002,0,2.900000000000002,3.7800000000000016,0.7283235590898731,1,0,1,2004-04-24 11:00:00
683,4,27.2,32.4,105.0,13.051547427136653,80.27841935033892,4.280000000000001,0,0.3999999999999986,2.22,0.4277455823226238,1,0,1,2004-04-24 12:00:00
684,19,26.9,32.1,74.0,12.982145206252081,80.12974799441174,1.9399999999999977,0,0.3000000000000007,1.029999999999999,0.19845853594247836,0,0,0,2004-04-24 13:00:00
685,3,24.3,41.8,95.0,13.042845753156378,80.11670057237619,1.5199999999999996,0,2.599999999999998,1.2799999999999994,0.24662808350133247,0,0,0,2004-04-24 14:00:00
686,19,25.6,36.0,89.0,12.97342917178631,80.23489696881022,0.5599999999999952,0,1.3000000000000007,0.5399999999999978,0.10404622272712427,0,0,0,2004-04-24 15:00:00
687,19,27.0,31.8,95.0,13.065381971224083,80.10070064788404,0.8000000000000007,0,1.3999999999999986,0.6800000000000002,0.13102116936008296,0,0,0,2004-04-24 16:00:00
688,2,27.5,31.6,93.0,12.976408394044245,80.23650036378088,1.240000000000002,0,0.5,0.720000000000001,0.13872829696949976,0,0,0,2004-04-24 17:00:00
689,8,24.9,38.1,123.0,12.953642724038701,80.2685812068269,0.9599999999999973,0,2.6000000000000014,0.999999999999999,0.1926781902354159,0,0,0,2004-04-24 18:00:00
690,20,23.4,39.7,134.0,13.076901505311845,80.24115148911467,2.2799999999999976,0,1.5,1.4399999999999988,0.27745659393899896,0,0,0,2004-04-24 19:00:00
691,2,21.2,50.8,126.0,13.065284982114605,80.16290757357851,3.6000000000000014,0,2.1999999999999993,2.2400000000000007,0.43159914612733213,1,0,1,2004-04-24 20:00:00
692,19,15.6,73.5,79.0,13.079786774441708,80.15617738475763,6.92,0,5.6,4.58,0.8824661112782057,1,0,1,2004-04-24 21:00:00
693,3,12.9,79.7,54.0,13.097701608837912,80.1062226841263,6.700000000000001,0,2.6999999999999993,3.8900000000000006,0.7495181600157687,1,0,1,2004-04-24 22:00:00
694,7,11.5,76.9,69.0,13.032735084130378,80.11940793284373,5.419999999999998,0,1.4000000000000004,2.9899999999999993,0.576107788803894,1,0,1,2004-04-24 23:00:00
695,17,12.2,66.8,67.0,13.046989625103308,80.15790741536674,2.4799999999999986,0,0.6999999999999993,1.3799999999999992,0.26589590252487405,0,0,0,2004-04-25 00:00:00
696,11,12.4,64.1,73.0,13.072110012274916,80.23006737201662,0.5199999999999978,0,0.20000000000000107,0.2999999999999991,0.057803457070624654,0,0,0,2004-04-25 01:00:00
697,9,12.7,58.7,73.0,12.975986700143157,80.18764330311872,0.3600000000000012,0,0.29999999999999893,0.24000000000000038,0.046242765656499936,0,0,0,2004-04-25 02:00:00
698,18,12.5,50.9,20.0,12.976219053913498,80.23505484675346,0.240000000000002,0,0.1999999999999993,0.16000000000000086,0.03082851043766674,0,0,0,2004-04-25 05:00:00
699,12,12.8,49.3,37.0,12.910653178708115,80.1094643437789,0.28000000000000114,0,0.3000000000000007,0.2000000000000007,0.038535638047083355,0,0,0,2004-04-25 06:00:00
700,3,13.5,48.6,50.0,13.064012584950003,80.16196483346246,0.7200000000000024,0,0.6999999999999993,0.5000000000000011,0.09633909511770826,0,0,0,2004-04-25 07:00:00
701,6,14.4,45.9,45.0,13.064277150481027,80.18707984139225,1.2200000000000024,0,0.9000000000000004,0.7900000000000013,0.15221577028597896,0,0,0,2004-04-25 08:00:00
702,2,15.1,43.9,48.0,13.020759113334563,80.27522734887408,1.4399999999999995,0,0.6999999999999993,0.8599999999999997,0.16570324360245778,0,0,0,2004-04-25 09:00:00
703,13,16.6,38.6,56.0,12.967339236491748,80.24598650200458,2.120000000000001,0,1.5000000000000018,1.3600000000000008,0.262042338720166,0,0,0,2004-04-25 10:00:00
704,9,17.2,35.0,58.0,13.091088564047396,80.15159426457197,1.8399999999999999,0,0.5999999999999979,1.0399999999999996,0.20038531784483266,0,0,0,2004-04-25 11:00:00
705,8,17.4,33.9,52.0,13.011605002227444,80.17725456498901,1.2600000000000016,0,0.1999999999999993,0.6700000000000006,0.1290943874577289,0,0,0,2004-04-25 12:00:00
706,2,17.9,30.7,52.0,13.037311922335281,80.1588761084093,1.0600000000000023,0,0.5,0.6300000000000011,0.12138725984831235,0,0,0,2004-04-25 13:00:00
707,14,18.3,27.2,44.0,12.914303146262005,80.23666596507798,0.8200000000000038,0,0.40000000000000213,0.4900000000000023,0.09441231321535433,0,0,0,2004-04-25 14:00:00
708,9,19.4,25.7,59.0,13.059475579981028,80.21362830685165,1.3599999999999994,0,1.0999999999999979,0.8999999999999992,0.17341037121187433,0,0,0,2004-04-25 15:00:00
709,6,20.2,24.1,74.0,13.013997139915404,80.23855441583014,1.5600000000000023,0,0.8000000000000007,0.9400000000000013,0.18111749882129136,0,0,0,2004-04-25 16:00:00
710,19,19.6,24.9,76.0,13.097526643852659,80.20631314553785,0.5200000000000031,0,0.5999999999999979,0.3800000000000011,0.07321771228945832,0,0,0,2004-04-25 17:00:00
711,18,18.5,27.8,83.0,13.063450318983211,80.17493342908286,0.6999999999999993,0,1.1000000000000014,0.57,0.10982656843418716,0,0,0,2004-04-25 18:00:00
712,4,17.8,30.3,100.0,13.009086290005916,80.1818296042561,1.2999999999999972,0,0.6999999999999993,0.7899999999999985,0.1522157702859784,0,0,0,2004-04-25 19:00:00
713,10,16.6,34.0,101.0,13.043985569171928,80.10358694992375,1.9399999999999977,0,1.1999999999999993,1.2099999999999986,0.23314061018485321,0,0,0,2004-04-25 20:00:00
714,20,15.5,37.0,90.0,13.008091747990795,80.27552677999034,2.1000000000000014,0,1.1000000000000014,1.270000000000001,0.2447013015989786,0,0,0,2004-04-25 21:00:00
715,7,14.8,39.5,93.0,12.929154022258956,80.21986873833971,1.8399999999999999,0,0.6999999999999993,1.0599999999999998,0.20423888164954102,0,0,0,2004-04-25 22:00:00
716,20,14.5,42.0,79.0,13.087420627817236,80.18205752273599,1.3399999999999999,0,0.3000000000000007,0.7300000000000001,0.14065507887185377,0,0,0,2004-04-25 23:00:00
717,8,14.1,44.9,57.0,13.074780551603972,80.15025172191837,1.0,0,0.40000000000000036,0.5800000000000001,0.11175335033654134,0,0,0,2004-04-26 00:00:00
718,19,14.2,45.5,43.0,13.057267502772545,80.14024490576824,0.41999999999999993,0,0.09999999999999964,0.2299999999999999,0.04431598375414568,0,0,0,2004-04-26 01:00:00
719,9,14.1,45.3,25.0,12.905463736342757,80.21153346612677,0.23999999999999844,0,0.09999999999999964,0.13999999999999915,0.02697494663295809,0,0,0,2004-04-26 02:00:00
720,4,13.9,43.9,44.0,12.937009288604145,80.10475860314428,0.2599999999999998,0,0.1999999999999993,0.16999999999999976,0.03275529234002069,0,0,0,2004-04-26 05:00:00
721,16,14.0,43.8,72.0,13.089188510822897,80.1591905549775,0.05999999999999872,0,0.09999999999999964,0.049999999999999295,0.009633909511770669,0,0,0,2004-04-26 06:00:00
722,18,14.4,43.6,91.0,13.057399119735681,80.14451715674439,0.28000000000000114,0,0.40000000000000036,0.22000000000000064,0.04238920185179166,0,0,0,2004-04-26 07:00:00
723,8,15.0,41.7,89.0,13.069815089325337,80.18694133279722,0.7200000000000024,0,0.5999999999999996,0.48000000000000115,0.09248553131299994,0,0,0,2004-04-26 08:00:00
724,12,16.3,38.4,84.0,13.075031463786607,80.12064964367183,1.5800000000000018,0,1.3000000000000007,1.0500000000000012,0.2023120997471871,0,0,0,2004-04-26 09:00:00
725,6,18.3,32.3,83.0,13.02363725057851,80.21225002645404,2.700000000000001,0,2.0,1.7500000000000004,0.33718683291197826,0,0,0,2004-04-26 10:00:00
726,8,18.8,31.7,78.0,12.965902582098725,80.21237371667603,2.240000000000002,0,0.5,1.220000000000001,0.23506739208720784,0,0,0,2004-04-26 11:00:00
727,1,19.6,30.9,80.0,12.946661925808051,80.22647137756434,2.0,0,0.8000000000000007,1.1600000000000001,0.22350670067308268,0,0,0,2004-04-26 12:00:00
728,11,20.2,30.7,75.0,13.0488165418569,80.17770408662587,1.5599999999999987,0,0.5999999999999979,0.8999999999999989,0.17341037121187428,0,0,0,2004-04-26 13:00:00
729,4,19.7,32.5,77.0,13.011663296759124,80.26945129937603,0.379999999999999,0,0.5,0.2899999999999995,0.055876675168270565,0,0,0,2004-04-26 14:00:00
730,15,20.7,31.6,77.0,12.995831604745833,80.25642629101142,0.8999999999999986,0,1.0,0.6499999999999992,0.1252408236530203,0,0,0,2004-04-26 15:00:00
731,15,20.0,32.7,81.0,12.933101069250599,80.16403943230696,0.03999999999999915,0,0.6999999999999993,0.15999999999999945,0.03082851043766647,0,0,0,2004-04-26 16:00:00
732,5,18.6,35.4,101.0,13.032515233539684,80.13729316598972,1.2399999999999949,0,1.3999999999999986,0.8999999999999972,0.17341037121187394,0,0,0,2004-04-26 17:00:00
733,6,18.3,35.9,119.0,13.079182578447218,80.17199041314738,1.1600000000000001,0,0.3000000000000007,0.6400000000000002,0.12331404175066635,0,0,0,2004-04-26 18:00:00
734,6,17.8,37.5,111.0,12.93055851300949,80.25669556914343,1.2800000000000011,0,0.5,0.7400000000000005,0.142581860774208,0,0,0,2004-04-26 19:00:00
735,20,17.3,38.8,109.0,12.92228880092609,80.25070284065926,1.0999999999999979,0,0.5,0.6499999999999989,0.12524082365302025,0,0,0,2004-04-26 20:00:00
736,5,17.3,38.8,101.0,12.926640651352834,80.19416674087347,0.5599999999999987,0,0.0,0.27999999999999936,0.05394989326591638,0,0,0,2004-04-26 21:00:00
737,18,16.4,40.8,89.0,12.955801364489746,80.2849559161491,1.0199999999999996,0,0.9000000000000021,0.6900000000000002,0.13294795126243714,0,0,0,2004-04-26 22:00:00
738,2,16.0,41.4,75.0,13.094762758241606,80.19288216285511,0.9599999999999973,0,0.3999999999999986,0.5599999999999984,0.1078997865318327,0,0,0,2004-04-26 23:00:00
739,11,15.4,43.0,51.0,12.998379301073674,80.15396845891742,1.0799999999999965,0,0.5999999999999996,0.6599999999999981,0.12716760555537426,0,0,0,2004-04-27 00:00:00
740,3,15.7,42.5,39.0,12.907828235708916,80.13025044555758,0.46000000000000085,0,0.29999999999999893,0.2900000000000002,0.055876675168270704,0,0,0,2004-04-27 01:00:00
741,6,15.6,43.4,32.0,13.065431850069311,80.13230903384914,0.21999999999999886,0,0.09999999999999964,0.12999999999999937,0.025048164730603967,0,0,0,2004-04-27 02:00:00
742,20,15.5,47.3,68.0,13.028985010294896,80.15897035773109,0.13999999999999702,0,0.09999999999999964,0.08999999999999844,0.017341037121187147,0,0,0,2004-04-27 05:00:00
743,20,14.4,53.1,76.0,12.969141651549464,80.28218520160267,0.9199999999999982,0,1.0999999999999996,0.679999999999999,0.13102116936008276,0,0,0,2004-04-27 06:00:00
744,6,15.9,48.5,122.0,13.049178262864578,80.23021825963684,0.4800000000000022,0,1.5,0.5400000000000011,0.10404622272712491,0,0,0,2004-04-27 07:00:00
745,16,18.1,40.3,129.0,13.050467672031369,80.19706307555083,2.200000000000001,0,2.200000000000001,1.5400000000000007,0.29672441296254093,0,0,0,2004-04-27 08:00:00
746,9,19.6,35.9,94.0,13.034118860451358,80.29626607211227,2.900000000000002,0,1.5,1.750000000000001,0.3371868329119784,0,0,0,2004-04-27 09:00:00
747,20,22.8,29.1,99.0,13.048318771551994,80.1188342814819,4.640000000000001,0,3.1999999999999993,2.96,0.5703274430968316,1,0,1,2004-04-27 10:00:00
748,17,24.8,25.3,81.0,12.957825649394428,80.23009817465461,4.560000000000002,0,2.0,2.680000000000001,0.5163775498309153,1,0,1,2004-04-27 11:00:00
749,16,27.2,22.0,87.0,12.919177359467259,80.25659426867838,4.700000000000003,0,2.3999999999999986,2.830000000000001,0.5452792783662277,1,0,1,2004-04-27 12:00:00
750,9,28.2,20.4,107.0,13.055572976277737,80.19232000680198,3.6799999999999997,0,1.0,2.04,0.3930635080802488,1,0,1,2004-04-27 13:00:00
751,3,25.4,24.2,95.0,12.976031498859857,80.28458686446596,0.28000000000000114,0,2.8000000000000007,0.7000000000000007,0.1348747331647914,0,0,0,2004-04-27 14:00:00
752,13,25.7,23.8,110.0,13.08975581773943,80.1567963981335,0.5599999999999987,0,0.3000000000000007,0.3399999999999995,0.06551058468004138,0,0,0,2004-04-27 15:00:00
753,10,27.2,22.1,99.0,12.917661362453295,80.20365830308037,0.46000000000000085,0,1.5,0.5300000000000005,0.10211944082477062,0,0,0,2004-04-27 16:00:00
754,4,27.0,22.3,113.0,13.055516122939084,80.17859490338239,0.3000000000000007,0,0.1999999999999993,0.19000000000000022,0.0366088561447291,0,0,0,2004-04-27 17:00:00
755,20,24.5,27.8,127.0,12.966227730615259,80.21963943853017,1.4600000000000009,0,2.5,1.2300000000000004,0.23699417398956188,0,0,0,2004-04-27 18:00:00
756,6,23.7,30.2,131.0,12.946157672457534,80.19252648898056,1.9199999999999982,0,0.8000000000000007,1.1199999999999992,0.21579957306366587,0,0,0,2004-04-27 19:00:00
757,15,21.5,34.5,137.0,13.051670396857409,80.24751975957247,3.2799999999999976,0,2.1999999999999993,2.0799999999999987,0.4007706356896652,1,0,1,2004-04-27 20:00:00
758,13,19.9,37.8,122.0,13.075234181312613,80.29868514341632,3.419999999999998,0,1.6000000000000014,2.0299999999999994,0.3911367261778945,1,0,1,2004-04-27 21:00:00
759,8,18.9,40.6,100.0,12.994755691705585,80.23588204116427,2.8000000000000007,0,1.0,1.6000000000000003,0.3082851043766658,0,0,0,2004-04-27 22:00:00
760,10,17.9,43.5,108.0,13.0888424639784,80.20004548576183,2.4800000000000004,0,1.0,1.4400000000000002,0.2774565939389992,0,0,0,2004-04-27 23:00:00
761,12,17.4,46.3,83.0,13.004885065772346,80.11574664512429,1.7199999999999989,0,0.5,0.9599999999999994,0.18497106262599933,0,0,0,2004-04-28 00:00:00
762,7,18.1,44.7,74.0,12.922014224330319,80.2349128932545,0.3399999999999963,0,0.7000000000000028,0.3099999999999987,0.05973023897297874,0,0,0,2004-04-28 01:00:00
763,12,16.5,50.1,64.0,13.068068870836875,80.26271213730192,1.259999999999998,0,1.6000000000000014,0.9499999999999993,0.18304428072364515,0,0,0,2004-04-28 02:00:00
764,11,16.3,52.8,39.0,13.032988325784405,80.22601388712735,0.9399999999999977,0,0.1999999999999993,0.5099999999999987,0.09826587702006195,0,0,0,2004-04-28 05:00:00
765,19,13.9,60.7,69.0,12.928171190714531,80.23684028086059,2.5399999999999974,0,2.4000000000000004,1.7499999999999987,0.3371868329119779,0,0,0,2004-04-28 06:00:00
766,4,15.0,58.3,104.0,12.940317448310152,80.2154493781734,0.9599999999999991,0,1.0999999999999996,0.6999999999999995,0.13487473316479118,0,0,0,2004-04-28 07:00:00
767,8,16.1,54.8,100.0,13.032680015725134,80.24344892846219,0.5400000000000045,0,1.1000000000000014,0.49000000000000254,0.09441231321535437,0,0,0,2004-04-28 08:00:00
768,11,19.3,46.4,146.0,12.904301321472715,80.1273092344526,3.1800000000000033,0,3.1999999999999993,2.2300000000000013,0.4296723642249781,1,0,1,2004-04-28 09:00:00
769,7,24.2,33.8,155.0,13.091473901705942,80.19649094819064,6.5,0,4.899999999999999,4.2299999999999995,0.81502874469581,1,0,1,2004-04-28 10:00:00
770,11,26.7,28.7,139.0,13.079330806829114,80.21490650440214,6.440000000000001,0,2.5,3.7200000000000006,0.7167628676757479,1,0,1,2004-04-28 11:00:00
771,11,27.4,28.2,121.0,13.015361178839926,80.10698798033285,4.66,0,0.6999999999999993,2.4699999999999998,0.47591512988147766,1,0,1,2004-04-28 12:00:00
772,3,28.1,26.9,108.0,12.995050852189006,80.27014093107597,2.9600000000000044,0,0.7000000000000028,1.6200000000000028,0.3121386681813746,0,0,0,2004-04-28 13:00:00
773,4,27.7,26.5,126.0,13.005367594401216,80.13923508854593,0.879999999999999,0,0.40000000000000213,0.5199999999999999,0.10019265892241634,0,0,0,2004-04-28 14:00:00
774,16,28.4,23.4,145.0,12.9565088481887,80.21609302661908,0.740000000000002,0,0.6999999999999993,0.5100000000000009,0.09826587702006238,0,0,0,2004-04-28 15:00:00
775,19,28.4,26.0,121.0,12.920401521001644,80.27894507956545,0.3999999999999986,0,0.0,0.1999999999999993,0.03853563804708308,0,0,0,2004-04-28 16:00:00
776,8,27.3,30.0,145.0,13.042950396924251,80.16162489811124,0.6799999999999997,0,1.0999999999999979,0.5599999999999994,0.1078997865318329,0,0,0,2004-04-28 17:00:00
777,2,24.3,37.3,160.0,13.051043869344635,80.24361511814504,2.919999999999998,0,3.0,2.059999999999999,0.39691707188495695,1,0,1,2004-04-28 18:00:00
778,17,23.1,42.2,155.0,12.902372561721126,80.2585130233651,3.1999999999999993,0,1.1999999999999993,1.8399999999999994,0.3545278700331655,0,0,0,2004-04-28 19:00:00
779,13,21.8,43.6,162.0,13.066095323085479,80.13557414571704,3.179999999999996,0,1.3000000000000007,1.8499999999999983,0.35645465193551945,0,0,0,2004-04-28 20:00:00
780,13,19.8,46.8,129.0,12.91419081727317,80.131143906536,3.460000000000001,0,2.0,2.1300000000000003,0.4104045452014363,1,0,1,2004-04-28 21:00:00
781,3,19.6,49.8,96.0,12.947181823560047,80.2809407716286,2.1199999999999974,0,0.1999999999999993,1.0999999999999985,0.2119460092589574,0,0,0,2004-04-28 22:00:00
782,10,17.9,56.2,92.0,13.043298183357873,80.2682425541963,2.539999999999999,0,1.7000000000000028,1.61,0.3102118862790199,0,0,0,2004-04-28 23:00:00
783,15,17.4,55.6,89.0,13.017710346185163,80.19314998185448,1.9000000000000021,0,0.5,1.0500000000000012,0.2023120997471871,0,0,0,2004-04-29 00:00:00
784,9,16.8,59.5,61.0,13.045190208047993,80.15719167364588,1.4999999999999964,0,0.5999999999999979,0.8699999999999978,0.16763002550481157,0,0,0,2004-04-29 01:00:00
785,9,15.9,60.1,54.0,12.928968670085819,80.26090450660408,1.6199999999999992,0,0.9000000000000004,0.9899999999999997,0.19075140833306187,0,0,0,2004-04-29 02:00:00
786,19,13.3,67.0,57.0,12.963626698250145,80.2070598071549,2.9599999999999973,0,2.5999999999999996,1.9999999999999987,0.3853563804708319,1,0,1,2004-04-29 05:00:00
787,4,12.9,66.5,68.0,12.926066572566732,80.2581242356845,2.3599999999999994,0,0.40000000000000036,1.2599999999999998,0.24277451969662422,0,0,0,2004-04-29 06:00:00
788,17,14.8,61.3,95.0,13.077109316371237,80.25349918723481,0.060000000000002274,0,1.9000000000000004,0.41000000000000125,0.07899805799652083,0,0,0,2004-04-29 07:00:00
789,9,16.1,56.5,125.0,12.93154425850491,80.14392532408495,1.5000000000000018,0,1.3000000000000007,1.0100000000000011,0.19460497213777048,0,0,0,2004-04-29 08:00:00
790,16,18.6,47.8,135.0,13.08692069316381,80.15658543064065,3.4600000000000044,0,2.5,2.230000000000002,0.4296723642249783,1,0,1,2004-04-29 09:00:00
791,14,23.8,30.2,118.0,12.994000695320535,80.1315332179011,6.559999999999999,0,5.199999999999999,4.319999999999999,0.8323697818169974,1,0,1,2004-04-29 10:00:00
792,16,25.4,25.0,91.0,13.092666848918759,80.2313041248129,5.66,0,1.5999999999999979,3.1499999999999995,0.6069362992415606,1,0,1,2004-04-29 11:00:00
793,12,25.6,25.5,89.0,12.943614778697786,80.23964668878475,3.700000000000003,0,0.20000000000000284,1.890000000000002,0.3641617795449368,0,0,0,2004-04-29 12:00:00
794,6,24.9,29.9,129.0,13.099398968516805,80.14800646352388,1.2399999999999984,0,0.7000000000000028,0.7599999999999998,0.14643542457891617,0,0,0,2004-04-29 13:00:00
795,11,22.4,37.9,122.0,13.096203185776014,80.1011594361005,2.0199999999999996,0,2.5,1.5099999999999998,0.2909440672554782,0,0,0,2004-04-29 14:00:00
796,12,21.7,44.0,138.0,13.088117692189703,80.12589865806521,2.3000000000000007,0,0.6999999999999993,1.2900000000000003,0.2485548654036868,0,0,0,2004-04-29 15:00:00
797,1,21.4,44.4,136.0,12.9026011278239,80.16875783804747,1.7999999999999972,0,0.3000000000000007,0.9599999999999987,0.1849710626259992,0,0,0,2004-04-29 16:00:00
798,10,20.8,45.3,143.0,13.066890819997079,80.25404694338837,1.4399999999999977,0,0.5999999999999979,0.8399999999999984,0.1618496797977492,0,0,0,2004-04-29 17:00:00
799,19,20.2,48.6,145.0,12.923684281695861,80.25293223123712,1.0999999999999979,0,0.6000000000000014,0.6699999999999993,0.12909438745772864,0,0,0,2004-04-29 18:00:00
800,9,20.2,50.8,146.0,13.088904311763319,80.29868356845864,0.6600000000000001,0,0.0,0.33000000000000007,0.06358380277768733,0,0,0,2004-04-29 19:00:00
801,4,18.6,57.6,122.0,12.975141124679107,80.15880733962594,1.639999999999997,0,1.5999999999999979,1.1399999999999981,0.21965313686837398,0,0,0,2004-04-29 20:00:00
802,20,18.2,58.8,112.0,12.909774177861689,80.10564760296616,1.3999999999999986,0,0.40000000000000213,0.7799999999999997,0.15028898838362448,0,0,0,2004-04-29 21:00:00
803,9,17.8,61.0,102.0,13.095758000252635,80.18715390726544,1.1999999999999957,0,0.3999999999999986,0.6799999999999976,0.13102116936008248,0,0,0,2004-04-29 22:00:00
804,8,17.0,70.7,97.0,12.903549626957448,80.2710510921734,1.3599999999999959,0,0.8000000000000007,0.8399999999999981,0.16184967979774914,0,0,0,2004-04-29 23:00:00
805,1,16.2,76.9,85.0,13.069064032007171,80.27130319908927,1.3599999999999994,0,0.8000000000000007,0.8399999999999999,0.16184967979774947,0,0,0,2004-04-30 00:00:00
806,18,15.7,78.6,76.0,12.92151523823556,80.1525113293818,1.2799999999999976,0,0.5,0.7399999999999988,0.14258186077420767,0,0,0,2004-04-30 01:00:00
807,3,15.7,78.4,74.0,13.001462185946243,80.28261599292502,0.7799999999999976,0,0.0,0.3899999999999988,0.07514449419181204,0,0,0,2004-04-30 02:00:00
808,19,15.7,74.7,66.0,12.932786286441036,80.23790491165232,0.3599999999999959,0,0.0,0.17999999999999794,0.034682074242374496,0,0,0,2004-04-30 05:00:00
809,10,15.9,73.1,90.0,12.929117707859808,80.14938593710362,0.060000000000002274,0,0.20000000000000107,0.07000000000000135,0.013487473316479386,0,0,0,2004-04-30 06:00:00
810,4,16.6,68.2,111.0,12.997781295973109,80.23286552589455,0.6800000000000033,0,0.7000000000000011,0.48000000000000187,0.09248553131300008,0,0,0,2004-04-30 07:00:00
811,17,18.7,57.6,103.0,13.076258093338845,80.22503504561897,2.1799999999999997,0,2.099999999999998,1.5099999999999993,0.29094406725547817,0,0,0,2004-04-30 08:00:00
812,2,17.6,65.0,117.0,13.062507724387778,80.27822212992572,0.7000000000000028,0,1.0999999999999979,0.570000000000001,0.10982656843418735,0,0,0,2004-04-30 09:00:00
813,15,16.3,73.2,116.0,13.022712073545144,80.23574540484395,0.7199999999999989,0,1.3000000000000007,0.6199999999999997,0.1194604779459579,0,0,0,2004-04-30 10:00:00
814,2,16.0,78.5,109.0,13.08823339588624,80.25738593661836,1.0399999999999991,0,0.3000000000000007,0.5799999999999997,0.11175335033654128,0,0,0,2004-04-30 11:00:00
815,3,17.3,72.4,116.0,13.06843397811634,80.16128083073393,0.120000000000001,0,1.3000000000000007,0.3200000000000007,0.06165702087533328,0,0,0,2004-04-30 12:00:00
816,13,19.4,60.9,115.0,13.085923533741434,80.27088985474457,2.0799999999999983,0,2.099999999999998,1.4599999999999986,0.2813101577437072,0,0,0,2004-04-30 13:00:00
817,5,21.4,50.9,94.0,13.096793584543247,80.21512576345862,3.3200000000000003,0,2.0,2.06,0.3969170718849572,1,0,1,2004-04-30 14:00:00
818,19,22.7,45.8,121.0,12.92834880320319,80.27904997791234,3.3400000000000034,0,1.3000000000000007,1.930000000000002,0.37186890715435345,0,0,0,2004-04-30 15:00:00
819,4,20.9,60.8,114.0,13.044447156536057,80.2181046048636,0.5600000000000023,0,1.8000000000000007,0.6400000000000012,0.12331404175066653,0,0,0,2004-04-30 16:00:00
820,9,21.0,54.3,110.0,13.049972617761108,80.28746780936459,0.0799999999999983,0,0.10000000000000142,0.05999999999999943,0.011560691414124856,0,0,0,2004-04-30 17:00:00
821,3,20.8,54.4,122.0,13.07535178498215,80.15253102156541,0.5599999999999952,0,0.1999999999999993,0.31999999999999745,0.06165702087533266,0,0,0,2004-04-30 18:00:00
822,8,19.8,58.6,135.0,13.015725048463652,80.1076523875238,1.2399999999999984,0,1.0,0.8199999999999992,0.15799611599304103,0,0,0,2004-04-30 19:00:00
823,19,19.1,61.1,133.0,13.072334486628703,80.16128135570962,1.2199999999999989,0,0.6999999999999993,0.7499999999999993,0.14450864267656194,0,0,0,2004-04-30 20:00:00
824,3,18.2,65.4,110.0,12.974418546834409,80.15233839857143,1.5799999999999983,0,0.9000000000000021,0.9699999999999995,0.1868978445283535,0,0,0,2004-04-30 21:00:00
825,2,18.1,66.1,102.0,13.098823738918659,80.14844226666398,1.0999999999999979,0,0.09999999999999787,0.5699999999999985,0.10982656843418688,0,0,0,2004-04-30 22:00:00
826,5,17.7,66.9,108.0,13.069874268787647,80.2387310643709,0.879999999999999,0,0.40000000000000213,0.5199999999999999,0.10019265892241634,0,0,0,2004-04-30 23:00:00
827,13,17.8,66.8,110.0,13.02281463376858,80.1322316696886,0.379999999999999,0,0.10000000000000142,0.2099999999999998,0.04046241994943734,0,0,0,2004-05-01 00:00:00
